TRACE::2026-04-18.11:18:53::SCWPlatform::Trying to open the hw design at C:/Users/kc10b/Vivado/ECE520L/FinalProject/project_1/project_1_vitis/project_1_plat1/hw/design_1_wrapper1.xsa
TRACE::2026-04-18.11:18:53::SCWPlatform::DSA given C:/Users/kc10b/Vivado/ECE520L/FinalProject/project_1/project_1_vitis/project_1_plat1/hw/design_1_wrapper1.xsa
TRACE::2026-04-18.11:18:53::SCWPlatform::DSA absoulate path C:/Users/kc10b/Vivado/ECE520L/FinalProject/project_1/project_1_vitis/project_1_plat1/hw/design_1_wrapper1.xsa
TRACE::2026-04-18.11:18:53::SCWPlatform::DSA directory C:/Users/kc10b/Vivado/ECE520L/FinalProject/project_1/project_1_vitis/project_1_plat1/hw
TRACE::2026-04-18.11:18:53::SCWPlatform:: Platform Path C:/Users/kc10b/Vivado/ECE520L/FinalProject/project_1/project_1_vitis/project_1_plat1/hw/design_1_wrapper1.xsa
TRACE::2026-04-18.11:18:53::SCWPlatform:: Unique name xilinx:zybo-z7-10::0.0
TRACE::2026-04-18.11:18:53::SCWPlatform::Do not have an existing db opened. 
TRACE::2026-04-18.11:18:56::SCWPlatform::Opened new HwDB with name design_1_wrapper_5
TRACE::2026-04-18.11:18:56::SCWWriter::formatted JSON is {
	"platformName":	"project_1_plat1",
	"sprVersion":	"2.0",
	"mode":	"gui",
	"dsaType":	"Fixed",
	"platformDesc":	"project_1_plat1",
	"platHandOff":	"C:/Users/kc10b/Vivado/ECE520L/FinalProject/project_1/design_1_wrapper1.xsa",
	"platIntHandOff":	"<platformDir>/hw/design_1_wrapper1.xsa",
	"deviceType":	"zynq",
	"platIsPrebuiltAutogen":	"false",
	"platIsNoBootBsp":	"false",
	"hasFsblMakeHasChanges":	"false",
	"hasPmufwMakeHasChanges":	"false",
	"platPreBuiltFlag":	false,
	"platformSamplesDir":	""
}
TRACE::2026-04-18.11:18:56::SCWWriter::formatted JSON is {
	"platformName":	"project_1_plat1",
	"sprVersion":	"2.0",
	"mode":	"gui",
	"dsaType":	"Fixed",
	"platformDesc":	"project_1_plat1",
	"platHandOff":	"C:/Users/kc10b/Vivado/ECE520L/FinalProject/project_1/design_1_wrapper1.xsa",
	"platIntHandOff":	"<platformDir>/hw/design_1_wrapper1.xsa",
	"deviceType":	"zynq",
	"platIsPrebuiltAutogen":	"false",
	"platIsNoBootBsp":	"false",
	"hasFsblMakeHasChanges":	"false",
	"hasPmufwMakeHasChanges":	"false",
	"platPreBuiltFlag":	false,
	"platformSamplesDir":	"",
	"platActiveSys":	"project_1_plat1",
	"systems":	[{
			"systemName":	"project_1_plat1",
			"systemDesc":	"project_1_plat1",
			"sysIsBootAutoGen":	"true",
			"systemDispName":	"project_1_plat1"
		}]
}
TRACE::2026-04-18.11:18:56::SCWPlatform::Boot application domains not present, creating them
TRACE::2026-04-18.11:18:56::SCWDomain::checking for install qemu data   : 
TRACE::2026-04-18.11:18:56::SCWDomain:: Using the QEMU Data from install at  : C:/Xilinx/Vitis/2023.1/data/emulation/platforms/zynq/sw/a9_standalone/qemu/
TRACE::2026-04-18.11:18:56::SCWDomain:: Using the QEMU args  from install at  : C:/Xilinx/Vitis/2023.1/data/emulation/platforms/zynq/sw/a9_standalone/qemu/qemu_args.txt
TRACE::2026-04-18.11:18:56::SCWPlatform::Trying to open the hw design at C:/Users/kc10b/Vivado/ECE520L/FinalProject/project_1/project_1_vitis/project_1_plat1/hw/design_1_wrapper1.xsa
TRACE::2026-04-18.11:18:56::SCWPlatform::DSA given C:/Users/kc10b/Vivado/ECE520L/FinalProject/project_1/project_1_vitis/project_1_plat1/hw/design_1_wrapper1.xsa
TRACE::2026-04-18.11:18:56::SCWPlatform::DSA absoulate path C:/Users/kc10b/Vivado/ECE520L/FinalProject/project_1/project_1_vitis/project_1_plat1/hw/design_1_wrapper1.xsa
TRACE::2026-04-18.11:18:56::SCWPlatform::DSA directory C:/Users/kc10b/Vivado/ECE520L/FinalProject/project_1/project_1_vitis/project_1_plat1/hw
TRACE::2026-04-18.11:18:56::SCWPlatform:: Platform Path C:/Users/kc10b/Vivado/ECE520L/FinalProject/project_1/project_1_vitis/project_1_plat1/hw/design_1_wrapper1.xsa
TRACE::2026-04-18.11:18:56::SCWPlatform:: Unique name xilinx:zybo-z7-10::0.0
TRACE::2026-04-18.11:18:56::SCWPlatform::Trying to set the existing hwdb with name design_1_wrapper_5
TRACE::2026-04-18.11:18:56::SCWPlatform::Opened existing hwdb design_1_wrapper_5
TRACE::2026-04-18.11:18:56::SCWPlatform::Found the Hw Db part of the input DSA
TRACE::2026-04-18.11:18:56::SCWPlatform::Trying to open the hw design at C:/Users/kc10b/Vivado/ECE520L/FinalProject/project_1/project_1_vitis/project_1_plat1/hw/design_1_wrapper1.xsa
TRACE::2026-04-18.11:18:56::SCWPlatform::DSA given C:/Users/kc10b/Vivado/ECE520L/FinalProject/project_1/project_1_vitis/project_1_plat1/hw/design_1_wrapper1.xsa
TRACE::2026-04-18.11:18:56::SCWPlatform::DSA absoulate path C:/Users/kc10b/Vivado/ECE520L/FinalProject/project_1/project_1_vitis/project_1_plat1/hw/design_1_wrapper1.xsa
TRACE::2026-04-18.11:18:56::SCWPlatform::DSA directory C:/Users/kc10b/Vivado/ECE520L/FinalProject/project_1/project_1_vitis/project_1_plat1/hw
TRACE::2026-04-18.11:18:56::SCWPlatform:: Platform Path C:/Users/kc10b/Vivado/ECE520L/FinalProject/project_1/project_1_vitis/project_1_plat1/hw/design_1_wrapper1.xsa
TRACE::2026-04-18.11:18:56::SCWPlatform:: Unique name xilinx:zybo-z7-10::0.0
TRACE::2026-04-18.11:18:56::SCWPlatform::Trying to set the existing hwdb with name design_1_wrapper_5
TRACE::2026-04-18.11:18:56::SCWPlatform::Opened existing hwdb design_1_wrapper_5
TRACE::2026-04-18.11:18:56::SCWPlatform::Found the Hw Db part of the input DSA
TRACE::2026-04-18.11:18:56::SCWPlatform::Trying to open the hw design at C:/Users/kc10b/Vivado/ECE520L/FinalProject/project_1/project_1_vitis/project_1_plat1/hw/design_1_wrapper1.xsa
TRACE::2026-04-18.11:18:56::SCWPlatform::DSA given C:/Users/kc10b/Vivado/ECE520L/FinalProject/project_1/project_1_vitis/project_1_plat1/hw/design_1_wrapper1.xsa
TRACE::2026-04-18.11:18:56::SCWPlatform::DSA absoulate path C:/Users/kc10b/Vivado/ECE520L/FinalProject/project_1/project_1_vitis/project_1_plat1/hw/design_1_wrapper1.xsa
TRACE::2026-04-18.11:18:56::SCWPlatform::DSA directory C:/Users/kc10b/Vivado/ECE520L/FinalProject/project_1/project_1_vitis/project_1_plat1/hw
TRACE::2026-04-18.11:18:56::SCWPlatform:: Platform Path C:/Users/kc10b/Vivado/ECE520L/FinalProject/project_1/project_1_vitis/project_1_plat1/hw/design_1_wrapper1.xsa
TRACE::2026-04-18.11:18:56::SCWPlatform:: Unique name xilinx:zybo-z7-10::0.0
TRACE::2026-04-18.11:18:56::SCWPlatform::Trying to set the existing hwdb with name design_1_wrapper_5
TRACE::2026-04-18.11:18:56::SCWPlatform::Opened existing hwdb design_1_wrapper_5
TRACE::2026-04-18.11:18:56::SCWPlatform::Found the Hw Db part of the input DSA
TRACE::2026-04-18.11:18:56::SCWPlatform::Boot application domain added for zynq_fsbl
TRACE::2026-04-18.11:18:56::SCWPlatform::Generating the sources  .
TRACE::2026-04-18.11:18:56::SCWBDomain::Generating boot domain sources.
TRACE::2026-04-18.11:18:56::SCWBDomain:: Generating the zynq_fsbl Application.
TRACE::2026-04-18.11:18:56::SCWPlatform::Trying to open the hw design at C:/Users/kc10b/Vivado/ECE520L/FinalProject/project_1/project_1_vitis/project_1_plat1/hw/design_1_wrapper1.xsa
TRACE::2026-04-18.11:18:56::SCWPlatform::DSA given C:/Users/kc10b/Vivado/ECE520L/FinalProject/project_1/project_1_vitis/project_1_plat1/hw/design_1_wrapper1.xsa
TRACE::2026-04-18.11:18:56::SCWPlatform::DSA absoulate path C:/Users/kc10b/Vivado/ECE520L/FinalProject/project_1/project_1_vitis/project_1_plat1/hw/design_1_wrapper1.xsa
TRACE::2026-04-18.11:18:56::SCWPlatform::DSA directory C:/Users/kc10b/Vivado/ECE520L/FinalProject/project_1/project_1_vitis/project_1_plat1/hw
TRACE::2026-04-18.11:18:56::SCWPlatform:: Platform Path C:/Users/kc10b/Vivado/ECE520L/FinalProject/project_1/project_1_vitis/project_1_plat1/hw/design_1_wrapper1.xsa
TRACE::2026-04-18.11:18:56::SCWPlatform:: Unique name xilinx:zybo-z7-10::0.0
TRACE::2026-04-18.11:18:56::SCWPlatform::Trying to set the existing hwdb with name design_1_wrapper_5
TRACE::2026-04-18.11:18:56::SCWPlatform::Opened existing hwdb design_1_wrapper_5
TRACE::2026-04-18.11:18:56::SCWPlatform::Found the Hw Db part of the input DSA
TRACE::2026-04-18.11:18:56::SCWMssOS::Checking the sw design at  C:/Users/kc10b/Vivado/ECE520L/FinalProject/project_1/project_1_vitis/project_1_plat1/zynq_fsbl/zynq_fsbl_bsp/system.mss
TRACE::2026-04-18.11:18:56::SCWMssOS::DEBUG:  swdes dump  C:/Users/kc10b/Vivado/ECE520L/FinalProject/project_1/project_1_vitis/project_1_plat/ps7_cortexa9_0/standalone_domain/bsp/system.mss|system_0||
C:/Users/kc10b/Vivado/ECE520L/FinalProject/project_1/project_1_vitis/project_1_plat/zynq_fsbl/zynq_fsbl_bsp/system.mss|system||

TRACE::2026-04-18.11:18:56::SCWMssOS::No sw design opened at  C:/Users/kc10b/Vivado/ECE520L/FinalProject/project_1/project_1_vitis/project_1_plat1/zynq_fsbl/zynq_fsbl_bsp/system.mss
TRACE::2026-04-18.11:18:56::SCWMssOS::mss does not exists at C:/Users/kc10b/Vivado/ECE520L/FinalProject/project_1/project_1_vitis/project_1_plat1/zynq_fsbl/zynq_fsbl_bsp/system.mss
TRACE::2026-04-18.11:18:56::SCWMssOS::Creating sw design at  C:/Users/kc10b/Vivado/ECE520L/FinalProject/project_1/project_1_vitis/project_1_plat1/zynq_fsbl/zynq_fsbl_bsp/system.mss
TRACE::2026-04-18.11:18:56::SCWMssOS::Adding the swdes entry, created swdb C:/Users/kc10b/Vivado/ECE520L/FinalProject/project_1/project_1_vitis/project_1_plat1/zynq_fsbl/zynq_fsbl_bsp/system.mss with des name C:/Users/kc10b/Vivado/ECE520L/FinalProject/project_1/project_1_vitis/project_1_plat1/zynq_fsbl/zynq_fsbl_bsp/system.mss
TRACE::2026-04-18.11:18:56::SCWMssOS::updating the scw layer changes to swdes at   C:/Users/kc10b/Vivado/ECE520L/FinalProject/project_1/project_1_vitis/project_1_plat1/zynq_fsbl/zynq_fsbl_bsp/system.mss
TRACE::2026-04-18.11:18:56::SCWMssOS::Writing mss at C:/Users/kc10b/Vivado/ECE520L/FinalProject/project_1/project_1_vitis/project_1_plat1/zynq_fsbl/zynq_fsbl_bsp/system.mss
TRACE::2026-04-18.11:18:56::SCWMssOS::Completed writing the mss file at C:/Users/kc10b/Vivado/ECE520L/FinalProject/project_1/project_1_vitis/project_1_plat1/zynq_fsbl/zynq_fsbl_bsp
TRACE::2026-04-18.11:18:56::SCWMssOS::Picking up changes from newly written mss file into SCW Layer. 
TRACE::2026-04-18.11:18:56::SCWMssOS::Updated the changes from newly written mss file into SCW Layer. 
TRACE::2026-04-18.11:18:56::SCWBDomain::Completed writing the mss file at C:/Users/kc10b/Vivado/ECE520L/FinalProject/project_1/project_1_vitis/project_1_plat1/zynq_fsbl/zynq_fsbl_bsp
TRACE::2026-04-18.11:19:07::SCWPlatform::Generating sources Done.
TRACE::2026-04-18.11:19:07::SCWPlatform::Trying to open the hw design at C:/Users/kc10b/Vivado/ECE520L/FinalProject/project_1/project_1_vitis/project_1_plat1/hw/design_1_wrapper1.xsa
TRACE::2026-04-18.11:19:07::SCWPlatform::DSA given C:/Users/kc10b/Vivado/ECE520L/FinalProject/project_1/project_1_vitis/project_1_plat1/hw/design_1_wrapper1.xsa
TRACE::2026-04-18.11:19:07::SCWPlatform::DSA absoulate path C:/Users/kc10b/Vivado/ECE520L/FinalProject/project_1/project_1_vitis/project_1_plat1/hw/design_1_wrapper1.xsa
TRACE::2026-04-18.11:19:07::SCWPlatform::DSA directory C:/Users/kc10b/Vivado/ECE520L/FinalProject/project_1/project_1_vitis/project_1_plat1/hw
TRACE::2026-04-18.11:19:07::SCWPlatform:: Platform Path C:/Users/kc10b/Vivado/ECE520L/FinalProject/project_1/project_1_vitis/project_1_plat1/hw/design_1_wrapper1.xsa
TRACE::2026-04-18.11:19:07::SCWPlatform:: Unique name xilinx:zybo-z7-10::0.0
TRACE::2026-04-18.11:19:07::SCWPlatform::Trying to set the existing hwdb with name design_1_wrapper_5
TRACE::2026-04-18.11:19:07::SCWPlatform::Opened existing hwdb design_1_wrapper_5
TRACE::2026-04-18.11:19:07::SCWPlatform::Found the Hw Db part of the input DSA
TRACE::2026-04-18.11:19:07::SCWMssOS::Checking the sw design at  C:/Users/kc10b/Vivado/ECE520L/FinalProject/project_1/project_1_vitis/project_1_plat1/zynq_fsbl/zynq_fsbl_bsp/system.mss
TRACE::2026-04-18.11:19:07::SCWMssOS::DEBUG:  swdes dump  C:/Users/kc10b/Vivado/ECE520L/FinalProject/project_1/project_1_vitis/project_1_plat/ps7_cortexa9_0/standalone_domain/bsp/system.mss|system_0||
C:/Users/kc10b/Vivado/ECE520L/FinalProject/project_1/project_1_vitis/project_1_plat/zynq_fsbl/zynq_fsbl_bsp/system.mss|system||

TRACE::2026-04-18.11:19:07::SCWMssOS::No sw design opened at  C:/Users/kc10b/Vivado/ECE520L/FinalProject/project_1/project_1_vitis/project_1_plat1/zynq_fsbl/zynq_fsbl_bsp/system.mss
TRACE::2026-04-18.11:19:07::SCWMssOS::mss exists loading the mss file  C:/Users/kc10b/Vivado/ECE520L/FinalProject/project_1/project_1_vitis/project_1_plat1/zynq_fsbl/zynq_fsbl_bsp/system.mss
TRACE::2026-04-18.11:19:07::SCWMssOS::Opened the sw design from mss  C:/Users/kc10b/Vivado/ECE520L/FinalProject/project_1/project_1_vitis/project_1_plat1/zynq_fsbl/zynq_fsbl_bsp/system.mss
TRACE::2026-04-18.11:19:07::SCWMssOS::Adding the swdes entry C:/Users/kc10b/Vivado/ECE520L/FinalProject/project_1/project_1_vitis/project_1_plat1/zynq_fsbl/zynq_fsbl_bsp/system.mss with des name system_1
TRACE::2026-04-18.11:19:07::SCWMssOS::updating the scw layer about changes
TRACE::2026-04-18.11:19:07::SCWMssOS::Opened the sw design.  C:/Users/kc10b/Vivado/ECE520L/FinalProject/project_1/project_1_vitis/project_1_plat1/zynq_fsbl/zynq_fsbl_bsp/system.mss
TRACE::2026-04-18.11:19:07::SCWMssOS::Saving the mss changes C:/Users/kc10b/Vivado/ECE520L/FinalProject/project_1/project_1_vitis/project_1_plat1/zynq_fsbl/zynq_fsbl_bsp/system.mss
TRACE::2026-04-18.11:19:07::SCWMssOS::Found a swdesign opened with the mssfile.
TRACE::2026-04-18.11:19:07::SCWMssOS::Completed writemss as part of save.
TRACE::2026-04-18.11:19:07::SCWMssOS::Commit changes completed.
TRACE::2026-04-18.11:19:07::SCWPlatform::Trying to open the hw design at C:/Users/kc10b/Vivado/ECE520L/FinalProject/project_1/project_1_vitis/project_1_plat1/hw/design_1_wrapper1.xsa
TRACE::2026-04-18.11:19:07::SCWPlatform::DSA given C:/Users/kc10b/Vivado/ECE520L/FinalProject/project_1/project_1_vitis/project_1_plat1/hw/design_1_wrapper1.xsa
TRACE::2026-04-18.11:19:07::SCWPlatform::DSA absoulate path C:/Users/kc10b/Vivado/ECE520L/FinalProject/project_1/project_1_vitis/project_1_plat1/hw/design_1_wrapper1.xsa
TRACE::2026-04-18.11:19:07::SCWPlatform::DSA directory C:/Users/kc10b/Vivado/ECE520L/FinalProject/project_1/project_1_vitis/project_1_plat1/hw
TRACE::2026-04-18.11:19:07::SCWPlatform:: Platform Path C:/Users/kc10b/Vivado/ECE520L/FinalProject/project_1/project_1_vitis/project_1_plat1/hw/design_1_wrapper1.xsa
TRACE::2026-04-18.11:19:07::SCWPlatform:: Unique name xilinx:zybo-z7-10::0.0
TRACE::2026-04-18.11:19:07::SCWPlatform::Trying to set the existing hwdb with name design_1_wrapper_5
TRACE::2026-04-18.11:19:07::SCWPlatform::Opened existing hwdb design_1_wrapper_5
TRACE::2026-04-18.11:19:07::SCWPlatform::Found the Hw Db part of the input DSA
TRACE::2026-04-18.11:19:07::SCWMssOS::Checking the sw design at  C:/Users/kc10b/Vivado/ECE520L/FinalProject/project_1/project_1_vitis/project_1_plat1/zynq_fsbl/zynq_fsbl_bsp/system.mss
TRACE::2026-04-18.11:19:07::SCWMssOS::DEBUG:  swdes dump  C:/Users/kc10b/Vivado/ECE520L/FinalProject/project_1/project_1_vitis/project_1_plat/ps7_cortexa9_0/standalone_domain/bsp/system.mss|system_0||
C:/Users/kc10b/Vivado/ECE520L/FinalProject/project_1/project_1_vitis/project_1_plat/zynq_fsbl/zynq_fsbl_bsp/system.mss|system||
C:/Users/kc10b/Vivado/ECE520L/FinalProject/project_1/project_1_vitis/project_1_plat1/zynq_fsbl/zynq_fsbl_bsp/system.mss|system_1||

TRACE::2026-04-18.11:19:07::SCWMssOS::Sw design exists and opened at  C:/Users/kc10b/Vivado/ECE520L/FinalProject/project_1/project_1_vitis/project_1_plat1/zynq_fsbl/zynq_fsbl_bsp/system.mss
TRACE::2026-04-18.11:19:07::SCWPlatform::Trying to open the hw design at C:/Users/kc10b/Vivado/ECE520L/FinalProject/project_1/project_1_vitis/project_1_plat1/hw/design_1_wrapper1.xsa
TRACE::2026-04-18.11:19:07::SCWPlatform::DSA given C:/Users/kc10b/Vivado/ECE520L/FinalProject/project_1/project_1_vitis/project_1_plat1/hw/design_1_wrapper1.xsa
TRACE::2026-04-18.11:19:07::SCWPlatform::DSA absoulate path C:/Users/kc10b/Vivado/ECE520L/FinalProject/project_1/project_1_vitis/project_1_plat1/hw/design_1_wrapper1.xsa
TRACE::2026-04-18.11:19:07::SCWPlatform::DSA directory C:/Users/kc10b/Vivado/ECE520L/FinalProject/project_1/project_1_vitis/project_1_plat1/hw
TRACE::2026-04-18.11:19:07::SCWPlatform:: Platform Path C:/Users/kc10b/Vivado/ECE520L/FinalProject/project_1/project_1_vitis/project_1_plat1/hw/design_1_wrapper1.xsa
TRACE::2026-04-18.11:19:07::SCWPlatform:: Unique name xilinx:zybo-z7-10::0.0
TRACE::2026-04-18.11:19:07::SCWPlatform::Trying to set the existing hwdb with name design_1_wrapper_5
TRACE::2026-04-18.11:19:07::SCWPlatform::Opened existing hwdb design_1_wrapper_5
TRACE::2026-04-18.11:19:07::SCWPlatform::Found the Hw Db part of the input DSA
TRACE::2026-04-18.11:19:07::SCWMssOS::Checking the sw design at  C:/Users/kc10b/Vivado/ECE520L/FinalProject/project_1/project_1_vitis/project_1_plat1/zynq_fsbl/zynq_fsbl_bsp/system.mss
TRACE::2026-04-18.11:19:07::SCWMssOS::DEBUG:  swdes dump  C:/Users/kc10b/Vivado/ECE520L/FinalProject/project_1/project_1_vitis/project_1_plat/ps7_cortexa9_0/standalone_domain/bsp/system.mss|system_0||
C:/Users/kc10b/Vivado/ECE520L/FinalProject/project_1/project_1_vitis/project_1_plat/zynq_fsbl/zynq_fsbl_bsp/system.mss|system||
C:/Users/kc10b/Vivado/ECE520L/FinalProject/project_1/project_1_vitis/project_1_plat1/zynq_fsbl/zynq_fsbl_bsp/system.mss|system_1||

TRACE::2026-04-18.11:19:07::SCWMssOS::Sw design exists and opened at  C:/Users/kc10b/Vivado/ECE520L/FinalProject/project_1/project_1_vitis/project_1_plat1/zynq_fsbl/zynq_fsbl_bsp/system.mss
TRACE::2026-04-18.11:19:07::SCWPlatform::Trying to open the hw design at C:/Users/kc10b/Vivado/ECE520L/FinalProject/project_1/project_1_vitis/project_1_plat1/hw/design_1_wrapper1.xsa
TRACE::2026-04-18.11:19:07::SCWPlatform::DSA given C:/Users/kc10b/Vivado/ECE520L/FinalProject/project_1/project_1_vitis/project_1_plat1/hw/design_1_wrapper1.xsa
TRACE::2026-04-18.11:19:07::SCWPlatform::DSA absoulate path C:/Users/kc10b/Vivado/ECE520L/FinalProject/project_1/project_1_vitis/project_1_plat1/hw/design_1_wrapper1.xsa
TRACE::2026-04-18.11:19:07::SCWPlatform::DSA directory C:/Users/kc10b/Vivado/ECE520L/FinalProject/project_1/project_1_vitis/project_1_plat1/hw
TRACE::2026-04-18.11:19:07::SCWPlatform:: Platform Path C:/Users/kc10b/Vivado/ECE520L/FinalProject/project_1/project_1_vitis/project_1_plat1/hw/design_1_wrapper1.xsa
TRACE::2026-04-18.11:19:07::SCWPlatform:: Unique name xilinx:zybo-z7-10::0.0
TRACE::2026-04-18.11:19:07::SCWPlatform::Trying to set the existing hwdb with name design_1_wrapper_5
TRACE::2026-04-18.11:19:07::SCWPlatform::Opened existing hwdb design_1_wrapper_5
TRACE::2026-04-18.11:19:07::SCWPlatform::Found the Hw Db part of the input DSA
TRACE::2026-04-18.11:19:07::SCWMssOS::Checking the sw design at  C:/Users/kc10b/Vivado/ECE520L/FinalProject/project_1/project_1_vitis/project_1_plat1/zynq_fsbl/zynq_fsbl_bsp/system.mss
TRACE::2026-04-18.11:19:07::SCWMssOS::DEBUG:  swdes dump  C:/Users/kc10b/Vivado/ECE520L/FinalProject/project_1/project_1_vitis/project_1_plat/ps7_cortexa9_0/standalone_domain/bsp/system.mss|system_0||
C:/Users/kc10b/Vivado/ECE520L/FinalProject/project_1/project_1_vitis/project_1_plat/zynq_fsbl/zynq_fsbl_bsp/system.mss|system||
C:/Users/kc10b/Vivado/ECE520L/FinalProject/project_1/project_1_vitis/project_1_plat1/zynq_fsbl/zynq_fsbl_bsp/system.mss|system_1||

TRACE::2026-04-18.11:19:07::SCWMssOS::Sw design exists and opened at  C:/Users/kc10b/Vivado/ECE520L/FinalProject/project_1/project_1_vitis/project_1_plat1/zynq_fsbl/zynq_fsbl_bsp/system.mss
TRACE::2026-04-18.11:19:07::SCWWriter::formatted JSON is {
	"platformName":	"project_1_plat1",
	"sprVersion":	"2.0",
	"mode":	"gui",
	"dsaType":	"Fixed",
	"platformDesc":	"project_1_plat1",
	"platHandOff":	"C:/Users/kc10b/Vivado/ECE520L/FinalProject/project_1/design_1_wrapper1.xsa",
	"platIntHandOff":	"<platformDir>/hw/design_1_wrapper1.xsa",
	"deviceType":	"zynq",
	"platIsPrebuiltAutogen":	"false",
	"platIsNoBootBsp":	"false",
	"platFsblTarget":	"ps7_cortexa9_0",
	"hasFsblMakeHasChanges":	"false",
	"hasPmufwMakeHasChanges":	"false",
	"fsblExtraCompilerFlags":	"-MMD -MP       -mcpu=cortex-a9 -mfpu=vfpv3 -mfloat-abi=hard ",
	"platPreBuiltFlag":	false,
	"platformSamplesDir":	"",
	"platActiveSys":	"project_1_plat1",
	"systems":	[{
			"systemName":	"project_1_plat1",
			"systemDesc":	"project_1_plat1",
			"sysIsBootAutoGen":	"true",
			"systemDispName":	"project_1_plat1",
			"sysActiveDom":	"zynq_fsbl",
			"sysDefaultDom":	"",
			"domains":	[{
					"domainName":	"zynq_fsbl",
					"domainDispName":	"zynq_fsbl",
					"domainDesc":	"FSBL Application BSP - Auto Generated.",
					"processors":	"ps7_cortexa9_0",
					"os":	"standalone",
					"sdxOs":	"standalone",
					"debugEnable":	"",
					"domRuntimes":	["cpp"],
					"swRepo":	"",
					"mssOsVer":	"8.1",
					"mssFile":	"",
					"md5Digest":	"1323684c4095fbbc921b32dcc7efd326",
					"compatibleApp":	"zynq_fsbl",
					"domType":	"bootDomain",
					"arch":	"32-bit",
					"appSettings":	{
						"appCompilerFlags":	"",
						"appLinkerFlags":	""
					},
					"addedLibs":	["xilffs:5.0", "xilrsa:1.6"],
					"libOptions":	{
						"libsContainingOptions":	[]
					},
					"prebuiltLibs":	{
						"prebuiltIncPath":	[],
						"prebuiltLibPath":	[]
					},
					"isolation":	{
					}
				}]
		}]
}
TRACE::2026-04-18.11:19:07::SCWPlatform::Trying to open the hw design at C:/Users/kc10b/Vivado/ECE520L/FinalProject/project_1/project_1_vitis/project_1_plat1/hw/design_1_wrapper1.xsa
TRACE::2026-04-18.11:19:07::SCWPlatform::DSA given C:/Users/kc10b/Vivado/ECE520L/FinalProject/project_1/project_1_vitis/project_1_plat1/hw/design_1_wrapper1.xsa
TRACE::2026-04-18.11:19:07::SCWPlatform::DSA absoulate path C:/Users/kc10b/Vivado/ECE520L/FinalProject/project_1/project_1_vitis/project_1_plat1/hw/design_1_wrapper1.xsa
TRACE::2026-04-18.11:19:07::SCWPlatform::DSA directory C:/Users/kc10b/Vivado/ECE520L/FinalProject/project_1/project_1_vitis/project_1_plat1/hw
TRACE::2026-04-18.11:19:07::SCWPlatform:: Platform Path C:/Users/kc10b/Vivado/ECE520L/FinalProject/project_1/project_1_vitis/project_1_plat1/hw/design_1_wrapper1.xsa
TRACE::2026-04-18.11:19:07::SCWPlatform:: Unique name xilinx:zybo-z7-10::0.0
TRACE::2026-04-18.11:19:07::SCWPlatform::Trying to set the existing hwdb with name design_1_wrapper_5
TRACE::2026-04-18.11:19:07::SCWPlatform::Opened existing hwdb design_1_wrapper_5
TRACE::2026-04-18.11:19:07::SCWPlatform::Found the Hw Db part of the input DSA
TRACE::2026-04-18.11:19:07::SCWPlatform::Trying to open the hw design at C:/Users/kc10b/Vivado/ECE520L/FinalProject/project_1/project_1_vitis/project_1_plat1/hw/design_1_wrapper1.xsa
TRACE::2026-04-18.11:19:07::SCWPlatform::DSA given C:/Users/kc10b/Vivado/ECE520L/FinalProject/project_1/project_1_vitis/project_1_plat1/hw/design_1_wrapper1.xsa
TRACE::2026-04-18.11:19:07::SCWPlatform::DSA absoulate path C:/Users/kc10b/Vivado/ECE520L/FinalProject/project_1/project_1_vitis/project_1_plat1/hw/design_1_wrapper1.xsa
TRACE::2026-04-18.11:19:07::SCWPlatform::DSA directory C:/Users/kc10b/Vivado/ECE520L/FinalProject/project_1/project_1_vitis/project_1_plat1/hw
TRACE::2026-04-18.11:19:07::SCWPlatform:: Platform Path C:/Users/kc10b/Vivado/ECE520L/FinalProject/project_1/project_1_vitis/project_1_plat1/hw/design_1_wrapper1.xsa
TRACE::2026-04-18.11:19:07::SCWPlatform:: Unique name xilinx:zybo-z7-10::0.0
TRACE::2026-04-18.11:19:07::SCWPlatform::Trying to set the existing hwdb with name design_1_wrapper_5
TRACE::2026-04-18.11:19:07::SCWPlatform::Opened existing hwdb design_1_wrapper_5
TRACE::2026-04-18.11:19:07::SCWPlatform::Found the Hw Db part of the input DSA
TRACE::2026-04-18.11:19:07::SCWDomain::checking for install qemu data   : 
TRACE::2026-04-18.11:19:07::SCWDomain:: Using the QEMU Data from install at  : C:/Xilinx/Vitis/2023.1/data/emulation/platforms/zynq/sw/a9_standalone/qemu/
TRACE::2026-04-18.11:19:07::SCWDomain:: Using the QEMU args  from install at  : C:/Xilinx/Vitis/2023.1/data/emulation/platforms/zynq/sw/a9_standalone/qemu/qemu_args.txt
TRACE::2026-04-18.11:19:07::SCWPlatform::Trying to open the hw design at C:/Users/kc10b/Vivado/ECE520L/FinalProject/project_1/project_1_vitis/project_1_plat1/hw/design_1_wrapper1.xsa
TRACE::2026-04-18.11:19:07::SCWPlatform::DSA given C:/Users/kc10b/Vivado/ECE520L/FinalProject/project_1/project_1_vitis/project_1_plat1/hw/design_1_wrapper1.xsa
TRACE::2026-04-18.11:19:07::SCWPlatform::DSA absoulate path C:/Users/kc10b/Vivado/ECE520L/FinalProject/project_1/project_1_vitis/project_1_plat1/hw/design_1_wrapper1.xsa
TRACE::2026-04-18.11:19:07::SCWPlatform::DSA directory C:/Users/kc10b/Vivado/ECE520L/FinalProject/project_1/project_1_vitis/project_1_plat1/hw
TRACE::2026-04-18.11:19:07::SCWPlatform:: Platform Path C:/Users/kc10b/Vivado/ECE520L/FinalProject/project_1/project_1_vitis/project_1_plat1/hw/design_1_wrapper1.xsa
TRACE::2026-04-18.11:19:07::SCWPlatform:: Unique name xilinx:zybo-z7-10::0.0
TRACE::2026-04-18.11:19:07::SCWPlatform::Trying to set the existing hwdb with name design_1_wrapper_5
TRACE::2026-04-18.11:19:07::SCWPlatform::Opened existing hwdb design_1_wrapper_5
TRACE::2026-04-18.11:19:07::SCWPlatform::Found the Hw Db part of the input DSA
TRACE::2026-04-18.11:19:07::SCWPlatform::Trying to open the hw design at C:/Users/kc10b/Vivado/ECE520L/FinalProject/project_1/project_1_vitis/project_1_plat1/hw/design_1_wrapper1.xsa
TRACE::2026-04-18.11:19:07::SCWPlatform::DSA given C:/Users/kc10b/Vivado/ECE520L/FinalProject/project_1/project_1_vitis/project_1_plat1/hw/design_1_wrapper1.xsa
TRACE::2026-04-18.11:19:07::SCWPlatform::DSA absoulate path C:/Users/kc10b/Vivado/ECE520L/FinalProject/project_1/project_1_vitis/project_1_plat1/hw/design_1_wrapper1.xsa
TRACE::2026-04-18.11:19:07::SCWPlatform::DSA directory C:/Users/kc10b/Vivado/ECE520L/FinalProject/project_1/project_1_vitis/project_1_plat1/hw
TRACE::2026-04-18.11:19:07::SCWPlatform:: Platform Path C:/Users/kc10b/Vivado/ECE520L/FinalProject/project_1/project_1_vitis/project_1_plat1/hw/design_1_wrapper1.xsa
TRACE::2026-04-18.11:19:07::SCWPlatform:: Unique name xilinx:zybo-z7-10::0.0
TRACE::2026-04-18.11:19:07::SCWPlatform::Trying to set the existing hwdb with name design_1_wrapper_5
TRACE::2026-04-18.11:19:07::SCWPlatform::Opened existing hwdb design_1_wrapper_5
TRACE::2026-04-18.11:19:07::SCWPlatform::Found the Hw Db part of the input DSA
TRACE::2026-04-18.11:19:07::SCWDomain::Qemu Directory name is changed from "" to "qemu"
TRACE::2026-04-18.11:19:07::SCWPlatform::Trying to open the hw design at C:/Users/kc10b/Vivado/ECE520L/FinalProject/project_1/project_1_vitis/project_1_plat1/hw/design_1_wrapper1.xsa
TRACE::2026-04-18.11:19:07::SCWPlatform::DSA given C:/Users/kc10b/Vivado/ECE520L/FinalProject/project_1/project_1_vitis/project_1_plat1/hw/design_1_wrapper1.xsa
TRACE::2026-04-18.11:19:07::SCWPlatform::DSA absoulate path C:/Users/kc10b/Vivado/ECE520L/FinalProject/project_1/project_1_vitis/project_1_plat1/hw/design_1_wrapper1.xsa
TRACE::2026-04-18.11:19:07::SCWPlatform::DSA directory C:/Users/kc10b/Vivado/ECE520L/FinalProject/project_1/project_1_vitis/project_1_plat1/hw
TRACE::2026-04-18.11:19:07::SCWPlatform:: Platform Path C:/Users/kc10b/Vivado/ECE520L/FinalProject/project_1/project_1_vitis/project_1_plat1/hw/design_1_wrapper1.xsa
TRACE::2026-04-18.11:19:07::SCWPlatform:: Unique name xilinx:zybo-z7-10::0.0
TRACE::2026-04-18.11:19:07::SCWPlatform::Trying to set the existing hwdb with name design_1_wrapper_5
TRACE::2026-04-18.11:19:07::SCWPlatform::Opened existing hwdb design_1_wrapper_5
TRACE::2026-04-18.11:19:07::SCWPlatform::Found the Hw Db part of the input DSA
TRACE::2026-04-18.11:19:07::SCWMssOS::Checking the sw design at  C:/Users/kc10b/Vivado/ECE520L/FinalProject/project_1/project_1_vitis/project_1_plat1/ps7_cortexa9_0/standalone_domain/bsp/system.mss
TRACE::2026-04-18.11:19:07::SCWMssOS::DEBUG:  swdes dump  C:/Users/kc10b/Vivado/ECE520L/FinalProject/project_1/project_1_vitis/project_1_plat/ps7_cortexa9_0/standalone_domain/bsp/system.mss|system_0||
C:/Users/kc10b/Vivado/ECE520L/FinalProject/project_1/project_1_vitis/project_1_plat/zynq_fsbl/zynq_fsbl_bsp/system.mss|system||
C:/Users/kc10b/Vivado/ECE520L/FinalProject/project_1/project_1_vitis/project_1_plat1/zynq_fsbl/zynq_fsbl_bsp/system.mss|system_1||

TRACE::2026-04-18.11:19:07::SCWMssOS::No sw design opened at  C:/Users/kc10b/Vivado/ECE520L/FinalProject/project_1/project_1_vitis/project_1_plat1/ps7_cortexa9_0/standalone_domain/bsp/system.mss
TRACE::2026-04-18.11:19:07::SCWMssOS::mss does not exists at C:/Users/kc10b/Vivado/ECE520L/FinalProject/project_1/project_1_vitis/project_1_plat1/ps7_cortexa9_0/standalone_domain/bsp/system.mss
TRACE::2026-04-18.11:19:07::SCWMssOS::Creating sw design at  C:/Users/kc10b/Vivado/ECE520L/FinalProject/project_1/project_1_vitis/project_1_plat1/ps7_cortexa9_0/standalone_domain/bsp/system.mss
TRACE::2026-04-18.11:19:07::SCWMssOS::Adding the swdes entry, created swdb C:/Users/kc10b/Vivado/ECE520L/FinalProject/project_1/project_1_vitis/project_1_plat1/ps7_cortexa9_0/standalone_domain/bsp/system.mss with des name C:/Users/kc10b/Vivado/ECE520L/FinalProject/project_1/project_1_vitis/project_1_plat1/ps7_cortexa9_0/standalone_domain/bsp/system.mss
TRACE::2026-04-18.11:19:07::SCWMssOS::updating the scw layer changes to swdes at   C:/Users/kc10b/Vivado/ECE520L/FinalProject/project_1/project_1_vitis/project_1_plat1/ps7_cortexa9_0/standalone_domain/bsp/system.mss
TRACE::2026-04-18.11:19:07::SCWMssOS::Writing mss at C:/Users/kc10b/Vivado/ECE520L/FinalProject/project_1/project_1_vitis/project_1_plat1/ps7_cortexa9_0/standalone_domain/bsp/system.mss
TRACE::2026-04-18.11:19:07::SCWMssOS::Completed writing the mss file at C:/Users/kc10b/Vivado/ECE520L/FinalProject/project_1/project_1_vitis/project_1_plat1/ps7_cortexa9_0/standalone_domain/bsp
TRACE::2026-04-18.11:19:07::SCWMssOS::Picking up changes from newly written mss file into SCW Layer. 
TRACE::2026-04-18.11:19:07::SCWMssOS::Updated the changes from newly written mss file into SCW Layer. 
TRACE::2026-04-18.11:19:07::SCWMssOS::Completed writing the mss file at C:/Users/kc10b/Vivado/ECE520L/FinalProject/project_1/project_1_vitis/project_1_plat1/ps7_cortexa9_0/standalone_domain/bsp
TRACE::2026-04-18.11:19:07::SCWMssOS::Forcing BSP Sources regeneration.
TRACE::2026-04-18.11:19:08::SCWMssOS::Saving the mss changes C:/Users/kc10b/Vivado/ECE520L/FinalProject/project_1/project_1_vitis/project_1_plat1/zynq_fsbl/zynq_fsbl_bsp/system.mss
TRACE::2026-04-18.11:19:08::SCWMssOS::Found a swdesign opened with the mssfile.
TRACE::2026-04-18.11:19:08::SCWMssOS::Completed writemss as part of save.
TRACE::2026-04-18.11:19:08::SCWMssOS::Commit changes completed.
TRACE::2026-04-18.11:19:08::SCWMssOS::Saving the mss changes C:/Users/kc10b/Vivado/ECE520L/FinalProject/project_1/project_1_vitis/project_1_plat1/ps7_cortexa9_0/standalone_domain/bsp/system.mss
TRACE::2026-04-18.11:19:08::SCWMssOS::Adding the swdes entry, mss present, able to open swdb C:/Users/kc10b/Vivado/ECE520L/FinalProject/project_1/project_1_vitis/project_1_plat1/ps7_cortexa9_0/standalone_domain/bsp/system.mss with des name system_2
TRACE::2026-04-18.11:19:08::SCWMssOS::Writing the mss file completed C:/Users/kc10b/Vivado/ECE520L/FinalProject/project_1/project_1_vitis/project_1_plat1/ps7_cortexa9_0/standalone_domain/bsp/system.mss
TRACE::2026-04-18.11:19:08::SCWMssOS::Commit changes completed.
TRACE::2026-04-18.11:19:08::SCWPlatform::Trying to open the hw design at C:/Users/kc10b/Vivado/ECE520L/FinalProject/project_1/project_1_vitis/project_1_plat1/hw/design_1_wrapper1.xsa
TRACE::2026-04-18.11:19:08::SCWPlatform::DSA given C:/Users/kc10b/Vivado/ECE520L/FinalProject/project_1/project_1_vitis/project_1_plat1/hw/design_1_wrapper1.xsa
TRACE::2026-04-18.11:19:08::SCWPlatform::DSA absoulate path C:/Users/kc10b/Vivado/ECE520L/FinalProject/project_1/project_1_vitis/project_1_plat1/hw/design_1_wrapper1.xsa
TRACE::2026-04-18.11:19:08::SCWPlatform::DSA directory C:/Users/kc10b/Vivado/ECE520L/FinalProject/project_1/project_1_vitis/project_1_plat1/hw
TRACE::2026-04-18.11:19:09::SCWPlatform:: Platform Path C:/Users/kc10b/Vivado/ECE520L/FinalProject/project_1/project_1_vitis/project_1_plat1/hw/design_1_wrapper1.xsa
TRACE::2026-04-18.11:19:09::SCWPlatform:: Unique name xilinx:zybo-z7-10::0.0
TRACE::2026-04-18.11:19:09::SCWPlatform::Trying to set the existing hwdb with name design_1_wrapper_5
TRACE::2026-04-18.11:19:09::SCWPlatform::Opened existing hwdb design_1_wrapper_5
TRACE::2026-04-18.11:19:09::SCWPlatform::Found the Hw Db part of the input DSA
TRACE::2026-04-18.11:19:09::SCWMssOS::Checking the sw design at  C:/Users/kc10b/Vivado/ECE520L/FinalProject/project_1/project_1_vitis/project_1_plat1/zynq_fsbl/zynq_fsbl_bsp/system.mss
TRACE::2026-04-18.11:19:09::SCWMssOS::DEBUG:  swdes dump  C:/Users/kc10b/Vivado/ECE520L/FinalProject/project_1/project_1_vitis/project_1_plat/ps7_cortexa9_0/standalone_domain/bsp/system.mss|system_0||
C:/Users/kc10b/Vivado/ECE520L/FinalProject/project_1/project_1_vitis/project_1_plat/zynq_fsbl/zynq_fsbl_bsp/system.mss|system||
C:/Users/kc10b/Vivado/ECE520L/FinalProject/project_1/project_1_vitis/project_1_plat1/ps7_cortexa9_0/standalone_domain/bsp/system.mss|system_2||
C:/Users/kc10b/Vivado/ECE520L/FinalProject/project_1/project_1_vitis/project_1_plat1/zynq_fsbl/zynq_fsbl_bsp/system.mss|system_1||

TRACE::2026-04-18.11:19:09::SCWMssOS::Sw design exists and opened at  C:/Users/kc10b/Vivado/ECE520L/FinalProject/project_1/project_1_vitis/project_1_plat1/zynq_fsbl/zynq_fsbl_bsp/system.mss
TRACE::2026-04-18.11:19:09::SCWPlatform::Trying to open the hw design at C:/Users/kc10b/Vivado/ECE520L/FinalProject/project_1/project_1_vitis/project_1_plat1/hw/design_1_wrapper1.xsa
TRACE::2026-04-18.11:19:09::SCWPlatform::DSA given C:/Users/kc10b/Vivado/ECE520L/FinalProject/project_1/project_1_vitis/project_1_plat1/hw/design_1_wrapper1.xsa
TRACE::2026-04-18.11:19:09::SCWPlatform::DSA absoulate path C:/Users/kc10b/Vivado/ECE520L/FinalProject/project_1/project_1_vitis/project_1_plat1/hw/design_1_wrapper1.xsa
TRACE::2026-04-18.11:19:09::SCWPlatform::DSA directory C:/Users/kc10b/Vivado/ECE520L/FinalProject/project_1/project_1_vitis/project_1_plat1/hw
TRACE::2026-04-18.11:19:09::SCWPlatform:: Platform Path C:/Users/kc10b/Vivado/ECE520L/FinalProject/project_1/project_1_vitis/project_1_plat1/hw/design_1_wrapper1.xsa
TRACE::2026-04-18.11:19:09::SCWPlatform:: Unique name xilinx:zybo-z7-10::0.0
TRACE::2026-04-18.11:19:09::SCWPlatform::Trying to set the existing hwdb with name design_1_wrapper_5
TRACE::2026-04-18.11:19:09::SCWPlatform::Opened existing hwdb design_1_wrapper_5
TRACE::2026-04-18.11:19:09::SCWPlatform::Found the Hw Db part of the input DSA
TRACE::2026-04-18.11:19:09::SCWMssOS::Checking the sw design at  C:/Users/kc10b/Vivado/ECE520L/FinalProject/project_1/project_1_vitis/project_1_plat1/zynq_fsbl/zynq_fsbl_bsp/system.mss
TRACE::2026-04-18.11:19:09::SCWMssOS::DEBUG:  swdes dump  C:/Users/kc10b/Vivado/ECE520L/FinalProject/project_1/project_1_vitis/project_1_plat/ps7_cortexa9_0/standalone_domain/bsp/system.mss|system_0||
C:/Users/kc10b/Vivado/ECE520L/FinalProject/project_1/project_1_vitis/project_1_plat/zynq_fsbl/zynq_fsbl_bsp/system.mss|system||
C:/Users/kc10b/Vivado/ECE520L/FinalProject/project_1/project_1_vitis/project_1_plat1/ps7_cortexa9_0/standalone_domain/bsp/system.mss|system_2||
C:/Users/kc10b/Vivado/ECE520L/FinalProject/project_1/project_1_vitis/project_1_plat1/zynq_fsbl/zynq_fsbl_bsp/system.mss|system_1||

TRACE::2026-04-18.11:19:09::SCWMssOS::Sw design exists and opened at  C:/Users/kc10b/Vivado/ECE520L/FinalProject/project_1/project_1_vitis/project_1_plat1/zynq_fsbl/zynq_fsbl_bsp/system.mss
TRACE::2026-04-18.11:19:09::SCWPlatform::Trying to open the hw design at C:/Users/kc10b/Vivado/ECE520L/FinalProject/project_1/project_1_vitis/project_1_plat1/hw/design_1_wrapper1.xsa
TRACE::2026-04-18.11:19:09::SCWPlatform::DSA given C:/Users/kc10b/Vivado/ECE520L/FinalProject/project_1/project_1_vitis/project_1_plat1/hw/design_1_wrapper1.xsa
TRACE::2026-04-18.11:19:09::SCWPlatform::DSA absoulate path C:/Users/kc10b/Vivado/ECE520L/FinalProject/project_1/project_1_vitis/project_1_plat1/hw/design_1_wrapper1.xsa
TRACE::2026-04-18.11:19:09::SCWPlatform::DSA directory C:/Users/kc10b/Vivado/ECE520L/FinalProject/project_1/project_1_vitis/project_1_plat1/hw
TRACE::2026-04-18.11:19:09::SCWPlatform:: Platform Path C:/Users/kc10b/Vivado/ECE520L/FinalProject/project_1/project_1_vitis/project_1_plat1/hw/design_1_wrapper1.xsa
TRACE::2026-04-18.11:19:09::SCWPlatform:: Unique name xilinx:zybo-z7-10::0.0
TRACE::2026-04-18.11:19:09::SCWPlatform::Trying to set the existing hwdb with name design_1_wrapper_5
TRACE::2026-04-18.11:19:09::SCWPlatform::Opened existing hwdb design_1_wrapper_5
TRACE::2026-04-18.11:19:09::SCWPlatform::Found the Hw Db part of the input DSA
TRACE::2026-04-18.11:19:09::SCWMssOS::Checking the sw design at  C:/Users/kc10b/Vivado/ECE520L/FinalProject/project_1/project_1_vitis/project_1_plat1/zynq_fsbl/zynq_fsbl_bsp/system.mss
TRACE::2026-04-18.11:19:09::SCWMssOS::DEBUG:  swdes dump  C:/Users/kc10b/Vivado/ECE520L/FinalProject/project_1/project_1_vitis/project_1_plat/ps7_cortexa9_0/standalone_domain/bsp/system.mss|system_0||
C:/Users/kc10b/Vivado/ECE520L/FinalProject/project_1/project_1_vitis/project_1_plat/zynq_fsbl/zynq_fsbl_bsp/system.mss|system||
C:/Users/kc10b/Vivado/ECE520L/FinalProject/project_1/project_1_vitis/project_1_plat1/ps7_cortexa9_0/standalone_domain/bsp/system.mss|system_2||
C:/Users/kc10b/Vivado/ECE520L/FinalProject/project_1/project_1_vitis/project_1_plat1/zynq_fsbl/zynq_fsbl_bsp/system.mss|system_1||

TRACE::2026-04-18.11:19:09::SCWMssOS::Sw design exists and opened at  C:/Users/kc10b/Vivado/ECE520L/FinalProject/project_1/project_1_vitis/project_1_plat1/zynq_fsbl/zynq_fsbl_bsp/system.mss
TRACE::2026-04-18.11:19:09::SCWPlatform::Trying to open the hw design at C:/Users/kc10b/Vivado/ECE520L/FinalProject/project_1/project_1_vitis/project_1_plat1/hw/design_1_wrapper1.xsa
TRACE::2026-04-18.11:19:09::SCWPlatform::DSA given C:/Users/kc10b/Vivado/ECE520L/FinalProject/project_1/project_1_vitis/project_1_plat1/hw/design_1_wrapper1.xsa
TRACE::2026-04-18.11:19:09::SCWPlatform::DSA absoulate path C:/Users/kc10b/Vivado/ECE520L/FinalProject/project_1/project_1_vitis/project_1_plat1/hw/design_1_wrapper1.xsa
TRACE::2026-04-18.11:19:09::SCWPlatform::DSA directory C:/Users/kc10b/Vivado/ECE520L/FinalProject/project_1/project_1_vitis/project_1_plat1/hw
TRACE::2026-04-18.11:19:09::SCWPlatform:: Platform Path C:/Users/kc10b/Vivado/ECE520L/FinalProject/project_1/project_1_vitis/project_1_plat1/hw/design_1_wrapper1.xsa
TRACE::2026-04-18.11:19:09::SCWPlatform:: Unique name xilinx:zybo-z7-10::0.0
TRACE::2026-04-18.11:19:09::SCWPlatform::Trying to set the existing hwdb with name design_1_wrapper_5
TRACE::2026-04-18.11:19:09::SCWPlatform::Opened existing hwdb design_1_wrapper_5
TRACE::2026-04-18.11:19:09::SCWPlatform::Found the Hw Db part of the input DSA
TRACE::2026-04-18.11:19:09::SCWMssOS::Checking the sw design at  C:/Users/kc10b/Vivado/ECE520L/FinalProject/project_1/project_1_vitis/project_1_plat1/ps7_cortexa9_0/standalone_domain/bsp/system.mss
TRACE::2026-04-18.11:19:09::SCWMssOS::DEBUG:  swdes dump  C:/Users/kc10b/Vivado/ECE520L/FinalProject/project_1/project_1_vitis/project_1_plat/ps7_cortexa9_0/standalone_domain/bsp/system.mss|system_0||
C:/Users/kc10b/Vivado/ECE520L/FinalProject/project_1/project_1_vitis/project_1_plat/zynq_fsbl/zynq_fsbl_bsp/system.mss|system||
C:/Users/kc10b/Vivado/ECE520L/FinalProject/project_1/project_1_vitis/project_1_plat1/ps7_cortexa9_0/standalone_domain/bsp/system.mss|system_2||
C:/Users/kc10b/Vivado/ECE520L/FinalProject/project_1/project_1_vitis/project_1_plat1/zynq_fsbl/zynq_fsbl_bsp/system.mss|system_1||

TRACE::2026-04-18.11:19:09::SCWMssOS::Sw design exists and opened at  C:/Users/kc10b/Vivado/ECE520L/FinalProject/project_1/project_1_vitis/project_1_plat1/ps7_cortexa9_0/standalone_domain/bsp/system.mss
TRACE::2026-04-18.11:19:09::SCWPlatform::Trying to open the hw design at C:/Users/kc10b/Vivado/ECE520L/FinalProject/project_1/project_1_vitis/project_1_plat1/hw/design_1_wrapper1.xsa
TRACE::2026-04-18.11:19:09::SCWPlatform::DSA given C:/Users/kc10b/Vivado/ECE520L/FinalProject/project_1/project_1_vitis/project_1_plat1/hw/design_1_wrapper1.xsa
TRACE::2026-04-18.11:19:09::SCWPlatform::DSA absoulate path C:/Users/kc10b/Vivado/ECE520L/FinalProject/project_1/project_1_vitis/project_1_plat1/hw/design_1_wrapper1.xsa
TRACE::2026-04-18.11:19:09::SCWPlatform::DSA directory C:/Users/kc10b/Vivado/ECE520L/FinalProject/project_1/project_1_vitis/project_1_plat1/hw
TRACE::2026-04-18.11:19:09::SCWPlatform:: Platform Path C:/Users/kc10b/Vivado/ECE520L/FinalProject/project_1/project_1_vitis/project_1_plat1/hw/design_1_wrapper1.xsa
TRACE::2026-04-18.11:19:09::SCWPlatform:: Unique name xilinx:zybo-z7-10::0.0
TRACE::2026-04-18.11:19:09::SCWPlatform::Trying to set the existing hwdb with name design_1_wrapper_5
TRACE::2026-04-18.11:19:09::SCWPlatform::Opened existing hwdb design_1_wrapper_5
TRACE::2026-04-18.11:19:09::SCWPlatform::Found the Hw Db part of the input DSA
TRACE::2026-04-18.11:19:09::SCWMssOS::Checking the sw design at  C:/Users/kc10b/Vivado/ECE520L/FinalProject/project_1/project_1_vitis/project_1_plat1/ps7_cortexa9_0/standalone_domain/bsp/system.mss
TRACE::2026-04-18.11:19:09::SCWMssOS::DEBUG:  swdes dump  C:/Users/kc10b/Vivado/ECE520L/FinalProject/project_1/project_1_vitis/project_1_plat/ps7_cortexa9_0/standalone_domain/bsp/system.mss|system_0||
C:/Users/kc10b/Vivado/ECE520L/FinalProject/project_1/project_1_vitis/project_1_plat/zynq_fsbl/zynq_fsbl_bsp/system.mss|system||
C:/Users/kc10b/Vivado/ECE520L/FinalProject/project_1/project_1_vitis/project_1_plat1/ps7_cortexa9_0/standalone_domain/bsp/system.mss|system_2||
C:/Users/kc10b/Vivado/ECE520L/FinalProject/project_1/project_1_vitis/project_1_plat1/zynq_fsbl/zynq_fsbl_bsp/system.mss|system_1||

TRACE::2026-04-18.11:19:09::SCWMssOS::Sw design exists and opened at  C:/Users/kc10b/Vivado/ECE520L/FinalProject/project_1/project_1_vitis/project_1_plat1/ps7_cortexa9_0/standalone_domain/bsp/system.mss
TRACE::2026-04-18.11:19:09::SCWPlatform::Trying to open the hw design at C:/Users/kc10b/Vivado/ECE520L/FinalProject/project_1/project_1_vitis/project_1_plat1/hw/design_1_wrapper1.xsa
TRACE::2026-04-18.11:19:09::SCWPlatform::DSA given C:/Users/kc10b/Vivado/ECE520L/FinalProject/project_1/project_1_vitis/project_1_plat1/hw/design_1_wrapper1.xsa
TRACE::2026-04-18.11:19:09::SCWPlatform::DSA absoulate path C:/Users/kc10b/Vivado/ECE520L/FinalProject/project_1/project_1_vitis/project_1_plat1/hw/design_1_wrapper1.xsa
TRACE::2026-04-18.11:19:09::SCWPlatform::DSA directory C:/Users/kc10b/Vivado/ECE520L/FinalProject/project_1/project_1_vitis/project_1_plat1/hw
TRACE::2026-04-18.11:19:09::SCWPlatform:: Platform Path C:/Users/kc10b/Vivado/ECE520L/FinalProject/project_1/project_1_vitis/project_1_plat1/hw/design_1_wrapper1.xsa
TRACE::2026-04-18.11:19:09::SCWPlatform:: Unique name xilinx:zybo-z7-10::0.0
TRACE::2026-04-18.11:19:09::SCWPlatform::Trying to set the existing hwdb with name design_1_wrapper_5
TRACE::2026-04-18.11:19:09::SCWPlatform::Opened existing hwdb design_1_wrapper_5
TRACE::2026-04-18.11:19:09::SCWPlatform::Found the Hw Db part of the input DSA
TRACE::2026-04-18.11:19:09::SCWMssOS::Checking the sw design at  C:/Users/kc10b/Vivado/ECE520L/FinalProject/project_1/project_1_vitis/project_1_plat1/ps7_cortexa9_0/standalone_domain/bsp/system.mss
TRACE::2026-04-18.11:19:09::SCWMssOS::DEBUG:  swdes dump  C:/Users/kc10b/Vivado/ECE520L/FinalProject/project_1/project_1_vitis/project_1_plat/ps7_cortexa9_0/standalone_domain/bsp/system.mss|system_0||
C:/Users/kc10b/Vivado/ECE520L/FinalProject/project_1/project_1_vitis/project_1_plat/zynq_fsbl/zynq_fsbl_bsp/system.mss|system||
C:/Users/kc10b/Vivado/ECE520L/FinalProject/project_1/project_1_vitis/project_1_plat1/ps7_cortexa9_0/standalone_domain/bsp/system.mss|system_2||
C:/Users/kc10b/Vivado/ECE520L/FinalProject/project_1/project_1_vitis/project_1_plat1/zynq_fsbl/zynq_fsbl_bsp/system.mss|system_1||

TRACE::2026-04-18.11:19:09::SCWMssOS::Sw design exists and opened at  C:/Users/kc10b/Vivado/ECE520L/FinalProject/project_1/project_1_vitis/project_1_plat1/ps7_cortexa9_0/standalone_domain/bsp/system.mss
TRACE::2026-04-18.11:19:09::SCWWriter::formatted JSON is {
	"platformName":	"project_1_plat1",
	"sprVersion":	"2.0",
	"mode":	"gui",
	"dsaType":	"Fixed",
	"platformDesc":	"project_1_plat1",
	"platHandOff":	"C:/Users/kc10b/Vivado/ECE520L/FinalProject/project_1/design_1_wrapper1.xsa",
	"platIntHandOff":	"<platformDir>/hw/design_1_wrapper1.xsa",
	"deviceType":	"zynq",
	"platIsPrebuiltAutogen":	"false",
	"platIsNoBootBsp":	"false",
	"platFsblTarget":	"ps7_cortexa9_0",
	"hasFsblMakeHasChanges":	"false",
	"hasPmufwMakeHasChanges":	"false",
	"fsblExtraCompilerFlags":	"-MMD -MP       -mcpu=cortex-a9 -mfpu=vfpv3 -mfloat-abi=hard ",
	"platPreBuiltFlag":	false,
	"platformSamplesDir":	"",
	"platActiveSys":	"project_1_plat1",
	"systems":	[{
			"systemName":	"project_1_plat1",
			"systemDesc":	"project_1_plat1",
			"sysIsBootAutoGen":	"true",
			"systemDispName":	"project_1_plat1",
			"sysActiveDom":	"standalone_domain",
			"sysDefaultDom":	"standalone_domain",
			"domains":	[{
					"domainName":	"zynq_fsbl",
					"domainDispName":	"zynq_fsbl",
					"domainDesc":	"FSBL Application BSP - Auto Generated.",
					"processors":	"ps7_cortexa9_0",
					"os":	"standalone",
					"sdxOs":	"standalone",
					"debugEnable":	"",
					"domRuntimes":	["cpp"],
					"swRepo":	"",
					"mssOsVer":	"8.1",
					"mssFile":	"",
					"md5Digest":	"1323684c4095fbbc921b32dcc7efd326",
					"compatibleApp":	"zynq_fsbl",
					"domType":	"bootDomain",
					"arch":	"32-bit",
					"appSettings":	{
						"appCompilerFlags":	"",
						"appLinkerFlags":	""
					},
					"addedLibs":	["xilffs:5.0", "xilrsa:1.6"],
					"libOptions":	{
						"libsContainingOptions":	[]
					},
					"prebuiltLibs":	{
						"prebuiltIncPath":	[],
						"prebuiltLibPath":	[]
					},
					"isolation":	{
					}
				}, {
					"domainName":	"standalone_domain",
					"domainDispName":	"standalone_domain",
					"domainDesc":	"standalone_domain",
					"processors":	"ps7_cortexa9_0",
					"os":	"standalone",
					"sdxOs":	"standalone",
					"qemuArgs":	"<platformDir>/resources/project_1_plat1/standalone_domain/qemu_args.txt",
					"qemuData":	"<platformDir>/resources/project_1_plat1/standalone_domain/qemu",
					"debugEnable":	"False",
					"domRuntimes":	["cpp"],
					"swRepo":	"",
					"mssOsVer":	"8.1",
					"mssFile":	"",
					"md5Digest":	"fe2128fe8c5b487e39e1c2948b2870c6",
					"compatibleApp":	"",
					"domType":	"mssDomain",
					"appSettings":	{
						"appCompilerFlags":	"",
						"appLinkerFlags":	""
					},
					"addedLibs":	[],
					"libOptions":	{
						"libsContainingOptions":	[]
					},
					"prebuiltLibs":	{
						"prebuiltIncPath":	[],
						"prebuiltLibPath":	[]
					},
					"isolation":	{
					}
				}]
		}]
}
LOG::2026-04-18.11:19:09::SCWPlatform::Started generating the artifacts platform project_1_plat1
TRACE::2026-04-18.11:19:09::SCWPlatform::Sanity checking of platform is completed
LOG::2026-04-18.11:19:09::SCWPlatform::Started generating the artifacts for system configuration project_1_plat1
LOG::2026-04-18.11:19:09::SCWSystem::Checking the domain zynq_fsbl
LOG::2026-04-18.11:19:09::SCWSystem::Doing application build for :  zynq_fsbl
TRACE::2026-04-18.11:19:09::SCWBDomain::Not a forced makefile updation, No changes are present. 
TRACE::2026-04-18.11:19:09::SCWDomain::Skipping the build for domain :  zynq_fsbl
LOG::2026-04-18.11:19:09::SCWSystem::Checking the domain standalone_domain
LOG::2026-04-18.11:19:09::SCWSystem::Not a boot domain 
LOG::2026-04-18.11:19:09::SCWSystem::Started Processing the domain standalone_domain
TRACE::2026-04-18.11:19:09::SCWDomain::Generating domain artifcats
TRACE::2026-04-18.11:19:09::SCWMssOS::Generating standalone artifcats
TRACE::2026-04-18.11:19:09::SCWMssOS::Copying the qemu file from  C:/Users/kc10b/Vivado/ECE520L/FinalProject/project_1/project_1_vitis/project_1_plat1/resources/project_1_plat1/standalone_domain/qemu_args.txt To C:/Users/kc10b/Vivado/ECE520L/FinalProject/project_1/project_1_vitis/project_1_plat1/export/project_1_plat1/sw/project_1_plat1/qemu/
TRACE::2026-04-18.11:19:09::SCWMssOS::Copying the qemu file from  C:/Users/kc10b/Vivado/ECE520L/FinalProject/project_1/project_1_vitis/project_1_plat1/resources/project_1_plat1/standalone_domain/qemu_args.txt To C:/Users/kc10b/Vivado/ECE520L/FinalProject/project_1/project_1_vitis/project_1_plat1/export/project_1_plat1/sw/project_1_plat1/standalone_domain/qemu/
TRACE::2026-04-18.11:19:09::SCWMssOS:: Copying the user libraries. 
TRACE::2026-04-18.11:19:09::SCWPlatform::Trying to open the hw design at C:/Users/kc10b/Vivado/ECE520L/FinalProject/project_1/project_1_vitis/project_1_plat1/hw/design_1_wrapper1.xsa
TRACE::2026-04-18.11:19:09::SCWPlatform::DSA given C:/Users/kc10b/Vivado/ECE520L/FinalProject/project_1/project_1_vitis/project_1_plat1/hw/design_1_wrapper1.xsa
TRACE::2026-04-18.11:19:09::SCWPlatform::DSA absoulate path C:/Users/kc10b/Vivado/ECE520L/FinalProject/project_1/project_1_vitis/project_1_plat1/hw/design_1_wrapper1.xsa
TRACE::2026-04-18.11:19:09::SCWPlatform::DSA directory C:/Users/kc10b/Vivado/ECE520L/FinalProject/project_1/project_1_vitis/project_1_plat1/hw
TRACE::2026-04-18.11:19:09::SCWPlatform:: Platform Path C:/Users/kc10b/Vivado/ECE520L/FinalProject/project_1/project_1_vitis/project_1_plat1/hw/design_1_wrapper1.xsa
TRACE::2026-04-18.11:19:09::SCWPlatform:: Unique name xilinx:zybo-z7-10::0.0
TRACE::2026-04-18.11:19:09::SCWPlatform::Trying to set the existing hwdb with name design_1_wrapper_5
TRACE::2026-04-18.11:19:09::SCWPlatform::Opened existing hwdb design_1_wrapper_5
TRACE::2026-04-18.11:19:09::SCWPlatform::Found the Hw Db part of the input DSA
TRACE::2026-04-18.11:19:09::SCWMssOS::Checking the sw design at  C:/Users/kc10b/Vivado/ECE520L/FinalProject/project_1/project_1_vitis/project_1_plat1/ps7_cortexa9_0/standalone_domain/bsp/system.mss
TRACE::2026-04-18.11:19:09::SCWMssOS::DEBUG:  swdes dump  C:/Users/kc10b/Vivado/ECE520L/FinalProject/project_1/project_1_vitis/project_1_plat/ps7_cortexa9_0/standalone_domain/bsp/system.mss|system_0||
C:/Users/kc10b/Vivado/ECE520L/FinalProject/project_1/project_1_vitis/project_1_plat/zynq_fsbl/zynq_fsbl_bsp/system.mss|system||
C:/Users/kc10b/Vivado/ECE520L/FinalProject/project_1/project_1_vitis/project_1_plat1/ps7_cortexa9_0/standalone_domain/bsp/system.mss|system_2||
C:/Users/kc10b/Vivado/ECE520L/FinalProject/project_1/project_1_vitis/project_1_plat1/zynq_fsbl/zynq_fsbl_bsp/system.mss|system_1||

TRACE::2026-04-18.11:19:09::SCWMssOS::Sw design exists and opened at  C:/Users/kc10b/Vivado/ECE520L/FinalProject/project_1/project_1_vitis/project_1_plat1/ps7_cortexa9_0/standalone_domain/bsp/system.mss
TRACE::2026-04-18.11:19:09::SCWMssOS::Completed writing the mss file at C:/Users/kc10b/Vivado/ECE520L/FinalProject/project_1/project_1_vitis/project_1_plat1/ps7_cortexa9_0/standalone_domain/bsp
TRACE::2026-04-18.11:19:09::SCWMssOS::Mss edits present, copying mssfile into export location C:/Users/kc10b/Vivado/ECE520L/FinalProject/project_1/project_1_vitis/project_1_plat1/ps7_cortexa9_0/standalone_domain/bsp/system.mss
TRACE::2026-04-18.11:19:09::SCWMssOS::bsp generated is upto date with the mss file. Skipping bsp generation.
TRACE::2026-04-18.11:19:09::SCWMssOS::BSP is already built. skipping the bsp build ... 
TRACE::2026-04-18.11:19:09::SCWDomain::Skipping the build for domain :  standalone_domain
TRACE::2026-04-18.11:19:09::SCWMssOS::skipping the bsp build ... 
TRACE::2026-04-18.11:19:09::SCWMssOS::Copying to export directory.
TRACE::2026-04-18.11:19:09::SCWMssOS:: Checking if to create the Supporting Applications
TRACE::2026-04-18.11:19:09::SCWMssOS:: No Linux domain exists, trying to generate FSBL 
TRACE::2026-04-18.11:19:09::SCWMssOS:: Completed Standalone Artifacts creation 
LOG::2026-04-18.11:19:09::SCWSystem::Completed Processing the domain standalone_domain
LOG::2026-04-18.11:19:09::SCWSystem::Completed Processing the sysconfig project_1_plat1
LOG::2026-04-18.11:19:09::SCWPlatform::Completed generating the artifacts for system configuration project_1_plat1
TRACE::2026-04-18.11:19:09::SCWPlatform::Started preparing the platform 
TRACE::2026-04-18.11:19:09::SCWSystem::Writing the bif file for system config project_1_plat1
TRACE::2026-04-18.11:19:09::SCWSystem::dir created 
TRACE::2026-04-18.11:19:09::SCWSystem::Writing the bif 
TRACE::2026-04-18.11:19:09::SCWPlatform::Started writing the spfm file 
TRACE::2026-04-18.11:19:09::SCWPlatform::Started writing the xpfm file 
TRACE::2026-04-18.11:19:09::SCWPlatform::Completed generating the platform
TRACE::2026-04-18.11:19:09::SCWMssOS::Saving the mss changes C:/Users/kc10b/Vivado/ECE520L/FinalProject/project_1/project_1_vitis/project_1_plat1/zynq_fsbl/zynq_fsbl_bsp/system.mss
TRACE::2026-04-18.11:19:09::SCWMssOS::Found a swdesign opened with the mssfile.
TRACE::2026-04-18.11:19:09::SCWMssOS::Completed writemss as part of save.
TRACE::2026-04-18.11:19:09::SCWMssOS::Commit changes completed.
TRACE::2026-04-18.11:19:09::SCWMssOS::Saving the mss changes C:/Users/kc10b/Vivado/ECE520L/FinalProject/project_1/project_1_vitis/project_1_plat1/ps7_cortexa9_0/standalone_domain/bsp/system.mss
TRACE::2026-04-18.11:19:09::SCWMssOS::Found a swdesign opened with the mssfile.
TRACE::2026-04-18.11:19:09::SCWMssOS::Completed writemss as part of save.
TRACE::2026-04-18.11:19:09::SCWMssOS::Commit changes completed.
TRACE::2026-04-18.11:19:09::SCWPlatform::Trying to open the hw design at C:/Users/kc10b/Vivado/ECE520L/FinalProject/project_1/project_1_vitis/project_1_plat1/hw/design_1_wrapper1.xsa
TRACE::2026-04-18.11:19:09::SCWPlatform::DSA given C:/Users/kc10b/Vivado/ECE520L/FinalProject/project_1/project_1_vitis/project_1_plat1/hw/design_1_wrapper1.xsa
TRACE::2026-04-18.11:19:09::SCWPlatform::DSA absoulate path C:/Users/kc10b/Vivado/ECE520L/FinalProject/project_1/project_1_vitis/project_1_plat1/hw/design_1_wrapper1.xsa
TRACE::2026-04-18.11:19:09::SCWPlatform::DSA directory C:/Users/kc10b/Vivado/ECE520L/FinalProject/project_1/project_1_vitis/project_1_plat1/hw
TRACE::2026-04-18.11:19:09::SCWPlatform:: Platform Path C:/Users/kc10b/Vivado/ECE520L/FinalProject/project_1/project_1_vitis/project_1_plat1/hw/design_1_wrapper1.xsa
TRACE::2026-04-18.11:19:09::SCWPlatform:: Unique name xilinx:zybo-z7-10::0.0
TRACE::2026-04-18.11:19:09::SCWPlatform::Trying to set the existing hwdb with name design_1_wrapper_5
TRACE::2026-04-18.11:19:09::SCWPlatform::Opened existing hwdb design_1_wrapper_5
TRACE::2026-04-18.11:19:09::SCWPlatform::Found the Hw Db part of the input DSA
TRACE::2026-04-18.11:19:09::SCWMssOS::Checking the sw design at  C:/Users/kc10b/Vivado/ECE520L/FinalProject/project_1/project_1_vitis/project_1_plat1/zynq_fsbl/zynq_fsbl_bsp/system.mss
TRACE::2026-04-18.11:19:09::SCWMssOS::DEBUG:  swdes dump  C:/Users/kc10b/Vivado/ECE520L/FinalProject/project_1/project_1_vitis/project_1_plat/ps7_cortexa9_0/standalone_domain/bsp/system.mss|system_0||
C:/Users/kc10b/Vivado/ECE520L/FinalProject/project_1/project_1_vitis/project_1_plat/zynq_fsbl/zynq_fsbl_bsp/system.mss|system||
C:/Users/kc10b/Vivado/ECE520L/FinalProject/project_1/project_1_vitis/project_1_plat1/ps7_cortexa9_0/standalone_domain/bsp/system.mss|system_2||
C:/Users/kc10b/Vivado/ECE520L/FinalProject/project_1/project_1_vitis/project_1_plat1/zynq_fsbl/zynq_fsbl_bsp/system.mss|system_1||

TRACE::2026-04-18.11:19:09::SCWMssOS::Sw design exists and opened at  C:/Users/kc10b/Vivado/ECE520L/FinalProject/project_1/project_1_vitis/project_1_plat1/zynq_fsbl/zynq_fsbl_bsp/system.mss
TRACE::2026-04-18.11:19:09::SCWPlatform::Trying to open the hw design at C:/Users/kc10b/Vivado/ECE520L/FinalProject/project_1/project_1_vitis/project_1_plat1/hw/design_1_wrapper1.xsa
TRACE::2026-04-18.11:19:09::SCWPlatform::DSA given C:/Users/kc10b/Vivado/ECE520L/FinalProject/project_1/project_1_vitis/project_1_plat1/hw/design_1_wrapper1.xsa
TRACE::2026-04-18.11:19:09::SCWPlatform::DSA absoulate path C:/Users/kc10b/Vivado/ECE520L/FinalProject/project_1/project_1_vitis/project_1_plat1/hw/design_1_wrapper1.xsa
TRACE::2026-04-18.11:19:09::SCWPlatform::DSA directory C:/Users/kc10b/Vivado/ECE520L/FinalProject/project_1/project_1_vitis/project_1_plat1/hw
TRACE::2026-04-18.11:19:09::SCWPlatform:: Platform Path C:/Users/kc10b/Vivado/ECE520L/FinalProject/project_1/project_1_vitis/project_1_plat1/hw/design_1_wrapper1.xsa
TRACE::2026-04-18.11:19:09::SCWPlatform:: Unique name xilinx:zybo-z7-10::0.0
TRACE::2026-04-18.11:19:09::SCWPlatform::Trying to set the existing hwdb with name design_1_wrapper_5
TRACE::2026-04-18.11:19:09::SCWPlatform::Opened existing hwdb design_1_wrapper_5
TRACE::2026-04-18.11:19:09::SCWPlatform::Found the Hw Db part of the input DSA
TRACE::2026-04-18.11:19:09::SCWMssOS::Checking the sw design at  C:/Users/kc10b/Vivado/ECE520L/FinalProject/project_1/project_1_vitis/project_1_plat1/zynq_fsbl/zynq_fsbl_bsp/system.mss
TRACE::2026-04-18.11:19:09::SCWMssOS::DEBUG:  swdes dump  C:/Users/kc10b/Vivado/ECE520L/FinalProject/project_1/project_1_vitis/project_1_plat/ps7_cortexa9_0/standalone_domain/bsp/system.mss|system_0||
C:/Users/kc10b/Vivado/ECE520L/FinalProject/project_1/project_1_vitis/project_1_plat/zynq_fsbl/zynq_fsbl_bsp/system.mss|system||
C:/Users/kc10b/Vivado/ECE520L/FinalProject/project_1/project_1_vitis/project_1_plat1/ps7_cortexa9_0/standalone_domain/bsp/system.mss|system_2||
C:/Users/kc10b/Vivado/ECE520L/FinalProject/project_1/project_1_vitis/project_1_plat1/zynq_fsbl/zynq_fsbl_bsp/system.mss|system_1||

TRACE::2026-04-18.11:19:09::SCWMssOS::Sw design exists and opened at  C:/Users/kc10b/Vivado/ECE520L/FinalProject/project_1/project_1_vitis/project_1_plat1/zynq_fsbl/zynq_fsbl_bsp/system.mss
TRACE::2026-04-18.11:19:09::SCWPlatform::Trying to open the hw design at C:/Users/kc10b/Vivado/ECE520L/FinalProject/project_1/project_1_vitis/project_1_plat1/hw/design_1_wrapper1.xsa
TRACE::2026-04-18.11:19:09::SCWPlatform::DSA given C:/Users/kc10b/Vivado/ECE520L/FinalProject/project_1/project_1_vitis/project_1_plat1/hw/design_1_wrapper1.xsa
TRACE::2026-04-18.11:19:09::SCWPlatform::DSA absoulate path C:/Users/kc10b/Vivado/ECE520L/FinalProject/project_1/project_1_vitis/project_1_plat1/hw/design_1_wrapper1.xsa
TRACE::2026-04-18.11:19:09::SCWPlatform::DSA directory C:/Users/kc10b/Vivado/ECE520L/FinalProject/project_1/project_1_vitis/project_1_plat1/hw
TRACE::2026-04-18.11:19:09::SCWPlatform:: Platform Path C:/Users/kc10b/Vivado/ECE520L/FinalProject/project_1/project_1_vitis/project_1_plat1/hw/design_1_wrapper1.xsa
TRACE::2026-04-18.11:19:09::SCWPlatform:: Unique name xilinx:zybo-z7-10::0.0
TRACE::2026-04-18.11:19:09::SCWPlatform::Trying to set the existing hwdb with name design_1_wrapper_5
TRACE::2026-04-18.11:19:09::SCWPlatform::Opened existing hwdb design_1_wrapper_5
TRACE::2026-04-18.11:19:09::SCWPlatform::Found the Hw Db part of the input DSA
TRACE::2026-04-18.11:19:09::SCWMssOS::Checking the sw design at  C:/Users/kc10b/Vivado/ECE520L/FinalProject/project_1/project_1_vitis/project_1_plat1/zynq_fsbl/zynq_fsbl_bsp/system.mss
TRACE::2026-04-18.11:19:09::SCWMssOS::DEBUG:  swdes dump  C:/Users/kc10b/Vivado/ECE520L/FinalProject/project_1/project_1_vitis/project_1_plat/ps7_cortexa9_0/standalone_domain/bsp/system.mss|system_0||
C:/Users/kc10b/Vivado/ECE520L/FinalProject/project_1/project_1_vitis/project_1_plat/zynq_fsbl/zynq_fsbl_bsp/system.mss|system||
C:/Users/kc10b/Vivado/ECE520L/FinalProject/project_1/project_1_vitis/project_1_plat1/ps7_cortexa9_0/standalone_domain/bsp/system.mss|system_2||
C:/Users/kc10b/Vivado/ECE520L/FinalProject/project_1/project_1_vitis/project_1_plat1/zynq_fsbl/zynq_fsbl_bsp/system.mss|system_1||

TRACE::2026-04-18.11:19:09::SCWMssOS::Sw design exists and opened at  C:/Users/kc10b/Vivado/ECE520L/FinalProject/project_1/project_1_vitis/project_1_plat1/zynq_fsbl/zynq_fsbl_bsp/system.mss
TRACE::2026-04-18.11:19:09::SCWPlatform::Trying to open the hw design at C:/Users/kc10b/Vivado/ECE520L/FinalProject/project_1/project_1_vitis/project_1_plat1/hw/design_1_wrapper1.xsa
TRACE::2026-04-18.11:19:09::SCWPlatform::DSA given C:/Users/kc10b/Vivado/ECE520L/FinalProject/project_1/project_1_vitis/project_1_plat1/hw/design_1_wrapper1.xsa
TRACE::2026-04-18.11:19:09::SCWPlatform::DSA absoulate path C:/Users/kc10b/Vivado/ECE520L/FinalProject/project_1/project_1_vitis/project_1_plat1/hw/design_1_wrapper1.xsa
TRACE::2026-04-18.11:19:09::SCWPlatform::DSA directory C:/Users/kc10b/Vivado/ECE520L/FinalProject/project_1/project_1_vitis/project_1_plat1/hw
TRACE::2026-04-18.11:19:09::SCWPlatform:: Platform Path C:/Users/kc10b/Vivado/ECE520L/FinalProject/project_1/project_1_vitis/project_1_plat1/hw/design_1_wrapper1.xsa
TRACE::2026-04-18.11:19:09::SCWPlatform:: Unique name xilinx:zybo-z7-10::0.0
TRACE::2026-04-18.11:19:09::SCWPlatform::Trying to set the existing hwdb with name design_1_wrapper_5
TRACE::2026-04-18.11:19:09::SCWPlatform::Opened existing hwdb design_1_wrapper_5
TRACE::2026-04-18.11:19:09::SCWPlatform::Found the Hw Db part of the input DSA
TRACE::2026-04-18.11:19:09::SCWMssOS::Checking the sw design at  C:/Users/kc10b/Vivado/ECE520L/FinalProject/project_1/project_1_vitis/project_1_plat1/ps7_cortexa9_0/standalone_domain/bsp/system.mss
TRACE::2026-04-18.11:19:09::SCWMssOS::DEBUG:  swdes dump  C:/Users/kc10b/Vivado/ECE520L/FinalProject/project_1/project_1_vitis/project_1_plat/ps7_cortexa9_0/standalone_domain/bsp/system.mss|system_0||
C:/Users/kc10b/Vivado/ECE520L/FinalProject/project_1/project_1_vitis/project_1_plat/zynq_fsbl/zynq_fsbl_bsp/system.mss|system||
C:/Users/kc10b/Vivado/ECE520L/FinalProject/project_1/project_1_vitis/project_1_plat1/ps7_cortexa9_0/standalone_domain/bsp/system.mss|system_2||
C:/Users/kc10b/Vivado/ECE520L/FinalProject/project_1/project_1_vitis/project_1_plat1/zynq_fsbl/zynq_fsbl_bsp/system.mss|system_1||

TRACE::2026-04-18.11:19:09::SCWMssOS::Sw design exists and opened at  C:/Users/kc10b/Vivado/ECE520L/FinalProject/project_1/project_1_vitis/project_1_plat1/ps7_cortexa9_0/standalone_domain/bsp/system.mss
TRACE::2026-04-18.11:19:09::SCWPlatform::Trying to open the hw design at C:/Users/kc10b/Vivado/ECE520L/FinalProject/project_1/project_1_vitis/project_1_plat1/hw/design_1_wrapper1.xsa
TRACE::2026-04-18.11:19:09::SCWPlatform::DSA given C:/Users/kc10b/Vivado/ECE520L/FinalProject/project_1/project_1_vitis/project_1_plat1/hw/design_1_wrapper1.xsa
TRACE::2026-04-18.11:19:09::SCWPlatform::DSA absoulate path C:/Users/kc10b/Vivado/ECE520L/FinalProject/project_1/project_1_vitis/project_1_plat1/hw/design_1_wrapper1.xsa
TRACE::2026-04-18.11:19:09::SCWPlatform::DSA directory C:/Users/kc10b/Vivado/ECE520L/FinalProject/project_1/project_1_vitis/project_1_plat1/hw
TRACE::2026-04-18.11:19:09::SCWPlatform:: Platform Path C:/Users/kc10b/Vivado/ECE520L/FinalProject/project_1/project_1_vitis/project_1_plat1/hw/design_1_wrapper1.xsa
TRACE::2026-04-18.11:19:09::SCWPlatform:: Unique name xilinx:zybo-z7-10::0.0
TRACE::2026-04-18.11:19:09::SCWPlatform::Trying to set the existing hwdb with name design_1_wrapper_5
TRACE::2026-04-18.11:19:09::SCWPlatform::Opened existing hwdb design_1_wrapper_5
TRACE::2026-04-18.11:19:09::SCWPlatform::Found the Hw Db part of the input DSA
TRACE::2026-04-18.11:19:09::SCWMssOS::Checking the sw design at  C:/Users/kc10b/Vivado/ECE520L/FinalProject/project_1/project_1_vitis/project_1_plat1/ps7_cortexa9_0/standalone_domain/bsp/system.mss
TRACE::2026-04-18.11:19:09::SCWMssOS::DEBUG:  swdes dump  C:/Users/kc10b/Vivado/ECE520L/FinalProject/project_1/project_1_vitis/project_1_plat/ps7_cortexa9_0/standalone_domain/bsp/system.mss|system_0||
C:/Users/kc10b/Vivado/ECE520L/FinalProject/project_1/project_1_vitis/project_1_plat/zynq_fsbl/zynq_fsbl_bsp/system.mss|system||
C:/Users/kc10b/Vivado/ECE520L/FinalProject/project_1/project_1_vitis/project_1_plat1/ps7_cortexa9_0/standalone_domain/bsp/system.mss|system_2||
C:/Users/kc10b/Vivado/ECE520L/FinalProject/project_1/project_1_vitis/project_1_plat1/zynq_fsbl/zynq_fsbl_bsp/system.mss|system_1||

TRACE::2026-04-18.11:19:09::SCWMssOS::Sw design exists and opened at  C:/Users/kc10b/Vivado/ECE520L/FinalProject/project_1/project_1_vitis/project_1_plat1/ps7_cortexa9_0/standalone_domain/bsp/system.mss
TRACE::2026-04-18.11:19:09::SCWPlatform::Trying to open the hw design at C:/Users/kc10b/Vivado/ECE520L/FinalProject/project_1/project_1_vitis/project_1_plat1/hw/design_1_wrapper1.xsa
TRACE::2026-04-18.11:19:09::SCWPlatform::DSA given C:/Users/kc10b/Vivado/ECE520L/FinalProject/project_1/project_1_vitis/project_1_plat1/hw/design_1_wrapper1.xsa
TRACE::2026-04-18.11:19:09::SCWPlatform::DSA absoulate path C:/Users/kc10b/Vivado/ECE520L/FinalProject/project_1/project_1_vitis/project_1_plat1/hw/design_1_wrapper1.xsa
TRACE::2026-04-18.11:19:09::SCWPlatform::DSA directory C:/Users/kc10b/Vivado/ECE520L/FinalProject/project_1/project_1_vitis/project_1_plat1/hw
TRACE::2026-04-18.11:19:09::SCWPlatform:: Platform Path C:/Users/kc10b/Vivado/ECE520L/FinalProject/project_1/project_1_vitis/project_1_plat1/hw/design_1_wrapper1.xsa
TRACE::2026-04-18.11:19:09::SCWPlatform:: Unique name xilinx:zybo-z7-10::0.0
TRACE::2026-04-18.11:19:09::SCWPlatform::Trying to set the existing hwdb with name design_1_wrapper_5
TRACE::2026-04-18.11:19:09::SCWPlatform::Opened existing hwdb design_1_wrapper_5
TRACE::2026-04-18.11:19:09::SCWPlatform::Found the Hw Db part of the input DSA
TRACE::2026-04-18.11:19:09::SCWMssOS::Checking the sw design at  C:/Users/kc10b/Vivado/ECE520L/FinalProject/project_1/project_1_vitis/project_1_plat1/ps7_cortexa9_0/standalone_domain/bsp/system.mss
TRACE::2026-04-18.11:19:09::SCWMssOS::DEBUG:  swdes dump  C:/Users/kc10b/Vivado/ECE520L/FinalProject/project_1/project_1_vitis/project_1_plat/ps7_cortexa9_0/standalone_domain/bsp/system.mss|system_0||
C:/Users/kc10b/Vivado/ECE520L/FinalProject/project_1/project_1_vitis/project_1_plat/zynq_fsbl/zynq_fsbl_bsp/system.mss|system||
C:/Users/kc10b/Vivado/ECE520L/FinalProject/project_1/project_1_vitis/project_1_plat1/ps7_cortexa9_0/standalone_domain/bsp/system.mss|system_2||
C:/Users/kc10b/Vivado/ECE520L/FinalProject/project_1/project_1_vitis/project_1_plat1/zynq_fsbl/zynq_fsbl_bsp/system.mss|system_1||

TRACE::2026-04-18.11:19:09::SCWMssOS::Sw design exists and opened at  C:/Users/kc10b/Vivado/ECE520L/FinalProject/project_1/project_1_vitis/project_1_plat1/ps7_cortexa9_0/standalone_domain/bsp/system.mss
TRACE::2026-04-18.11:19:09::SCWWriter::formatted JSON is {
	"platformName":	"project_1_plat1",
	"sprVersion":	"2.0",
	"mode":	"gui",
	"dsaType":	"Fixed",
	"platformDesc":	"project_1_plat1",
	"platHandOff":	"C:/Users/kc10b/Vivado/ECE520L/FinalProject/project_1/design_1_wrapper1.xsa",
	"platIntHandOff":	"<platformDir>/hw/design_1_wrapper1.xsa",
	"deviceType":	"zynq",
	"platIsPrebuiltAutogen":	"false",
	"platIsNoBootBsp":	"false",
	"platFsblTarget":	"ps7_cortexa9_0",
	"hasFsblMakeHasChanges":	"false",
	"hasPmufwMakeHasChanges":	"false",
	"fsblExtraCompilerFlags":	"-MMD -MP       -mcpu=cortex-a9 -mfpu=vfpv3 -mfloat-abi=hard ",
	"platPreBuiltFlag":	false,
	"platformSamplesDir":	"",
	"platActiveSys":	"project_1_plat1",
	"systems":	[{
			"systemName":	"project_1_plat1",
			"systemDesc":	"project_1_plat1",
			"sysIsBootAutoGen":	"true",
			"systemDispName":	"project_1_plat1",
			"sysActiveDom":	"standalone_domain",
			"sysDefaultDom":	"standalone_domain",
			"domains":	[{
					"domainName":	"zynq_fsbl",
					"domainDispName":	"zynq_fsbl",
					"domainDesc":	"FSBL Application BSP - Auto Generated.",
					"processors":	"ps7_cortexa9_0",
					"os":	"standalone",
					"sdxOs":	"standalone",
					"debugEnable":	"",
					"domRuntimes":	["cpp"],
					"swRepo":	"",
					"mssOsVer":	"8.1",
					"mssFile":	"",
					"md5Digest":	"1323684c4095fbbc921b32dcc7efd326",
					"compatibleApp":	"zynq_fsbl",
					"domType":	"bootDomain",
					"arch":	"32-bit",
					"appSettings":	{
						"appCompilerFlags":	"",
						"appLinkerFlags":	""
					},
					"addedLibs":	["xilffs:5.0", "xilrsa:1.6"],
					"libOptions":	{
						"libsContainingOptions":	[]
					},
					"prebuiltLibs":	{
						"prebuiltIncPath":	[],
						"prebuiltLibPath":	[]
					},
					"isolation":	{
					}
				}, {
					"domainName":	"standalone_domain",
					"domainDispName":	"standalone_domain",
					"domainDesc":	"standalone_domain",
					"processors":	"ps7_cortexa9_0",
					"os":	"standalone",
					"sdxOs":	"standalone",
					"qemuArgs":	"<platformDir>/resources/project_1_plat1/standalone_domain/qemu_args.txt",
					"qemuData":	"<platformDir>/resources/project_1_plat1/standalone_domain/qemu",
					"debugEnable":	"False",
					"domRuntimes":	["cpp"],
					"swRepo":	"",
					"mssOsVer":	"8.1",
					"mssFile":	"",
					"md5Digest":	"fe2128fe8c5b487e39e1c2948b2870c6",
					"compatibleApp":	"",
					"domType":	"mssDomain",
					"appSettings":	{
						"appCompilerFlags":	"",
						"appLinkerFlags":	""
					},
					"addedLibs":	[],
					"libOptions":	{
						"libsContainingOptions":	[]
					},
					"prebuiltLibs":	{
						"prebuiltIncPath":	[],
						"prebuiltLibPath":	[]
					},
					"isolation":	{
					}
				}]
		}]
}
KEYINFO::2026-04-18.11:19:09::SCWPlatform::updated the xpfm file.
TRACE::2026-04-18.11:19:10::SCWPlatform::Trying to open the hw design at C:/Users/kc10b/Vivado/ECE520L/FinalProject/project_1/project_1_vitis/project_1_plat1/hw/design_1_wrapper1.xsa
TRACE::2026-04-18.11:19:10::SCWPlatform::DSA given C:/Users/kc10b/Vivado/ECE520L/FinalProject/project_1/project_1_vitis/project_1_plat1/hw/design_1_wrapper1.xsa
TRACE::2026-04-18.11:19:10::SCWPlatform::DSA absoulate path C:/Users/kc10b/Vivado/ECE520L/FinalProject/project_1/project_1_vitis/project_1_plat1/hw/design_1_wrapper1.xsa
TRACE::2026-04-18.11:19:10::SCWPlatform::DSA directory C:/Users/kc10b/Vivado/ECE520L/FinalProject/project_1/project_1_vitis/project_1_plat1/hw
TRACE::2026-04-18.11:19:10::SCWPlatform:: Platform Path C:/Users/kc10b/Vivado/ECE520L/FinalProject/project_1/project_1_vitis/project_1_plat1/hw/design_1_wrapper1.xsa
TRACE::2026-04-18.11:19:10::SCWPlatform:: Unique name xilinx:zybo-z7-10::0.0
TRACE::2026-04-18.11:19:10::SCWPlatform::Trying to set the existing hwdb with name design_1_wrapper_5
TRACE::2026-04-18.11:19:10::SCWPlatform::Opened existing hwdb design_1_wrapper_5
TRACE::2026-04-18.11:19:10::SCWPlatform::Found the Hw Db part of the input DSA
TRACE::2026-04-18.11:19:10::SCWMssOS::Checking the sw design at  C:/Users/kc10b/Vivado/ECE520L/FinalProject/project_1/project_1_vitis/project_1_plat1/ps7_cortexa9_0/standalone_domain/bsp/system.mss
TRACE::2026-04-18.11:19:10::SCWMssOS::DEBUG:  swdes dump  C:/Users/kc10b/Vivado/ECE520L/FinalProject/project_1/project_1_vitis/project_1_plat/ps7_cortexa9_0/standalone_domain/bsp/system.mss|system_0||
C:/Users/kc10b/Vivado/ECE520L/FinalProject/project_1/project_1_vitis/project_1_plat/zynq_fsbl/zynq_fsbl_bsp/system.mss|system||
C:/Users/kc10b/Vivado/ECE520L/FinalProject/project_1/project_1_vitis/project_1_plat1/ps7_cortexa9_0/standalone_domain/bsp/system.mss|system_2||
C:/Users/kc10b/Vivado/ECE520L/FinalProject/project_1/project_1_vitis/project_1_plat1/zynq_fsbl/zynq_fsbl_bsp/system.mss|system_1||

TRACE::2026-04-18.11:19:10::SCWMssOS::Sw design exists and opened at  C:/Users/kc10b/Vivado/ECE520L/FinalProject/project_1/project_1_vitis/project_1_plat1/ps7_cortexa9_0/standalone_domain/bsp/system.mss
TRACE::2026-04-18.11:19:10::SCWMssOS::Saving the mss changes C:/Users/kc10b/Vivado/ECE520L/FinalProject/project_1/project_1_vitis/project_1_plat1/zynq_fsbl/zynq_fsbl_bsp/system.mss
TRACE::2026-04-18.11:19:10::SCWMssOS::Found a swdesign opened with the mssfile.
TRACE::2026-04-18.11:19:10::SCWMssOS::Completed writemss as part of save.
TRACE::2026-04-18.11:19:10::SCWMssOS::Commit changes completed.
TRACE::2026-04-18.11:19:10::SCWMssOS::Saving the mss changes C:/Users/kc10b/Vivado/ECE520L/FinalProject/project_1/project_1_vitis/project_1_plat1/ps7_cortexa9_0/standalone_domain/bsp/system.mss
TRACE::2026-04-18.11:19:10::SCWMssOS::Found a swdesign opened with the mssfile.
TRACE::2026-04-18.11:19:10::SCWMssOS::Completed writemss as part of save.
TRACE::2026-04-18.11:19:10::SCWMssOS::Commit changes completed.
TRACE::2026-04-18.11:19:10::SCWPlatform::Trying to open the hw design at C:/Users/kc10b/Vivado/ECE520L/FinalProject/project_1/project_1_vitis/project_1_plat1/hw/design_1_wrapper1.xsa
TRACE::2026-04-18.11:19:10::SCWPlatform::DSA given C:/Users/kc10b/Vivado/ECE520L/FinalProject/project_1/project_1_vitis/project_1_plat1/hw/design_1_wrapper1.xsa
TRACE::2026-04-18.11:19:10::SCWPlatform::DSA absoulate path C:/Users/kc10b/Vivado/ECE520L/FinalProject/project_1/project_1_vitis/project_1_plat1/hw/design_1_wrapper1.xsa
TRACE::2026-04-18.11:19:10::SCWPlatform::DSA directory C:/Users/kc10b/Vivado/ECE520L/FinalProject/project_1/project_1_vitis/project_1_plat1/hw
TRACE::2026-04-18.11:19:10::SCWPlatform:: Platform Path C:/Users/kc10b/Vivado/ECE520L/FinalProject/project_1/project_1_vitis/project_1_plat1/hw/design_1_wrapper1.xsa
TRACE::2026-04-18.11:19:10::SCWPlatform:: Unique name xilinx:zybo-z7-10::0.0
TRACE::2026-04-18.11:19:10::SCWPlatform::Trying to set the existing hwdb with name design_1_wrapper_5
TRACE::2026-04-18.11:19:10::SCWPlatform::Opened existing hwdb design_1_wrapper_5
TRACE::2026-04-18.11:19:10::SCWPlatform::Found the Hw Db part of the input DSA
TRACE::2026-04-18.11:19:10::SCWMssOS::Checking the sw design at  C:/Users/kc10b/Vivado/ECE520L/FinalProject/project_1/project_1_vitis/project_1_plat1/zynq_fsbl/zynq_fsbl_bsp/system.mss
TRACE::2026-04-18.11:19:10::SCWMssOS::DEBUG:  swdes dump  C:/Users/kc10b/Vivado/ECE520L/FinalProject/project_1/project_1_vitis/project_1_plat/ps7_cortexa9_0/standalone_domain/bsp/system.mss|system_0||
C:/Users/kc10b/Vivado/ECE520L/FinalProject/project_1/project_1_vitis/project_1_plat/zynq_fsbl/zynq_fsbl_bsp/system.mss|system||
C:/Users/kc10b/Vivado/ECE520L/FinalProject/project_1/project_1_vitis/project_1_plat1/ps7_cortexa9_0/standalone_domain/bsp/system.mss|system_2||
C:/Users/kc10b/Vivado/ECE520L/FinalProject/project_1/project_1_vitis/project_1_plat1/zynq_fsbl/zynq_fsbl_bsp/system.mss|system_1||

TRACE::2026-04-18.11:19:10::SCWMssOS::Sw design exists and opened at  C:/Users/kc10b/Vivado/ECE520L/FinalProject/project_1/project_1_vitis/project_1_plat1/zynq_fsbl/zynq_fsbl_bsp/system.mss
TRACE::2026-04-18.11:19:10::SCWPlatform::Trying to open the hw design at C:/Users/kc10b/Vivado/ECE520L/FinalProject/project_1/project_1_vitis/project_1_plat1/hw/design_1_wrapper1.xsa
TRACE::2026-04-18.11:19:10::SCWPlatform::DSA given C:/Users/kc10b/Vivado/ECE520L/FinalProject/project_1/project_1_vitis/project_1_plat1/hw/design_1_wrapper1.xsa
TRACE::2026-04-18.11:19:10::SCWPlatform::DSA absoulate path C:/Users/kc10b/Vivado/ECE520L/FinalProject/project_1/project_1_vitis/project_1_plat1/hw/design_1_wrapper1.xsa
TRACE::2026-04-18.11:19:10::SCWPlatform::DSA directory C:/Users/kc10b/Vivado/ECE520L/FinalProject/project_1/project_1_vitis/project_1_plat1/hw
TRACE::2026-04-18.11:19:10::SCWPlatform:: Platform Path C:/Users/kc10b/Vivado/ECE520L/FinalProject/project_1/project_1_vitis/project_1_plat1/hw/design_1_wrapper1.xsa
TRACE::2026-04-18.11:19:10::SCWPlatform:: Unique name xilinx:zybo-z7-10::0.0
TRACE::2026-04-18.11:19:10::SCWPlatform::Trying to set the existing hwdb with name design_1_wrapper_5
TRACE::2026-04-18.11:19:10::SCWPlatform::Opened existing hwdb design_1_wrapper_5
TRACE::2026-04-18.11:19:10::SCWPlatform::Found the Hw Db part of the input DSA
TRACE::2026-04-18.11:19:10::SCWMssOS::Checking the sw design at  C:/Users/kc10b/Vivado/ECE520L/FinalProject/project_1/project_1_vitis/project_1_plat1/zynq_fsbl/zynq_fsbl_bsp/system.mss
TRACE::2026-04-18.11:19:10::SCWMssOS::DEBUG:  swdes dump  C:/Users/kc10b/Vivado/ECE520L/FinalProject/project_1/project_1_vitis/project_1_plat/ps7_cortexa9_0/standalone_domain/bsp/system.mss|system_0||
C:/Users/kc10b/Vivado/ECE520L/FinalProject/project_1/project_1_vitis/project_1_plat/zynq_fsbl/zynq_fsbl_bsp/system.mss|system||
C:/Users/kc10b/Vivado/ECE520L/FinalProject/project_1/project_1_vitis/project_1_plat1/ps7_cortexa9_0/standalone_domain/bsp/system.mss|system_2||
C:/Users/kc10b/Vivado/ECE520L/FinalProject/project_1/project_1_vitis/project_1_plat1/zynq_fsbl/zynq_fsbl_bsp/system.mss|system_1||

TRACE::2026-04-18.11:19:10::SCWMssOS::Sw design exists and opened at  C:/Users/kc10b/Vivado/ECE520L/FinalProject/project_1/project_1_vitis/project_1_plat1/zynq_fsbl/zynq_fsbl_bsp/system.mss
TRACE::2026-04-18.11:19:10::SCWPlatform::Trying to open the hw design at C:/Users/kc10b/Vivado/ECE520L/FinalProject/project_1/project_1_vitis/project_1_plat1/hw/design_1_wrapper1.xsa
TRACE::2026-04-18.11:19:10::SCWPlatform::DSA given C:/Users/kc10b/Vivado/ECE520L/FinalProject/project_1/project_1_vitis/project_1_plat1/hw/design_1_wrapper1.xsa
TRACE::2026-04-18.11:19:10::SCWPlatform::DSA absoulate path C:/Users/kc10b/Vivado/ECE520L/FinalProject/project_1/project_1_vitis/project_1_plat1/hw/design_1_wrapper1.xsa
TRACE::2026-04-18.11:19:10::SCWPlatform::DSA directory C:/Users/kc10b/Vivado/ECE520L/FinalProject/project_1/project_1_vitis/project_1_plat1/hw
TRACE::2026-04-18.11:19:10::SCWPlatform:: Platform Path C:/Users/kc10b/Vivado/ECE520L/FinalProject/project_1/project_1_vitis/project_1_plat1/hw/design_1_wrapper1.xsa
TRACE::2026-04-18.11:19:10::SCWPlatform:: Unique name xilinx:zybo-z7-10::0.0
TRACE::2026-04-18.11:19:10::SCWPlatform::Trying to set the existing hwdb with name design_1_wrapper_5
TRACE::2026-04-18.11:19:10::SCWPlatform::Opened existing hwdb design_1_wrapper_5
TRACE::2026-04-18.11:19:10::SCWPlatform::Found the Hw Db part of the input DSA
TRACE::2026-04-18.11:19:10::SCWMssOS::Checking the sw design at  C:/Users/kc10b/Vivado/ECE520L/FinalProject/project_1/project_1_vitis/project_1_plat1/zynq_fsbl/zynq_fsbl_bsp/system.mss
TRACE::2026-04-18.11:19:10::SCWMssOS::DEBUG:  swdes dump  C:/Users/kc10b/Vivado/ECE520L/FinalProject/project_1/project_1_vitis/project_1_plat/ps7_cortexa9_0/standalone_domain/bsp/system.mss|system_0||
C:/Users/kc10b/Vivado/ECE520L/FinalProject/project_1/project_1_vitis/project_1_plat/zynq_fsbl/zynq_fsbl_bsp/system.mss|system||
C:/Users/kc10b/Vivado/ECE520L/FinalProject/project_1/project_1_vitis/project_1_plat1/ps7_cortexa9_0/standalone_domain/bsp/system.mss|system_2||
C:/Users/kc10b/Vivado/ECE520L/FinalProject/project_1/project_1_vitis/project_1_plat1/zynq_fsbl/zynq_fsbl_bsp/system.mss|system_1||

TRACE::2026-04-18.11:19:10::SCWMssOS::Sw design exists and opened at  C:/Users/kc10b/Vivado/ECE520L/FinalProject/project_1/project_1_vitis/project_1_plat1/zynq_fsbl/zynq_fsbl_bsp/system.mss
TRACE::2026-04-18.11:19:10::SCWPlatform::Trying to open the hw design at C:/Users/kc10b/Vivado/ECE520L/FinalProject/project_1/project_1_vitis/project_1_plat1/hw/design_1_wrapper1.xsa
TRACE::2026-04-18.11:19:10::SCWPlatform::DSA given C:/Users/kc10b/Vivado/ECE520L/FinalProject/project_1/project_1_vitis/project_1_plat1/hw/design_1_wrapper1.xsa
TRACE::2026-04-18.11:19:10::SCWPlatform::DSA absoulate path C:/Users/kc10b/Vivado/ECE520L/FinalProject/project_1/project_1_vitis/project_1_plat1/hw/design_1_wrapper1.xsa
TRACE::2026-04-18.11:19:10::SCWPlatform::DSA directory C:/Users/kc10b/Vivado/ECE520L/FinalProject/project_1/project_1_vitis/project_1_plat1/hw
TRACE::2026-04-18.11:19:10::SCWPlatform:: Platform Path C:/Users/kc10b/Vivado/ECE520L/FinalProject/project_1/project_1_vitis/project_1_plat1/hw/design_1_wrapper1.xsa
TRACE::2026-04-18.11:19:10::SCWPlatform:: Unique name xilinx:zybo-z7-10::0.0
TRACE::2026-04-18.11:19:10::SCWPlatform::Trying to set the existing hwdb with name design_1_wrapper_5
TRACE::2026-04-18.11:19:10::SCWPlatform::Opened existing hwdb design_1_wrapper_5
TRACE::2026-04-18.11:19:10::SCWPlatform::Found the Hw Db part of the input DSA
TRACE::2026-04-18.11:19:10::SCWMssOS::Checking the sw design at  C:/Users/kc10b/Vivado/ECE520L/FinalProject/project_1/project_1_vitis/project_1_plat1/ps7_cortexa9_0/standalone_domain/bsp/system.mss
TRACE::2026-04-18.11:19:10::SCWMssOS::DEBUG:  swdes dump  C:/Users/kc10b/Vivado/ECE520L/FinalProject/project_1/project_1_vitis/project_1_plat/ps7_cortexa9_0/standalone_domain/bsp/system.mss|system_0||
C:/Users/kc10b/Vivado/ECE520L/FinalProject/project_1/project_1_vitis/project_1_plat/zynq_fsbl/zynq_fsbl_bsp/system.mss|system||
C:/Users/kc10b/Vivado/ECE520L/FinalProject/project_1/project_1_vitis/project_1_plat1/ps7_cortexa9_0/standalone_domain/bsp/system.mss|system_2||
C:/Users/kc10b/Vivado/ECE520L/FinalProject/project_1/project_1_vitis/project_1_plat1/zynq_fsbl/zynq_fsbl_bsp/system.mss|system_1||

TRACE::2026-04-18.11:19:10::SCWMssOS::Sw design exists and opened at  C:/Users/kc10b/Vivado/ECE520L/FinalProject/project_1/project_1_vitis/project_1_plat1/ps7_cortexa9_0/standalone_domain/bsp/system.mss
TRACE::2026-04-18.11:19:10::SCWPlatform::Trying to open the hw design at C:/Users/kc10b/Vivado/ECE520L/FinalProject/project_1/project_1_vitis/project_1_plat1/hw/design_1_wrapper1.xsa
TRACE::2026-04-18.11:19:10::SCWPlatform::DSA given C:/Users/kc10b/Vivado/ECE520L/FinalProject/project_1/project_1_vitis/project_1_plat1/hw/design_1_wrapper1.xsa
TRACE::2026-04-18.11:19:10::SCWPlatform::DSA absoulate path C:/Users/kc10b/Vivado/ECE520L/FinalProject/project_1/project_1_vitis/project_1_plat1/hw/design_1_wrapper1.xsa
TRACE::2026-04-18.11:19:10::SCWPlatform::DSA directory C:/Users/kc10b/Vivado/ECE520L/FinalProject/project_1/project_1_vitis/project_1_plat1/hw
TRACE::2026-04-18.11:19:10::SCWPlatform:: Platform Path C:/Users/kc10b/Vivado/ECE520L/FinalProject/project_1/project_1_vitis/project_1_plat1/hw/design_1_wrapper1.xsa
TRACE::2026-04-18.11:19:10::SCWPlatform:: Unique name xilinx:zybo-z7-10::0.0
TRACE::2026-04-18.11:19:10::SCWPlatform::Trying to set the existing hwdb with name design_1_wrapper_5
TRACE::2026-04-18.11:19:10::SCWPlatform::Opened existing hwdb design_1_wrapper_5
TRACE::2026-04-18.11:19:10::SCWPlatform::Found the Hw Db part of the input DSA
TRACE::2026-04-18.11:19:10::SCWMssOS::Checking the sw design at  C:/Users/kc10b/Vivado/ECE520L/FinalProject/project_1/project_1_vitis/project_1_plat1/ps7_cortexa9_0/standalone_domain/bsp/system.mss
TRACE::2026-04-18.11:19:10::SCWMssOS::DEBUG:  swdes dump  C:/Users/kc10b/Vivado/ECE520L/FinalProject/project_1/project_1_vitis/project_1_plat/ps7_cortexa9_0/standalone_domain/bsp/system.mss|system_0||
C:/Users/kc10b/Vivado/ECE520L/FinalProject/project_1/project_1_vitis/project_1_plat/zynq_fsbl/zynq_fsbl_bsp/system.mss|system||
C:/Users/kc10b/Vivado/ECE520L/FinalProject/project_1/project_1_vitis/project_1_plat1/ps7_cortexa9_0/standalone_domain/bsp/system.mss|system_2||
C:/Users/kc10b/Vivado/ECE520L/FinalProject/project_1/project_1_vitis/project_1_plat1/zynq_fsbl/zynq_fsbl_bsp/system.mss|system_1||

TRACE::2026-04-18.11:19:10::SCWMssOS::Sw design exists and opened at  C:/Users/kc10b/Vivado/ECE520L/FinalProject/project_1/project_1_vitis/project_1_plat1/ps7_cortexa9_0/standalone_domain/bsp/system.mss
TRACE::2026-04-18.11:19:10::SCWPlatform::Trying to open the hw design at C:/Users/kc10b/Vivado/ECE520L/FinalProject/project_1/project_1_vitis/project_1_plat1/hw/design_1_wrapper1.xsa
TRACE::2026-04-18.11:19:10::SCWPlatform::DSA given C:/Users/kc10b/Vivado/ECE520L/FinalProject/project_1/project_1_vitis/project_1_plat1/hw/design_1_wrapper1.xsa
TRACE::2026-04-18.11:19:10::SCWPlatform::DSA absoulate path C:/Users/kc10b/Vivado/ECE520L/FinalProject/project_1/project_1_vitis/project_1_plat1/hw/design_1_wrapper1.xsa
TRACE::2026-04-18.11:19:10::SCWPlatform::DSA directory C:/Users/kc10b/Vivado/ECE520L/FinalProject/project_1/project_1_vitis/project_1_plat1/hw
TRACE::2026-04-18.11:19:10::SCWPlatform:: Platform Path C:/Users/kc10b/Vivado/ECE520L/FinalProject/project_1/project_1_vitis/project_1_plat1/hw/design_1_wrapper1.xsa
TRACE::2026-04-18.11:19:11::SCWPlatform:: Unique name xilinx:zybo-z7-10::0.0
TRACE::2026-04-18.11:19:11::SCWPlatform::Trying to set the existing hwdb with name design_1_wrapper_5
TRACE::2026-04-18.11:19:11::SCWPlatform::Opened existing hwdb design_1_wrapper_5
TRACE::2026-04-18.11:19:11::SCWPlatform::Found the Hw Db part of the input DSA
TRACE::2026-04-18.11:19:11::SCWMssOS::Checking the sw design at  C:/Users/kc10b/Vivado/ECE520L/FinalProject/project_1/project_1_vitis/project_1_plat1/ps7_cortexa9_0/standalone_domain/bsp/system.mss
TRACE::2026-04-18.11:19:11::SCWMssOS::DEBUG:  swdes dump  C:/Users/kc10b/Vivado/ECE520L/FinalProject/project_1/project_1_vitis/project_1_plat/ps7_cortexa9_0/standalone_domain/bsp/system.mss|system_0||
C:/Users/kc10b/Vivado/ECE520L/FinalProject/project_1/project_1_vitis/project_1_plat/zynq_fsbl/zynq_fsbl_bsp/system.mss|system||
C:/Users/kc10b/Vivado/ECE520L/FinalProject/project_1/project_1_vitis/project_1_plat1/ps7_cortexa9_0/standalone_domain/bsp/system.mss|system_2||
C:/Users/kc10b/Vivado/ECE520L/FinalProject/project_1/project_1_vitis/project_1_plat1/zynq_fsbl/zynq_fsbl_bsp/system.mss|system_1||

TRACE::2026-04-18.11:19:11::SCWMssOS::Sw design exists and opened at  C:/Users/kc10b/Vivado/ECE520L/FinalProject/project_1/project_1_vitis/project_1_plat1/ps7_cortexa9_0/standalone_domain/bsp/system.mss
TRACE::2026-04-18.11:19:11::SCWWriter::formatted JSON is {
	"platformName":	"project_1_plat1",
	"sprVersion":	"2.0",
	"mode":	"gui",
	"dsaType":	"Fixed",
	"platformDesc":	"project_1_plat1",
	"platHandOff":	"C:/Users/kc10b/Vivado/ECE520L/FinalProject/project_1/design_1_wrapper1.xsa",
	"platIntHandOff":	"<platformDir>/hw/design_1_wrapper1.xsa",
	"deviceType":	"zynq",
	"platIsPrebuiltAutogen":	"false",
	"platIsNoBootBsp":	"false",
	"platFsblTarget":	"ps7_cortexa9_0",
	"hasFsblMakeHasChanges":	"false",
	"hasPmufwMakeHasChanges":	"false",
	"fsblExtraCompilerFlags":	"-MMD -MP       -mcpu=cortex-a9 -mfpu=vfpv3 -mfloat-abi=hard ",
	"platPreBuiltFlag":	false,
	"platformSamplesDir":	"",
	"platActiveSys":	"project_1_plat1",
	"systems":	[{
			"systemName":	"project_1_plat1",
			"systemDesc":	"project_1_plat1",
			"sysIsBootAutoGen":	"true",
			"systemDispName":	"project_1_plat1",
			"sysActiveDom":	"standalone_domain",
			"sysDefaultDom":	"standalone_domain",
			"domains":	[{
					"domainName":	"zynq_fsbl",
					"domainDispName":	"zynq_fsbl",
					"domainDesc":	"FSBL Application BSP - Auto Generated.",
					"processors":	"ps7_cortexa9_0",
					"os":	"standalone",
					"sdxOs":	"standalone",
					"debugEnable":	"",
					"domRuntimes":	["cpp"],
					"swRepo":	"",
					"mssOsVer":	"8.1",
					"mssFile":	"",
					"md5Digest":	"1323684c4095fbbc921b32dcc7efd326",
					"compatibleApp":	"zynq_fsbl",
					"domType":	"bootDomain",
					"arch":	"32-bit",
					"appSettings":	{
						"appCompilerFlags":	"",
						"appLinkerFlags":	""
					},
					"addedLibs":	["xilffs:5.0", "xilrsa:1.6"],
					"libOptions":	{
						"libsContainingOptions":	[]
					},
					"prebuiltLibs":	{
						"prebuiltIncPath":	[],
						"prebuiltLibPath":	[]
					},
					"isolation":	{
					}
				}, {
					"domainName":	"standalone_domain",
					"domainDispName":	"standalone_domain",
					"domainDesc":	"standalone_domain",
					"processors":	"ps7_cortexa9_0",
					"os":	"standalone",
					"sdxOs":	"standalone",
					"qemuArgs":	"<platformDir>/resources/project_1_plat1/standalone_domain/qemu_args.txt",
					"qemuData":	"<platformDir>/resources/project_1_plat1/standalone_domain/qemu",
					"debugEnable":	"False",
					"domRuntimes":	["cpp"],
					"swRepo":	"",
					"mssOsVer":	"8.1",
					"mssFile":	"",
					"md5Digest":	"fe2128fe8c5b487e39e1c2948b2870c6",
					"compatibleApp":	"",
					"domType":	"mssDomain",
					"appSettings":	{
						"appCompilerFlags":	"",
						"appLinkerFlags":	""
					},
					"addedLibs":	[],
					"libOptions":	{
						"libsContainingOptions":	[]
					},
					"prebuiltLibs":	{
						"prebuiltIncPath":	[],
						"prebuiltLibPath":	[]
					},
					"isolation":	{
					}
				}]
		}]
}
TRACE::2026-04-18.11:19:11::SCWPlatform::Trying to open the hw design at C:/Users/kc10b/Vivado/ECE520L/FinalProject/project_1/project_1_vitis/project_1_plat1/hw/design_1_wrapper1.xsa
TRACE::2026-04-18.11:19:11::SCWPlatform::DSA given C:/Users/kc10b/Vivado/ECE520L/FinalProject/project_1/project_1_vitis/project_1_plat1/hw/design_1_wrapper1.xsa
TRACE::2026-04-18.11:19:11::SCWPlatform::DSA absoulate path C:/Users/kc10b/Vivado/ECE520L/FinalProject/project_1/project_1_vitis/project_1_plat1/hw/design_1_wrapper1.xsa
TRACE::2026-04-18.11:19:11::SCWPlatform::DSA directory C:/Users/kc10b/Vivado/ECE520L/FinalProject/project_1/project_1_vitis/project_1_plat1/hw
TRACE::2026-04-18.11:19:11::SCWPlatform:: Platform Path C:/Users/kc10b/Vivado/ECE520L/FinalProject/project_1/project_1_vitis/project_1_plat1/hw/design_1_wrapper1.xsa
TRACE::2026-04-18.11:19:11::SCWPlatform:: Unique name xilinx:zybo-z7-10::0.0
TRACE::2026-04-18.11:19:11::SCWPlatform::Trying to set the existing hwdb with name design_1_wrapper_5
TRACE::2026-04-18.11:19:11::SCWPlatform::Opened existing hwdb design_1_wrapper_5
TRACE::2026-04-18.11:19:11::SCWPlatform::Found the Hw Db part of the input DSA
TRACE::2026-04-18.11:19:11::SCWMssOS::Checking the sw design at  C:/Users/kc10b/Vivado/ECE520L/FinalProject/project_1/project_1_vitis/project_1_plat1/ps7_cortexa9_0/standalone_domain/bsp/system.mss
TRACE::2026-04-18.11:19:11::SCWMssOS::DEBUG:  swdes dump  C:/Users/kc10b/Vivado/ECE520L/FinalProject/project_1/project_1_vitis/project_1_plat/ps7_cortexa9_0/standalone_domain/bsp/system.mss|system_0||
C:/Users/kc10b/Vivado/ECE520L/FinalProject/project_1/project_1_vitis/project_1_plat/zynq_fsbl/zynq_fsbl_bsp/system.mss|system||
C:/Users/kc10b/Vivado/ECE520L/FinalProject/project_1/project_1_vitis/project_1_plat1/ps7_cortexa9_0/standalone_domain/bsp/system.mss|system_2||
C:/Users/kc10b/Vivado/ECE520L/FinalProject/project_1/project_1_vitis/project_1_plat1/zynq_fsbl/zynq_fsbl_bsp/system.mss|system_1||

TRACE::2026-04-18.11:19:11::SCWMssOS::Sw design exists and opened at  C:/Users/kc10b/Vivado/ECE520L/FinalProject/project_1/project_1_vitis/project_1_plat1/ps7_cortexa9_0/standalone_domain/bsp/system.mss
TRACE::2026-04-18.11:19:11::SCWPlatform::Trying to open the hw design at C:/Users/kc10b/Vivado/ECE520L/FinalProject/project_1/project_1_vitis/project_1_plat1/hw/design_1_wrapper1.xsa
TRACE::2026-04-18.11:19:11::SCWPlatform::DSA given C:/Users/kc10b/Vivado/ECE520L/FinalProject/project_1/project_1_vitis/project_1_plat1/hw/design_1_wrapper1.xsa
TRACE::2026-04-18.11:19:11::SCWPlatform::DSA absoulate path C:/Users/kc10b/Vivado/ECE520L/FinalProject/project_1/project_1_vitis/project_1_plat1/hw/design_1_wrapper1.xsa
TRACE::2026-04-18.11:19:11::SCWPlatform::DSA directory C:/Users/kc10b/Vivado/ECE520L/FinalProject/project_1/project_1_vitis/project_1_plat1/hw
TRACE::2026-04-18.11:19:11::SCWPlatform:: Platform Path C:/Users/kc10b/Vivado/ECE520L/FinalProject/project_1/project_1_vitis/project_1_plat1/hw/design_1_wrapper1.xsa
TRACE::2026-04-18.11:19:11::SCWPlatform:: Unique name xilinx:zybo-z7-10::0.0
TRACE::2026-04-18.11:19:11::SCWPlatform::Trying to set the existing hwdb with name design_1_wrapper_5
TRACE::2026-04-18.11:19:11::SCWPlatform::Opened existing hwdb design_1_wrapper_5
TRACE::2026-04-18.11:19:11::SCWPlatform::Found the Hw Db part of the input DSA
TRACE::2026-04-18.11:19:11::SCWMssOS::Checking the sw design at  C:/Users/kc10b/Vivado/ECE520L/FinalProject/project_1/project_1_vitis/project_1_plat1/ps7_cortexa9_0/standalone_domain/bsp/system.mss
TRACE::2026-04-18.11:19:11::SCWMssOS::DEBUG:  swdes dump  C:/Users/kc10b/Vivado/ECE520L/FinalProject/project_1/project_1_vitis/project_1_plat/ps7_cortexa9_0/standalone_domain/bsp/system.mss|system_0||
C:/Users/kc10b/Vivado/ECE520L/FinalProject/project_1/project_1_vitis/project_1_plat/zynq_fsbl/zynq_fsbl_bsp/system.mss|system||
C:/Users/kc10b/Vivado/ECE520L/FinalProject/project_1/project_1_vitis/project_1_plat1/ps7_cortexa9_0/standalone_domain/bsp/system.mss|system_2||
C:/Users/kc10b/Vivado/ECE520L/FinalProject/project_1/project_1_vitis/project_1_plat1/zynq_fsbl/zynq_fsbl_bsp/system.mss|system_1||

TRACE::2026-04-18.11:19:11::SCWMssOS::Sw design exists and opened at  C:/Users/kc10b/Vivado/ECE520L/FinalProject/project_1/project_1_vitis/project_1_plat1/ps7_cortexa9_0/standalone_domain/bsp/system.mss
TRACE::2026-04-18.11:19:11::SCWPlatform::Trying to open the hw design at C:/Users/kc10b/Vivado/ECE520L/FinalProject/project_1/project_1_vitis/project_1_plat1/hw/design_1_wrapper1.xsa
TRACE::2026-04-18.11:19:11::SCWPlatform::DSA given C:/Users/kc10b/Vivado/ECE520L/FinalProject/project_1/project_1_vitis/project_1_plat1/hw/design_1_wrapper1.xsa
TRACE::2026-04-18.11:19:11::SCWPlatform::DSA absoulate path C:/Users/kc10b/Vivado/ECE520L/FinalProject/project_1/project_1_vitis/project_1_plat1/hw/design_1_wrapper1.xsa
TRACE::2026-04-18.11:19:11::SCWPlatform::DSA directory C:/Users/kc10b/Vivado/ECE520L/FinalProject/project_1/project_1_vitis/project_1_plat1/hw
TRACE::2026-04-18.11:19:11::SCWPlatform:: Platform Path C:/Users/kc10b/Vivado/ECE520L/FinalProject/project_1/project_1_vitis/project_1_plat1/hw/design_1_wrapper1.xsa
TRACE::2026-04-18.11:19:11::SCWPlatform:: Unique name xilinx:zybo-z7-10::0.0
TRACE::2026-04-18.11:19:11::SCWPlatform::Trying to set the existing hwdb with name design_1_wrapper_5
TRACE::2026-04-18.11:19:11::SCWPlatform::Opened existing hwdb design_1_wrapper_5
TRACE::2026-04-18.11:19:11::SCWPlatform::Found the Hw Db part of the input DSA
TRACE::2026-04-18.11:19:11::SCWMssOS::Checking the sw design at  C:/Users/kc10b/Vivado/ECE520L/FinalProject/project_1/project_1_vitis/project_1_plat1/ps7_cortexa9_0/standalone_domain/bsp/system.mss
TRACE::2026-04-18.11:19:11::SCWMssOS::DEBUG:  swdes dump  C:/Users/kc10b/Vivado/ECE520L/FinalProject/project_1/project_1_vitis/project_1_plat/ps7_cortexa9_0/standalone_domain/bsp/system.mss|system_0||
C:/Users/kc10b/Vivado/ECE520L/FinalProject/project_1/project_1_vitis/project_1_plat/zynq_fsbl/zynq_fsbl_bsp/system.mss|system||
C:/Users/kc10b/Vivado/ECE520L/FinalProject/project_1/project_1_vitis/project_1_plat1/ps7_cortexa9_0/standalone_domain/bsp/system.mss|system_2||
C:/Users/kc10b/Vivado/ECE520L/FinalProject/project_1/project_1_vitis/project_1_plat1/zynq_fsbl/zynq_fsbl_bsp/system.mss|system_1||

TRACE::2026-04-18.11:19:11::SCWMssOS::Sw design exists and opened at  C:/Users/kc10b/Vivado/ECE520L/FinalProject/project_1/project_1_vitis/project_1_plat1/ps7_cortexa9_0/standalone_domain/bsp/system.mss
TRACE::2026-04-18.11:19:11::SCWMssOS::Saving the mss changes C:/Users/kc10b/Vivado/ECE520L/FinalProject/project_1/project_1_vitis/project_1_plat1/zynq_fsbl/zynq_fsbl_bsp/system.mss
TRACE::2026-04-18.11:19:11::SCWMssOS::Found a swdesign opened with the mssfile.
TRACE::2026-04-18.11:19:11::SCWMssOS::Completed writemss as part of save.
TRACE::2026-04-18.11:19:11::SCWMssOS::Commit changes completed.
TRACE::2026-04-18.11:19:11::SCWMssOS::Saving the mss changes C:/Users/kc10b/Vivado/ECE520L/FinalProject/project_1/project_1_vitis/project_1_plat1/ps7_cortexa9_0/standalone_domain/bsp/system.mss
TRACE::2026-04-18.11:19:11::SCWMssOS::Found a swdesign opened with the mssfile.
TRACE::2026-04-18.11:19:11::SCWMssOS::Completed writemss as part of save.
TRACE::2026-04-18.11:19:11::SCWMssOS::Commit changes completed.
TRACE::2026-04-18.11:19:11::SCWPlatform::Trying to open the hw design at C:/Users/kc10b/Vivado/ECE520L/FinalProject/project_1/project_1_vitis/project_1_plat1/hw/design_1_wrapper1.xsa
TRACE::2026-04-18.11:19:11::SCWPlatform::DSA given C:/Users/kc10b/Vivado/ECE520L/FinalProject/project_1/project_1_vitis/project_1_plat1/hw/design_1_wrapper1.xsa
TRACE::2026-04-18.11:19:11::SCWPlatform::DSA absoulate path C:/Users/kc10b/Vivado/ECE520L/FinalProject/project_1/project_1_vitis/project_1_plat1/hw/design_1_wrapper1.xsa
TRACE::2026-04-18.11:19:11::SCWPlatform::DSA directory C:/Users/kc10b/Vivado/ECE520L/FinalProject/project_1/project_1_vitis/project_1_plat1/hw
TRACE::2026-04-18.11:19:11::SCWPlatform:: Platform Path C:/Users/kc10b/Vivado/ECE520L/FinalProject/project_1/project_1_vitis/project_1_plat1/hw/design_1_wrapper1.xsa
TRACE::2026-04-18.11:19:11::SCWPlatform:: Unique name xilinx:zybo-z7-10::0.0
TRACE::2026-04-18.11:19:11::SCWPlatform::Trying to set the existing hwdb with name design_1_wrapper_5
TRACE::2026-04-18.11:19:11::SCWPlatform::Opened existing hwdb design_1_wrapper_5
TRACE::2026-04-18.11:19:11::SCWPlatform::Found the Hw Db part of the input DSA
TRACE::2026-04-18.11:19:11::SCWMssOS::Checking the sw design at  C:/Users/kc10b/Vivado/ECE520L/FinalProject/project_1/project_1_vitis/project_1_plat1/zynq_fsbl/zynq_fsbl_bsp/system.mss
TRACE::2026-04-18.11:19:11::SCWMssOS::DEBUG:  swdes dump  C:/Users/kc10b/Vivado/ECE520L/FinalProject/project_1/project_1_vitis/project_1_plat/ps7_cortexa9_0/standalone_domain/bsp/system.mss|system_0||
C:/Users/kc10b/Vivado/ECE520L/FinalProject/project_1/project_1_vitis/project_1_plat/zynq_fsbl/zynq_fsbl_bsp/system.mss|system||
C:/Users/kc10b/Vivado/ECE520L/FinalProject/project_1/project_1_vitis/project_1_plat1/ps7_cortexa9_0/standalone_domain/bsp/system.mss|system_2||
C:/Users/kc10b/Vivado/ECE520L/FinalProject/project_1/project_1_vitis/project_1_plat1/zynq_fsbl/zynq_fsbl_bsp/system.mss|system_1||

TRACE::2026-04-18.11:19:11::SCWMssOS::Sw design exists and opened at  C:/Users/kc10b/Vivado/ECE520L/FinalProject/project_1/project_1_vitis/project_1_plat1/zynq_fsbl/zynq_fsbl_bsp/system.mss
TRACE::2026-04-18.11:19:11::SCWPlatform::Trying to open the hw design at C:/Users/kc10b/Vivado/ECE520L/FinalProject/project_1/project_1_vitis/project_1_plat1/hw/design_1_wrapper1.xsa
TRACE::2026-04-18.11:19:11::SCWPlatform::DSA given C:/Users/kc10b/Vivado/ECE520L/FinalProject/project_1/project_1_vitis/project_1_plat1/hw/design_1_wrapper1.xsa
TRACE::2026-04-18.11:19:11::SCWPlatform::DSA absoulate path C:/Users/kc10b/Vivado/ECE520L/FinalProject/project_1/project_1_vitis/project_1_plat1/hw/design_1_wrapper1.xsa
TRACE::2026-04-18.11:19:11::SCWPlatform::DSA directory C:/Users/kc10b/Vivado/ECE520L/FinalProject/project_1/project_1_vitis/project_1_plat1/hw
TRACE::2026-04-18.11:19:11::SCWPlatform:: Platform Path C:/Users/kc10b/Vivado/ECE520L/FinalProject/project_1/project_1_vitis/project_1_plat1/hw/design_1_wrapper1.xsa
TRACE::2026-04-18.11:19:11::SCWPlatform:: Unique name xilinx:zybo-z7-10::0.0
TRACE::2026-04-18.11:19:11::SCWPlatform::Trying to set the existing hwdb with name design_1_wrapper_5
TRACE::2026-04-18.11:19:11::SCWPlatform::Opened existing hwdb design_1_wrapper_5
TRACE::2026-04-18.11:19:11::SCWPlatform::Found the Hw Db part of the input DSA
TRACE::2026-04-18.11:19:11::SCWMssOS::Checking the sw design at  C:/Users/kc10b/Vivado/ECE520L/FinalProject/project_1/project_1_vitis/project_1_plat1/zynq_fsbl/zynq_fsbl_bsp/system.mss
TRACE::2026-04-18.11:19:11::SCWMssOS::DEBUG:  swdes dump  C:/Users/kc10b/Vivado/ECE520L/FinalProject/project_1/project_1_vitis/project_1_plat/ps7_cortexa9_0/standalone_domain/bsp/system.mss|system_0||
C:/Users/kc10b/Vivado/ECE520L/FinalProject/project_1/project_1_vitis/project_1_plat/zynq_fsbl/zynq_fsbl_bsp/system.mss|system||
C:/Users/kc10b/Vivado/ECE520L/FinalProject/project_1/project_1_vitis/project_1_plat1/ps7_cortexa9_0/standalone_domain/bsp/system.mss|system_2||
C:/Users/kc10b/Vivado/ECE520L/FinalProject/project_1/project_1_vitis/project_1_plat1/zynq_fsbl/zynq_fsbl_bsp/system.mss|system_1||

TRACE::2026-04-18.11:19:11::SCWMssOS::Sw design exists and opened at  C:/Users/kc10b/Vivado/ECE520L/FinalProject/project_1/project_1_vitis/project_1_plat1/zynq_fsbl/zynq_fsbl_bsp/system.mss
TRACE::2026-04-18.11:19:11::SCWPlatform::Trying to open the hw design at C:/Users/kc10b/Vivado/ECE520L/FinalProject/project_1/project_1_vitis/project_1_plat1/hw/design_1_wrapper1.xsa
TRACE::2026-04-18.11:19:11::SCWPlatform::DSA given C:/Users/kc10b/Vivado/ECE520L/FinalProject/project_1/project_1_vitis/project_1_plat1/hw/design_1_wrapper1.xsa
TRACE::2026-04-18.11:19:11::SCWPlatform::DSA absoulate path C:/Users/kc10b/Vivado/ECE520L/FinalProject/project_1/project_1_vitis/project_1_plat1/hw/design_1_wrapper1.xsa
TRACE::2026-04-18.11:19:11::SCWPlatform::DSA directory C:/Users/kc10b/Vivado/ECE520L/FinalProject/project_1/project_1_vitis/project_1_plat1/hw
TRACE::2026-04-18.11:19:11::SCWPlatform:: Platform Path C:/Users/kc10b/Vivado/ECE520L/FinalProject/project_1/project_1_vitis/project_1_plat1/hw/design_1_wrapper1.xsa
TRACE::2026-04-18.11:19:11::SCWPlatform:: Unique name xilinx:zybo-z7-10::0.0
TRACE::2026-04-18.11:19:11::SCWPlatform::Trying to set the existing hwdb with name design_1_wrapper_5
TRACE::2026-04-18.11:19:11::SCWPlatform::Opened existing hwdb design_1_wrapper_5
TRACE::2026-04-18.11:19:11::SCWPlatform::Found the Hw Db part of the input DSA
TRACE::2026-04-18.11:19:11::SCWMssOS::Checking the sw design at  C:/Users/kc10b/Vivado/ECE520L/FinalProject/project_1/project_1_vitis/project_1_plat1/zynq_fsbl/zynq_fsbl_bsp/system.mss
TRACE::2026-04-18.11:19:11::SCWMssOS::DEBUG:  swdes dump  C:/Users/kc10b/Vivado/ECE520L/FinalProject/project_1/project_1_vitis/project_1_plat/ps7_cortexa9_0/standalone_domain/bsp/system.mss|system_0||
C:/Users/kc10b/Vivado/ECE520L/FinalProject/project_1/project_1_vitis/project_1_plat/zynq_fsbl/zynq_fsbl_bsp/system.mss|system||
C:/Users/kc10b/Vivado/ECE520L/FinalProject/project_1/project_1_vitis/project_1_plat1/ps7_cortexa9_0/standalone_domain/bsp/system.mss|system_2||
C:/Users/kc10b/Vivado/ECE520L/FinalProject/project_1/project_1_vitis/project_1_plat1/zynq_fsbl/zynq_fsbl_bsp/system.mss|system_1||

TRACE::2026-04-18.11:19:11::SCWMssOS::Sw design exists and opened at  C:/Users/kc10b/Vivado/ECE520L/FinalProject/project_1/project_1_vitis/project_1_plat1/zynq_fsbl/zynq_fsbl_bsp/system.mss
TRACE::2026-04-18.11:19:11::SCWPlatform::Trying to open the hw design at C:/Users/kc10b/Vivado/ECE520L/FinalProject/project_1/project_1_vitis/project_1_plat1/hw/design_1_wrapper1.xsa
TRACE::2026-04-18.11:19:11::SCWPlatform::DSA given C:/Users/kc10b/Vivado/ECE520L/FinalProject/project_1/project_1_vitis/project_1_plat1/hw/design_1_wrapper1.xsa
TRACE::2026-04-18.11:19:11::SCWPlatform::DSA absoulate path C:/Users/kc10b/Vivado/ECE520L/FinalProject/project_1/project_1_vitis/project_1_plat1/hw/design_1_wrapper1.xsa
TRACE::2026-04-18.11:19:11::SCWPlatform::DSA directory C:/Users/kc10b/Vivado/ECE520L/FinalProject/project_1/project_1_vitis/project_1_plat1/hw
TRACE::2026-04-18.11:19:11::SCWPlatform:: Platform Path C:/Users/kc10b/Vivado/ECE520L/FinalProject/project_1/project_1_vitis/project_1_plat1/hw/design_1_wrapper1.xsa
TRACE::2026-04-18.11:19:11::SCWPlatform:: Unique name xilinx:zybo-z7-10::0.0
TRACE::2026-04-18.11:19:11::SCWPlatform::Trying to set the existing hwdb with name design_1_wrapper_5
TRACE::2026-04-18.11:19:11::SCWPlatform::Opened existing hwdb design_1_wrapper_5
TRACE::2026-04-18.11:19:11::SCWPlatform::Found the Hw Db part of the input DSA
TRACE::2026-04-18.11:19:11::SCWMssOS::Checking the sw design at  C:/Users/kc10b/Vivado/ECE520L/FinalProject/project_1/project_1_vitis/project_1_plat1/ps7_cortexa9_0/standalone_domain/bsp/system.mss
TRACE::2026-04-18.11:19:11::SCWMssOS::DEBUG:  swdes dump  C:/Users/kc10b/Vivado/ECE520L/FinalProject/project_1/project_1_vitis/project_1_plat/ps7_cortexa9_0/standalone_domain/bsp/system.mss|system_0||
C:/Users/kc10b/Vivado/ECE520L/FinalProject/project_1/project_1_vitis/project_1_plat/zynq_fsbl/zynq_fsbl_bsp/system.mss|system||
C:/Users/kc10b/Vivado/ECE520L/FinalProject/project_1/project_1_vitis/project_1_plat1/ps7_cortexa9_0/standalone_domain/bsp/system.mss|system_2||
C:/Users/kc10b/Vivado/ECE520L/FinalProject/project_1/project_1_vitis/project_1_plat1/zynq_fsbl/zynq_fsbl_bsp/system.mss|system_1||

TRACE::2026-04-18.11:19:11::SCWMssOS::Sw design exists and opened at  C:/Users/kc10b/Vivado/ECE520L/FinalProject/project_1/project_1_vitis/project_1_plat1/ps7_cortexa9_0/standalone_domain/bsp/system.mss
TRACE::2026-04-18.11:19:11::SCWPlatform::Trying to open the hw design at C:/Users/kc10b/Vivado/ECE520L/FinalProject/project_1/project_1_vitis/project_1_plat1/hw/design_1_wrapper1.xsa
TRACE::2026-04-18.11:19:11::SCWPlatform::DSA given C:/Users/kc10b/Vivado/ECE520L/FinalProject/project_1/project_1_vitis/project_1_plat1/hw/design_1_wrapper1.xsa
TRACE::2026-04-18.11:19:11::SCWPlatform::DSA absoulate path C:/Users/kc10b/Vivado/ECE520L/FinalProject/project_1/project_1_vitis/project_1_plat1/hw/design_1_wrapper1.xsa
TRACE::2026-04-18.11:19:11::SCWPlatform::DSA directory C:/Users/kc10b/Vivado/ECE520L/FinalProject/project_1/project_1_vitis/project_1_plat1/hw
TRACE::2026-04-18.11:19:11::SCWPlatform:: Platform Path C:/Users/kc10b/Vivado/ECE520L/FinalProject/project_1/project_1_vitis/project_1_plat1/hw/design_1_wrapper1.xsa
TRACE::2026-04-18.11:19:11::SCWPlatform:: Unique name xilinx:zybo-z7-10::0.0
TRACE::2026-04-18.11:19:11::SCWPlatform::Trying to set the existing hwdb with name design_1_wrapper_5
TRACE::2026-04-18.11:19:11::SCWPlatform::Opened existing hwdb design_1_wrapper_5
TRACE::2026-04-18.11:19:11::SCWPlatform::Found the Hw Db part of the input DSA
TRACE::2026-04-18.11:19:11::SCWMssOS::Checking the sw design at  C:/Users/kc10b/Vivado/ECE520L/FinalProject/project_1/project_1_vitis/project_1_plat1/ps7_cortexa9_0/standalone_domain/bsp/system.mss
TRACE::2026-04-18.11:19:11::SCWMssOS::DEBUG:  swdes dump  C:/Users/kc10b/Vivado/ECE520L/FinalProject/project_1/project_1_vitis/project_1_plat/ps7_cortexa9_0/standalone_domain/bsp/system.mss|system_0||
C:/Users/kc10b/Vivado/ECE520L/FinalProject/project_1/project_1_vitis/project_1_plat/zynq_fsbl/zynq_fsbl_bsp/system.mss|system||
C:/Users/kc10b/Vivado/ECE520L/FinalProject/project_1/project_1_vitis/project_1_plat1/ps7_cortexa9_0/standalone_domain/bsp/system.mss|system_2||
C:/Users/kc10b/Vivado/ECE520L/FinalProject/project_1/project_1_vitis/project_1_plat1/zynq_fsbl/zynq_fsbl_bsp/system.mss|system_1||

TRACE::2026-04-18.11:19:11::SCWMssOS::Sw design exists and opened at  C:/Users/kc10b/Vivado/ECE520L/FinalProject/project_1/project_1_vitis/project_1_plat1/ps7_cortexa9_0/standalone_domain/bsp/system.mss
TRACE::2026-04-18.11:19:11::SCWPlatform::Trying to open the hw design at C:/Users/kc10b/Vivado/ECE520L/FinalProject/project_1/project_1_vitis/project_1_plat1/hw/design_1_wrapper1.xsa
TRACE::2026-04-18.11:19:11::SCWPlatform::DSA given C:/Users/kc10b/Vivado/ECE520L/FinalProject/project_1/project_1_vitis/project_1_plat1/hw/design_1_wrapper1.xsa
TRACE::2026-04-18.11:19:11::SCWPlatform::DSA absoulate path C:/Users/kc10b/Vivado/ECE520L/FinalProject/project_1/project_1_vitis/project_1_plat1/hw/design_1_wrapper1.xsa
TRACE::2026-04-18.11:19:11::SCWPlatform::DSA directory C:/Users/kc10b/Vivado/ECE520L/FinalProject/project_1/project_1_vitis/project_1_plat1/hw
TRACE::2026-04-18.11:19:11::SCWPlatform:: Platform Path C:/Users/kc10b/Vivado/ECE520L/FinalProject/project_1/project_1_vitis/project_1_plat1/hw/design_1_wrapper1.xsa
TRACE::2026-04-18.11:19:11::SCWPlatform:: Unique name xilinx:zybo-z7-10::0.0
TRACE::2026-04-18.11:19:11::SCWPlatform::Trying to set the existing hwdb with name design_1_wrapper_5
TRACE::2026-04-18.11:19:11::SCWPlatform::Opened existing hwdb design_1_wrapper_5
TRACE::2026-04-18.11:19:11::SCWPlatform::Found the Hw Db part of the input DSA
TRACE::2026-04-18.11:19:11::SCWMssOS::Checking the sw design at  C:/Users/kc10b/Vivado/ECE520L/FinalProject/project_1/project_1_vitis/project_1_plat1/ps7_cortexa9_0/standalone_domain/bsp/system.mss
TRACE::2026-04-18.11:19:11::SCWMssOS::DEBUG:  swdes dump  C:/Users/kc10b/Vivado/ECE520L/FinalProject/project_1/project_1_vitis/project_1_plat/ps7_cortexa9_0/standalone_domain/bsp/system.mss|system_0||
C:/Users/kc10b/Vivado/ECE520L/FinalProject/project_1/project_1_vitis/project_1_plat/zynq_fsbl/zynq_fsbl_bsp/system.mss|system||
C:/Users/kc10b/Vivado/ECE520L/FinalProject/project_1/project_1_vitis/project_1_plat1/ps7_cortexa9_0/standalone_domain/bsp/system.mss|system_2||
C:/Users/kc10b/Vivado/ECE520L/FinalProject/project_1/project_1_vitis/project_1_plat1/zynq_fsbl/zynq_fsbl_bsp/system.mss|system_1||

TRACE::2026-04-18.11:19:11::SCWMssOS::Sw design exists and opened at  C:/Users/kc10b/Vivado/ECE520L/FinalProject/project_1/project_1_vitis/project_1_plat1/ps7_cortexa9_0/standalone_domain/bsp/system.mss
TRACE::2026-04-18.11:19:11::SCWWriter::formatted JSON is {
	"platformName":	"project_1_plat1",
	"sprVersion":	"2.0",
	"mode":	"gui",
	"dsaType":	"Fixed",
	"platformDesc":	"project_1_plat1",
	"platHandOff":	"C:/Users/kc10b/Vivado/ECE520L/FinalProject/project_1/design_1_wrapper1.xsa",
	"platIntHandOff":	"<platformDir>/hw/design_1_wrapper1.xsa",
	"deviceType":	"zynq",
	"platIsPrebuiltAutogen":	"false",
	"platIsNoBootBsp":	"false",
	"platFsblTarget":	"ps7_cortexa9_0",
	"hasFsblMakeHasChanges":	"false",
	"hasPmufwMakeHasChanges":	"false",
	"fsblExtraCompilerFlags":	"-MMD -MP       -mcpu=cortex-a9 -mfpu=vfpv3 -mfloat-abi=hard ",
	"platPreBuiltFlag":	false,
	"platformSamplesDir":	"",
	"platActiveSys":	"project_1_plat1",
	"systems":	[{
			"systemName":	"project_1_plat1",
			"systemDesc":	"project_1_plat1",
			"sysIsBootAutoGen":	"true",
			"systemDispName":	"project_1_plat1",
			"sysActiveDom":	"standalone_domain",
			"sysDefaultDom":	"standalone_domain",
			"domains":	[{
					"domainName":	"zynq_fsbl",
					"domainDispName":	"zynq_fsbl",
					"domainDesc":	"FSBL Application BSP - Auto Generated.",
					"processors":	"ps7_cortexa9_0",
					"os":	"standalone",
					"sdxOs":	"standalone",
					"debugEnable":	"",
					"domRuntimes":	["cpp"],
					"swRepo":	"",
					"mssOsVer":	"8.1",
					"mssFile":	"",
					"md5Digest":	"1323684c4095fbbc921b32dcc7efd326",
					"compatibleApp":	"zynq_fsbl",
					"domType":	"bootDomain",
					"arch":	"32-bit",
					"appSettings":	{
						"appCompilerFlags":	"",
						"appLinkerFlags":	""
					},
					"addedLibs":	["xilffs:5.0", "xilrsa:1.6"],
					"libOptions":	{
						"libsContainingOptions":	[]
					},
					"prebuiltLibs":	{
						"prebuiltIncPath":	[],
						"prebuiltLibPath":	[]
					},
					"isolation":	{
					}
				}, {
					"domainName":	"standalone_domain",
					"domainDispName":	"standalone on ps7_cortexa9_0",
					"domainDesc":	"standalone_domain",
					"processors":	"ps7_cortexa9_0",
					"os":	"standalone",
					"sdxOs":	"standalone",
					"qemuArgs":	"<platformDir>/resources/project_1_plat1/standalone_domain/qemu_args.txt",
					"qemuData":	"<platformDir>/resources/project_1_plat1/standalone_domain/qemu",
					"debugEnable":	"False",
					"domRuntimes":	["cpp"],
					"swRepo":	"",
					"mssOsVer":	"8.1",
					"mssFile":	"",
					"md5Digest":	"fe2128fe8c5b487e39e1c2948b2870c6",
					"compatibleApp":	"",
					"domType":	"mssDomain",
					"appSettings":	{
						"appCompilerFlags":	"",
						"appLinkerFlags":	""
					},
					"addedLibs":	[],
					"libOptions":	{
						"libsContainingOptions":	[]
					},
					"prebuiltLibs":	{
						"prebuiltIncPath":	[],
						"prebuiltLibPath":	[]
					},
					"isolation":	{
					}
				}]
		}]
}
TRACE::2026-04-18.11:19:11::SCWMssOS::Saving the mss changes C:/Users/kc10b/Vivado/ECE520L/FinalProject/project_1/project_1_vitis/project_1_plat1/zynq_fsbl/zynq_fsbl_bsp/system.mss
TRACE::2026-04-18.11:19:11::SCWMssOS::Found a swdesign opened with the mssfile.
TRACE::2026-04-18.11:19:11::SCWMssOS::Completed writemss as part of save.
TRACE::2026-04-18.11:19:11::SCWMssOS::Commit changes completed.
TRACE::2026-04-18.11:19:11::SCWMssOS::Saving the mss changes C:/Users/kc10b/Vivado/ECE520L/FinalProject/project_1/project_1_vitis/project_1_plat1/ps7_cortexa9_0/standalone_domain/bsp/system.mss
TRACE::2026-04-18.11:19:11::SCWMssOS::Found a swdesign opened with the mssfile.
TRACE::2026-04-18.11:19:11::SCWMssOS::Completed writemss as part of save.
TRACE::2026-04-18.11:19:11::SCWMssOS::Commit changes completed.
TRACE::2026-04-18.11:19:11::SCWPlatform::Trying to open the hw design at C:/Users/kc10b/Vivado/ECE520L/FinalProject/project_1/project_1_vitis/project_1_plat1/hw/design_1_wrapper1.xsa
TRACE::2026-04-18.11:19:11::SCWPlatform::DSA given C:/Users/kc10b/Vivado/ECE520L/FinalProject/project_1/project_1_vitis/project_1_plat1/hw/design_1_wrapper1.xsa
TRACE::2026-04-18.11:19:11::SCWPlatform::DSA absoulate path C:/Users/kc10b/Vivado/ECE520L/FinalProject/project_1/project_1_vitis/project_1_plat1/hw/design_1_wrapper1.xsa
TRACE::2026-04-18.11:19:11::SCWPlatform::DSA directory C:/Users/kc10b/Vivado/ECE520L/FinalProject/project_1/project_1_vitis/project_1_plat1/hw
TRACE::2026-04-18.11:19:11::SCWPlatform:: Platform Path C:/Users/kc10b/Vivado/ECE520L/FinalProject/project_1/project_1_vitis/project_1_plat1/hw/design_1_wrapper1.xsa
TRACE::2026-04-18.11:19:11::SCWPlatform:: Unique name xilinx:zybo-z7-10::0.0
TRACE::2026-04-18.11:19:11::SCWPlatform::Trying to set the existing hwdb with name design_1_wrapper_5
TRACE::2026-04-18.11:19:11::SCWPlatform::Opened existing hwdb design_1_wrapper_5
TRACE::2026-04-18.11:19:11::SCWPlatform::Found the Hw Db part of the input DSA
TRACE::2026-04-18.11:19:11::SCWMssOS::Checking the sw design at  C:/Users/kc10b/Vivado/ECE520L/FinalProject/project_1/project_1_vitis/project_1_plat1/zynq_fsbl/zynq_fsbl_bsp/system.mss
TRACE::2026-04-18.11:19:11::SCWMssOS::DEBUG:  swdes dump  C:/Users/kc10b/Vivado/ECE520L/FinalProject/project_1/project_1_vitis/project_1_plat/ps7_cortexa9_0/standalone_domain/bsp/system.mss|system_0||
C:/Users/kc10b/Vivado/ECE520L/FinalProject/project_1/project_1_vitis/project_1_plat/zynq_fsbl/zynq_fsbl_bsp/system.mss|system||
C:/Users/kc10b/Vivado/ECE520L/FinalProject/project_1/project_1_vitis/project_1_plat1/ps7_cortexa9_0/standalone_domain/bsp/system.mss|system_2||
C:/Users/kc10b/Vivado/ECE520L/FinalProject/project_1/project_1_vitis/project_1_plat1/zynq_fsbl/zynq_fsbl_bsp/system.mss|system_1||

TRACE::2026-04-18.11:19:11::SCWMssOS::Sw design exists and opened at  C:/Users/kc10b/Vivado/ECE520L/FinalProject/project_1/project_1_vitis/project_1_plat1/zynq_fsbl/zynq_fsbl_bsp/system.mss
TRACE::2026-04-18.11:19:11::SCWPlatform::Trying to open the hw design at C:/Users/kc10b/Vivado/ECE520L/FinalProject/project_1/project_1_vitis/project_1_plat1/hw/design_1_wrapper1.xsa
TRACE::2026-04-18.11:19:11::SCWPlatform::DSA given C:/Users/kc10b/Vivado/ECE520L/FinalProject/project_1/project_1_vitis/project_1_plat1/hw/design_1_wrapper1.xsa
TRACE::2026-04-18.11:19:11::SCWPlatform::DSA absoulate path C:/Users/kc10b/Vivado/ECE520L/FinalProject/project_1/project_1_vitis/project_1_plat1/hw/design_1_wrapper1.xsa
TRACE::2026-04-18.11:19:11::SCWPlatform::DSA directory C:/Users/kc10b/Vivado/ECE520L/FinalProject/project_1/project_1_vitis/project_1_plat1/hw
TRACE::2026-04-18.11:19:11::SCWPlatform:: Platform Path C:/Users/kc10b/Vivado/ECE520L/FinalProject/project_1/project_1_vitis/project_1_plat1/hw/design_1_wrapper1.xsa
TRACE::2026-04-18.11:19:11::SCWPlatform:: Unique name xilinx:zybo-z7-10::0.0
TRACE::2026-04-18.11:19:11::SCWPlatform::Trying to set the existing hwdb with name design_1_wrapper_5
TRACE::2026-04-18.11:19:11::SCWPlatform::Opened existing hwdb design_1_wrapper_5
TRACE::2026-04-18.11:19:11::SCWPlatform::Found the Hw Db part of the input DSA
TRACE::2026-04-18.11:19:11::SCWMssOS::Checking the sw design at  C:/Users/kc10b/Vivado/ECE520L/FinalProject/project_1/project_1_vitis/project_1_plat1/zynq_fsbl/zynq_fsbl_bsp/system.mss
TRACE::2026-04-18.11:19:11::SCWMssOS::DEBUG:  swdes dump  C:/Users/kc10b/Vivado/ECE520L/FinalProject/project_1/project_1_vitis/project_1_plat/ps7_cortexa9_0/standalone_domain/bsp/system.mss|system_0||
C:/Users/kc10b/Vivado/ECE520L/FinalProject/project_1/project_1_vitis/project_1_plat/zynq_fsbl/zynq_fsbl_bsp/system.mss|system||
C:/Users/kc10b/Vivado/ECE520L/FinalProject/project_1/project_1_vitis/project_1_plat1/ps7_cortexa9_0/standalone_domain/bsp/system.mss|system_2||
C:/Users/kc10b/Vivado/ECE520L/FinalProject/project_1/project_1_vitis/project_1_plat1/zynq_fsbl/zynq_fsbl_bsp/system.mss|system_1||

TRACE::2026-04-18.11:19:11::SCWMssOS::Sw design exists and opened at  C:/Users/kc10b/Vivado/ECE520L/FinalProject/project_1/project_1_vitis/project_1_plat1/zynq_fsbl/zynq_fsbl_bsp/system.mss
TRACE::2026-04-18.11:19:11::SCWPlatform::Trying to open the hw design at C:/Users/kc10b/Vivado/ECE520L/FinalProject/project_1/project_1_vitis/project_1_plat1/hw/design_1_wrapper1.xsa
TRACE::2026-04-18.11:19:11::SCWPlatform::DSA given C:/Users/kc10b/Vivado/ECE520L/FinalProject/project_1/project_1_vitis/project_1_plat1/hw/design_1_wrapper1.xsa
TRACE::2026-04-18.11:19:11::SCWPlatform::DSA absoulate path C:/Users/kc10b/Vivado/ECE520L/FinalProject/project_1/project_1_vitis/project_1_plat1/hw/design_1_wrapper1.xsa
TRACE::2026-04-18.11:19:11::SCWPlatform::DSA directory C:/Users/kc10b/Vivado/ECE520L/FinalProject/project_1/project_1_vitis/project_1_plat1/hw
TRACE::2026-04-18.11:19:11::SCWPlatform:: Platform Path C:/Users/kc10b/Vivado/ECE520L/FinalProject/project_1/project_1_vitis/project_1_plat1/hw/design_1_wrapper1.xsa
TRACE::2026-04-18.11:19:11::SCWPlatform:: Unique name xilinx:zybo-z7-10::0.0
TRACE::2026-04-18.11:19:11::SCWPlatform::Trying to set the existing hwdb with name design_1_wrapper_5
TRACE::2026-04-18.11:19:11::SCWPlatform::Opened existing hwdb design_1_wrapper_5
TRACE::2026-04-18.11:19:11::SCWPlatform::Found the Hw Db part of the input DSA
TRACE::2026-04-18.11:19:11::SCWMssOS::Checking the sw design at  C:/Users/kc10b/Vivado/ECE520L/FinalProject/project_1/project_1_vitis/project_1_plat1/zynq_fsbl/zynq_fsbl_bsp/system.mss
TRACE::2026-04-18.11:19:11::SCWMssOS::DEBUG:  swdes dump  C:/Users/kc10b/Vivado/ECE520L/FinalProject/project_1/project_1_vitis/project_1_plat/ps7_cortexa9_0/standalone_domain/bsp/system.mss|system_0||
C:/Users/kc10b/Vivado/ECE520L/FinalProject/project_1/project_1_vitis/project_1_plat/zynq_fsbl/zynq_fsbl_bsp/system.mss|system||
C:/Users/kc10b/Vivado/ECE520L/FinalProject/project_1/project_1_vitis/project_1_plat1/ps7_cortexa9_0/standalone_domain/bsp/system.mss|system_2||
C:/Users/kc10b/Vivado/ECE520L/FinalProject/project_1/project_1_vitis/project_1_plat1/zynq_fsbl/zynq_fsbl_bsp/system.mss|system_1||

TRACE::2026-04-18.11:19:11::SCWMssOS::Sw design exists and opened at  C:/Users/kc10b/Vivado/ECE520L/FinalProject/project_1/project_1_vitis/project_1_plat1/zynq_fsbl/zynq_fsbl_bsp/system.mss
TRACE::2026-04-18.11:19:11::SCWPlatform::Trying to open the hw design at C:/Users/kc10b/Vivado/ECE520L/FinalProject/project_1/project_1_vitis/project_1_plat1/hw/design_1_wrapper1.xsa
TRACE::2026-04-18.11:19:11::SCWPlatform::DSA given C:/Users/kc10b/Vivado/ECE520L/FinalProject/project_1/project_1_vitis/project_1_plat1/hw/design_1_wrapper1.xsa
TRACE::2026-04-18.11:19:11::SCWPlatform::DSA absoulate path C:/Users/kc10b/Vivado/ECE520L/FinalProject/project_1/project_1_vitis/project_1_plat1/hw/design_1_wrapper1.xsa
TRACE::2026-04-18.11:19:11::SCWPlatform::DSA directory C:/Users/kc10b/Vivado/ECE520L/FinalProject/project_1/project_1_vitis/project_1_plat1/hw
TRACE::2026-04-18.11:19:11::SCWPlatform:: Platform Path C:/Users/kc10b/Vivado/ECE520L/FinalProject/project_1/project_1_vitis/project_1_plat1/hw/design_1_wrapper1.xsa
TRACE::2026-04-18.11:19:11::SCWPlatform:: Unique name xilinx:zybo-z7-10::0.0
TRACE::2026-04-18.11:19:11::SCWPlatform::Trying to set the existing hwdb with name design_1_wrapper_5
TRACE::2026-04-18.11:19:11::SCWPlatform::Opened existing hwdb design_1_wrapper_5
TRACE::2026-04-18.11:19:11::SCWPlatform::Found the Hw Db part of the input DSA
TRACE::2026-04-18.11:19:11::SCWMssOS::Checking the sw design at  C:/Users/kc10b/Vivado/ECE520L/FinalProject/project_1/project_1_vitis/project_1_plat1/ps7_cortexa9_0/standalone_domain/bsp/system.mss
TRACE::2026-04-18.11:19:11::SCWMssOS::DEBUG:  swdes dump  C:/Users/kc10b/Vivado/ECE520L/FinalProject/project_1/project_1_vitis/project_1_plat/ps7_cortexa9_0/standalone_domain/bsp/system.mss|system_0||
C:/Users/kc10b/Vivado/ECE520L/FinalProject/project_1/project_1_vitis/project_1_plat/zynq_fsbl/zynq_fsbl_bsp/system.mss|system||
C:/Users/kc10b/Vivado/ECE520L/FinalProject/project_1/project_1_vitis/project_1_plat1/ps7_cortexa9_0/standalone_domain/bsp/system.mss|system_2||
C:/Users/kc10b/Vivado/ECE520L/FinalProject/project_1/project_1_vitis/project_1_plat1/zynq_fsbl/zynq_fsbl_bsp/system.mss|system_1||

TRACE::2026-04-18.11:19:11::SCWMssOS::Sw design exists and opened at  C:/Users/kc10b/Vivado/ECE520L/FinalProject/project_1/project_1_vitis/project_1_plat1/ps7_cortexa9_0/standalone_domain/bsp/system.mss
TRACE::2026-04-18.11:19:11::SCWPlatform::Trying to open the hw design at C:/Users/kc10b/Vivado/ECE520L/FinalProject/project_1/project_1_vitis/project_1_plat1/hw/design_1_wrapper1.xsa
TRACE::2026-04-18.11:19:11::SCWPlatform::DSA given C:/Users/kc10b/Vivado/ECE520L/FinalProject/project_1/project_1_vitis/project_1_plat1/hw/design_1_wrapper1.xsa
TRACE::2026-04-18.11:19:11::SCWPlatform::DSA absoulate path C:/Users/kc10b/Vivado/ECE520L/FinalProject/project_1/project_1_vitis/project_1_plat1/hw/design_1_wrapper1.xsa
TRACE::2026-04-18.11:19:11::SCWPlatform::DSA directory C:/Users/kc10b/Vivado/ECE520L/FinalProject/project_1/project_1_vitis/project_1_plat1/hw
TRACE::2026-04-18.11:19:11::SCWPlatform:: Platform Path C:/Users/kc10b/Vivado/ECE520L/FinalProject/project_1/project_1_vitis/project_1_plat1/hw/design_1_wrapper1.xsa
TRACE::2026-04-18.11:19:11::SCWPlatform:: Unique name xilinx:zybo-z7-10::0.0
TRACE::2026-04-18.11:19:11::SCWPlatform::Trying to set the existing hwdb with name design_1_wrapper_5
TRACE::2026-04-18.11:19:11::SCWPlatform::Opened existing hwdb design_1_wrapper_5
TRACE::2026-04-18.11:19:11::SCWPlatform::Found the Hw Db part of the input DSA
TRACE::2026-04-18.11:19:11::SCWMssOS::Checking the sw design at  C:/Users/kc10b/Vivado/ECE520L/FinalProject/project_1/project_1_vitis/project_1_plat1/ps7_cortexa9_0/standalone_domain/bsp/system.mss
TRACE::2026-04-18.11:19:11::SCWMssOS::DEBUG:  swdes dump  C:/Users/kc10b/Vivado/ECE520L/FinalProject/project_1/project_1_vitis/project_1_plat/ps7_cortexa9_0/standalone_domain/bsp/system.mss|system_0||
C:/Users/kc10b/Vivado/ECE520L/FinalProject/project_1/project_1_vitis/project_1_plat/zynq_fsbl/zynq_fsbl_bsp/system.mss|system||
C:/Users/kc10b/Vivado/ECE520L/FinalProject/project_1/project_1_vitis/project_1_plat1/ps7_cortexa9_0/standalone_domain/bsp/system.mss|system_2||
C:/Users/kc10b/Vivado/ECE520L/FinalProject/project_1/project_1_vitis/project_1_plat1/zynq_fsbl/zynq_fsbl_bsp/system.mss|system_1||

TRACE::2026-04-18.11:19:11::SCWMssOS::Sw design exists and opened at  C:/Users/kc10b/Vivado/ECE520L/FinalProject/project_1/project_1_vitis/project_1_plat1/ps7_cortexa9_0/standalone_domain/bsp/system.mss
TRACE::2026-04-18.11:19:11::SCWPlatform::Trying to open the hw design at C:/Users/kc10b/Vivado/ECE520L/FinalProject/project_1/project_1_vitis/project_1_plat1/hw/design_1_wrapper1.xsa
TRACE::2026-04-18.11:19:11::SCWPlatform::DSA given C:/Users/kc10b/Vivado/ECE520L/FinalProject/project_1/project_1_vitis/project_1_plat1/hw/design_1_wrapper1.xsa
TRACE::2026-04-18.11:19:11::SCWPlatform::DSA absoulate path C:/Users/kc10b/Vivado/ECE520L/FinalProject/project_1/project_1_vitis/project_1_plat1/hw/design_1_wrapper1.xsa
TRACE::2026-04-18.11:19:11::SCWPlatform::DSA directory C:/Users/kc10b/Vivado/ECE520L/FinalProject/project_1/project_1_vitis/project_1_plat1/hw
TRACE::2026-04-18.11:19:11::SCWPlatform:: Platform Path C:/Users/kc10b/Vivado/ECE520L/FinalProject/project_1/project_1_vitis/project_1_plat1/hw/design_1_wrapper1.xsa
TRACE::2026-04-18.11:19:11::SCWPlatform:: Unique name xilinx:zybo-z7-10::0.0
TRACE::2026-04-18.11:19:11::SCWPlatform::Trying to set the existing hwdb with name design_1_wrapper_5
TRACE::2026-04-18.11:19:11::SCWPlatform::Opened existing hwdb design_1_wrapper_5
TRACE::2026-04-18.11:19:11::SCWPlatform::Found the Hw Db part of the input DSA
TRACE::2026-04-18.11:19:11::SCWMssOS::Checking the sw design at  C:/Users/kc10b/Vivado/ECE520L/FinalProject/project_1/project_1_vitis/project_1_plat1/ps7_cortexa9_0/standalone_domain/bsp/system.mss
TRACE::2026-04-18.11:19:11::SCWMssOS::DEBUG:  swdes dump  C:/Users/kc10b/Vivado/ECE520L/FinalProject/project_1/project_1_vitis/project_1_plat/ps7_cortexa9_0/standalone_domain/bsp/system.mss|system_0||
C:/Users/kc10b/Vivado/ECE520L/FinalProject/project_1/project_1_vitis/project_1_plat/zynq_fsbl/zynq_fsbl_bsp/system.mss|system||
C:/Users/kc10b/Vivado/ECE520L/FinalProject/project_1/project_1_vitis/project_1_plat1/ps7_cortexa9_0/standalone_domain/bsp/system.mss|system_2||
C:/Users/kc10b/Vivado/ECE520L/FinalProject/project_1/project_1_vitis/project_1_plat1/zynq_fsbl/zynq_fsbl_bsp/system.mss|system_1||

TRACE::2026-04-18.11:19:11::SCWMssOS::Sw design exists and opened at  C:/Users/kc10b/Vivado/ECE520L/FinalProject/project_1/project_1_vitis/project_1_plat1/ps7_cortexa9_0/standalone_domain/bsp/system.mss
TRACE::2026-04-18.11:19:11::SCWWriter::formatted JSON is {
	"platformName":	"project_1_plat1",
	"sprVersion":	"2.0",
	"mode":	"gui",
	"dsaType":	"Fixed",
	"platformDesc":	"project_1_plat1",
	"platHandOff":	"C:/Users/kc10b/Vivado/ECE520L/FinalProject/project_1/design_1_wrapper1.xsa",
	"platIntHandOff":	"<platformDir>/hw/design_1_wrapper1.xsa",
	"deviceType":	"zynq",
	"platIsPrebuiltAutogen":	"false",
	"platIsNoBootBsp":	"false",
	"platFsblTarget":	"ps7_cortexa9_0",
	"hasFsblMakeHasChanges":	"false",
	"hasPmufwMakeHasChanges":	"false",
	"fsblExtraCompilerFlags":	"-MMD -MP       -mcpu=cortex-a9 -mfpu=vfpv3 -mfloat-abi=hard ",
	"platPreBuiltFlag":	false,
	"platformSamplesDir":	"",
	"platActiveSys":	"project_1_plat1",
	"systems":	[{
			"systemName":	"project_1_plat1",
			"systemDesc":	"project_1_plat1",
			"sysIsBootAutoGen":	"true",
			"systemDispName":	"project_1_plat1",
			"sysActiveDom":	"standalone_domain",
			"sysDefaultDom":	"standalone_domain",
			"domains":	[{
					"domainName":	"zynq_fsbl",
					"domainDispName":	"zynq_fsbl",
					"domainDesc":	"FSBL Application BSP - Auto Generated.",
					"processors":	"ps7_cortexa9_0",
					"os":	"standalone",
					"sdxOs":	"standalone",
					"debugEnable":	"",
					"domRuntimes":	["cpp"],
					"swRepo":	"",
					"mssOsVer":	"8.1",
					"mssFile":	"",
					"md5Digest":	"1323684c4095fbbc921b32dcc7efd326",
					"compatibleApp":	"zynq_fsbl",
					"domType":	"bootDomain",
					"arch":	"32-bit",
					"appSettings":	{
						"appCompilerFlags":	"",
						"appLinkerFlags":	""
					},
					"addedLibs":	["xilffs:5.0", "xilrsa:1.6"],
					"libOptions":	{
						"libsContainingOptions":	[]
					},
					"prebuiltLibs":	{
						"prebuiltIncPath":	[],
						"prebuiltLibPath":	[]
					},
					"isolation":	{
					}
				}, {
					"domainName":	"standalone_domain",
					"domainDispName":	"standalone on ps7_cortexa9_0",
					"domainDesc":	"standalone_domain",
					"processors":	"ps7_cortexa9_0",
					"os":	"standalone",
					"sdxOs":	"standalone",
					"qemuArgs":	"<platformDir>/resources/project_1_plat1/standalone_domain/qemu_args.txt",
					"qemuData":	"<platformDir>/resources/project_1_plat1/standalone_domain/qemu",
					"debugEnable":	"False",
					"domRuntimes":	["cpp"],
					"swRepo":	"",
					"mssOsVer":	"8.1",
					"mssFile":	"",
					"md5Digest":	"fe2128fe8c5b487e39e1c2948b2870c6",
					"compatibleApp":	"",
					"domType":	"mssDomain",
					"appSettings":	{
						"appCompilerFlags":	"",
						"appLinkerFlags":	""
					},
					"addedLibs":	[],
					"libOptions":	{
						"libsContainingOptions":	[]
					},
					"prebuiltLibs":	{
						"prebuiltIncPath":	[],
						"prebuiltLibPath":	[]
					},
					"isolation":	{
					}
				}]
		}]
}
TRACE::2026-04-18.11:19:11::SCWPlatform::Clearing the existing platform
TRACE::2026-04-18.11:19:11::SCWSystem::Clearing the existing sysconfig
TRACE::2026-04-18.11:19:11::SCWBDomain::clearing the fsbl build
TRACE::2026-04-18.11:19:11::SCWMssOS::Removing the swdes entry for  C:/Users/kc10b/Vivado/ECE520L/FinalProject/project_1/project_1_vitis/project_1_plat1/zynq_fsbl/zynq_fsbl_bsp/system.mss
TRACE::2026-04-18.11:19:11::SCWMssOS::Removing the swdes entry for  C:/Users/kc10b/Vivado/ECE520L/FinalProject/project_1/project_1_vitis/project_1_plat1/ps7_cortexa9_0/standalone_domain/bsp/system.mss
TRACE::2026-04-18.11:19:11::SCWSystem::Clearing the domains completed.
TRACE::2026-04-18.11:19:11::SCWPlatform::Clearing the opened hw db.
TRACE::2026-04-18.11:19:11::SCWPlatform::DSA given C:/Users/kc10b/Vivado/ECE520L/FinalProject/project_1/project_1_vitis/project_1_plat1/hw/design_1_wrapper1.xsa
TRACE::2026-04-18.11:19:11::SCWPlatform::DSA absoulate path C:/Users/kc10b/Vivado/ECE520L/FinalProject/project_1/project_1_vitis/project_1_plat1/hw/design_1_wrapper1.xsa
TRACE::2026-04-18.11:19:11::SCWPlatform:: Platform location is C:/Users/kc10b/Vivado/ECE520L/FinalProject/project_1/project_1_vitis/project_1_plat1/hw
TRACE::2026-04-18.11:19:11::SCWPlatform:: Platform Path C:/Users/kc10b/Vivado/ECE520L/FinalProject/project_1/project_1_vitis/project_1_plat1/hw/design_1_wrapper1.xsa
TRACE::2026-04-18.11:19:11::SCWPlatform:: Unique name xilinx:zybo-z7-10::0.0
TRACE::2026-04-18.11:19:11::SCWPlatform::Removing the HwDB with name C:/Users/kc10b/Vivado/ECE520L/FinalProject/project_1/project_1_vitis/project_1_plat1/hw/design_1_wrapper1.xsa
TRACE::2026-04-18.11:19:11::SCWPlatform::Trying to open the hw design at C:/Users/kc10b/Vivado/ECE520L/FinalProject/project_1/project_1_vitis/project_1_plat1/hw/design_1_wrapper1.xsa
TRACE::2026-04-18.11:19:11::SCWPlatform::DSA given C:/Users/kc10b/Vivado/ECE520L/FinalProject/project_1/project_1_vitis/project_1_plat1/hw/design_1_wrapper1.xsa
TRACE::2026-04-18.11:19:11::SCWPlatform::DSA absoulate path C:/Users/kc10b/Vivado/ECE520L/FinalProject/project_1/project_1_vitis/project_1_plat1/hw/design_1_wrapper1.xsa
TRACE::2026-04-18.11:19:11::SCWPlatform::DSA directory C:/Users/kc10b/Vivado/ECE520L/FinalProject/project_1/project_1_vitis/project_1_plat1/hw
TRACE::2026-04-18.11:19:11::SCWPlatform:: Platform Path C:/Users/kc10b/Vivado/ECE520L/FinalProject/project_1/project_1_vitis/project_1_plat1/hw/design_1_wrapper1.xsa
TRACE::2026-04-18.11:19:11::SCWPlatform:: Unique name xilinx:zybo-z7-10::0.0
TRACE::2026-04-18.11:19:11::SCWPlatform::Do not have an existing db opened. 
TRACE::2026-04-18.11:19:14::SCWPlatform::Opened new HwDB with name design_1_wrapper_6
TRACE::2026-04-18.11:19:14::SCWReader::Active system found as  project_1_plat1
TRACE::2026-04-18.11:19:14::SCWReader::Handling sysconfig project_1_plat1
TRACE::2026-04-18.11:19:14::SCWDomain::checking for install qemu data   : 
TRACE::2026-04-18.11:19:14::SCWDomain:: Using the QEMU Data from install at  : C:/Xilinx/Vitis/2023.1/data/emulation/platforms/zynq/sw/a9_standalone/qemu/
TRACE::2026-04-18.11:19:14::SCWDomain:: Using the QEMU args  from install at  : C:/Xilinx/Vitis/2023.1/data/emulation/platforms/zynq/sw/a9_standalone/qemu/qemu_args.txt
TRACE::2026-04-18.11:19:14::SCWPlatform::Trying to open the hw design at C:/Users/kc10b/Vivado/ECE520L/FinalProject/project_1/project_1_vitis/project_1_plat1/hw/design_1_wrapper1.xsa
TRACE::2026-04-18.11:19:14::SCWPlatform::DSA given C:/Users/kc10b/Vivado/ECE520L/FinalProject/project_1/project_1_vitis/project_1_plat1/hw/design_1_wrapper1.xsa
TRACE::2026-04-18.11:19:14::SCWPlatform::DSA absoulate path C:/Users/kc10b/Vivado/ECE520L/FinalProject/project_1/project_1_vitis/project_1_plat1/hw/design_1_wrapper1.xsa
TRACE::2026-04-18.11:19:14::SCWPlatform::DSA directory C:/Users/kc10b/Vivado/ECE520L/FinalProject/project_1/project_1_vitis/project_1_plat1/hw
TRACE::2026-04-18.11:19:14::SCWPlatform:: Platform Path C:/Users/kc10b/Vivado/ECE520L/FinalProject/project_1/project_1_vitis/project_1_plat1/hw/design_1_wrapper1.xsa
TRACE::2026-04-18.11:19:14::SCWPlatform:: Unique name xilinx:zybo-z7-10::0.0
TRACE::2026-04-18.11:19:14::SCWPlatform::Trying to set the existing hwdb with name design_1_wrapper_6
TRACE::2026-04-18.11:19:14::SCWPlatform::Opened existing hwdb design_1_wrapper_6
TRACE::2026-04-18.11:19:14::SCWPlatform::Found the Hw Db part of the input DSA
TRACE::2026-04-18.11:19:14::SCWPlatform::Trying to open the hw design at C:/Users/kc10b/Vivado/ECE520L/FinalProject/project_1/project_1_vitis/project_1_plat1/hw/design_1_wrapper1.xsa
TRACE::2026-04-18.11:19:14::SCWPlatform::DSA given C:/Users/kc10b/Vivado/ECE520L/FinalProject/project_1/project_1_vitis/project_1_plat1/hw/design_1_wrapper1.xsa
TRACE::2026-04-18.11:19:14::SCWPlatform::DSA absoulate path C:/Users/kc10b/Vivado/ECE520L/FinalProject/project_1/project_1_vitis/project_1_plat1/hw/design_1_wrapper1.xsa
TRACE::2026-04-18.11:19:14::SCWPlatform::DSA directory C:/Users/kc10b/Vivado/ECE520L/FinalProject/project_1/project_1_vitis/project_1_plat1/hw
TRACE::2026-04-18.11:19:14::SCWPlatform:: Platform Path C:/Users/kc10b/Vivado/ECE520L/FinalProject/project_1/project_1_vitis/project_1_plat1/hw/design_1_wrapper1.xsa
TRACE::2026-04-18.11:19:14::SCWPlatform:: Unique name xilinx:zybo-z7-10::0.0
TRACE::2026-04-18.11:19:14::SCWPlatform::Trying to set the existing hwdb with name design_1_wrapper_6
TRACE::2026-04-18.11:19:14::SCWPlatform::Opened existing hwdb design_1_wrapper_6
TRACE::2026-04-18.11:19:14::SCWPlatform::Found the Hw Db part of the input DSA
TRACE::2026-04-18.11:19:14::SCWPlatform::Trying to open the hw design at C:/Users/kc10b/Vivado/ECE520L/FinalProject/project_1/project_1_vitis/project_1_plat1/hw/design_1_wrapper1.xsa
TRACE::2026-04-18.11:19:14::SCWPlatform::DSA given C:/Users/kc10b/Vivado/ECE520L/FinalProject/project_1/project_1_vitis/project_1_plat1/hw/design_1_wrapper1.xsa
TRACE::2026-04-18.11:19:14::SCWPlatform::DSA absoulate path C:/Users/kc10b/Vivado/ECE520L/FinalProject/project_1/project_1_vitis/project_1_plat1/hw/design_1_wrapper1.xsa
TRACE::2026-04-18.11:19:14::SCWPlatform::DSA directory C:/Users/kc10b/Vivado/ECE520L/FinalProject/project_1/project_1_vitis/project_1_plat1/hw
TRACE::2026-04-18.11:19:14::SCWPlatform:: Platform Path C:/Users/kc10b/Vivado/ECE520L/FinalProject/project_1/project_1_vitis/project_1_plat1/hw/design_1_wrapper1.xsa
TRACE::2026-04-18.11:19:14::SCWPlatform:: Unique name xilinx:zybo-z7-10::0.0
TRACE::2026-04-18.11:19:14::SCWPlatform::Trying to set the existing hwdb with name design_1_wrapper_6
TRACE::2026-04-18.11:19:14::SCWPlatform::Opened existing hwdb design_1_wrapper_6
TRACE::2026-04-18.11:19:14::SCWPlatform::Found the Hw Db part of the input DSA
TRACE::2026-04-18.11:19:14::SCWReader::Boot application domain added for zynq_fsbl
TRACE::2026-04-18.11:19:14::SCWPlatform::Trying to open the hw design at C:/Users/kc10b/Vivado/ECE520L/FinalProject/project_1/project_1_vitis/project_1_plat1/hw/design_1_wrapper1.xsa
TRACE::2026-04-18.11:19:14::SCWPlatform::DSA given C:/Users/kc10b/Vivado/ECE520L/FinalProject/project_1/project_1_vitis/project_1_plat1/hw/design_1_wrapper1.xsa
TRACE::2026-04-18.11:19:14::SCWPlatform::DSA absoulate path C:/Users/kc10b/Vivado/ECE520L/FinalProject/project_1/project_1_vitis/project_1_plat1/hw/design_1_wrapper1.xsa
TRACE::2026-04-18.11:19:14::SCWPlatform::DSA directory C:/Users/kc10b/Vivado/ECE520L/FinalProject/project_1/project_1_vitis/project_1_plat1/hw
TRACE::2026-04-18.11:19:14::SCWPlatform:: Platform Path C:/Users/kc10b/Vivado/ECE520L/FinalProject/project_1/project_1_vitis/project_1_plat1/hw/design_1_wrapper1.xsa
TRACE::2026-04-18.11:19:14::SCWPlatform:: Unique name xilinx:zybo-z7-10::0.0
TRACE::2026-04-18.11:19:14::SCWPlatform::Trying to set the existing hwdb with name design_1_wrapper_6
TRACE::2026-04-18.11:19:14::SCWPlatform::Opened existing hwdb design_1_wrapper_6
TRACE::2026-04-18.11:19:14::SCWPlatform::Found the Hw Db part of the input DSA
TRACE::2026-04-18.11:19:14::SCWMssOS::Checking the sw design at  C:/Users/kc10b/Vivado/ECE520L/FinalProject/project_1/project_1_vitis/project_1_plat1/zynq_fsbl/zynq_fsbl_bsp/system.mss
TRACE::2026-04-18.11:19:14::SCWMssOS::DEBUG:  swdes dump  C:/Users/kc10b/Vivado/ECE520L/FinalProject/project_1/project_1_vitis/project_1_plat/ps7_cortexa9_0/standalone_domain/bsp/system.mss|system_0||
C:/Users/kc10b/Vivado/ECE520L/FinalProject/project_1/project_1_vitis/project_1_plat/zynq_fsbl/zynq_fsbl_bsp/system.mss|system||

TRACE::2026-04-18.11:19:14::SCWMssOS::No sw design opened at  C:/Users/kc10b/Vivado/ECE520L/FinalProject/project_1/project_1_vitis/project_1_plat1/zynq_fsbl/zynq_fsbl_bsp/system.mss
TRACE::2026-04-18.11:19:14::SCWMssOS::mss exists loading the mss file  C:/Users/kc10b/Vivado/ECE520L/FinalProject/project_1/project_1_vitis/project_1_plat1/zynq_fsbl/zynq_fsbl_bsp/system.mss
TRACE::2026-04-18.11:19:14::SCWMssOS::Opened the sw design from mss  C:/Users/kc10b/Vivado/ECE520L/FinalProject/project_1/project_1_vitis/project_1_plat1/zynq_fsbl/zynq_fsbl_bsp/system.mss
TRACE::2026-04-18.11:19:14::SCWMssOS::Adding the swdes entry C:/Users/kc10b/Vivado/ECE520L/FinalProject/project_1/project_1_vitis/project_1_plat1/zynq_fsbl/zynq_fsbl_bsp/system.mss with des name system_1
TRACE::2026-04-18.11:19:14::SCWMssOS::updating the scw layer about changes
TRACE::2026-04-18.11:19:14::SCWMssOS::Opened the sw design.  C:/Users/kc10b/Vivado/ECE520L/FinalProject/project_1/project_1_vitis/project_1_plat1/zynq_fsbl/zynq_fsbl_bsp/system.mss
TRACE::2026-04-18.11:19:14::SCWPlatform::Trying to open the hw design at C:/Users/kc10b/Vivado/ECE520L/FinalProject/project_1/project_1_vitis/project_1_plat1/hw/design_1_wrapper1.xsa
TRACE::2026-04-18.11:19:14::SCWPlatform::DSA given C:/Users/kc10b/Vivado/ECE520L/FinalProject/project_1/project_1_vitis/project_1_plat1/hw/design_1_wrapper1.xsa
TRACE::2026-04-18.11:19:14::SCWPlatform::DSA absoulate path C:/Users/kc10b/Vivado/ECE520L/FinalProject/project_1/project_1_vitis/project_1_plat1/hw/design_1_wrapper1.xsa
TRACE::2026-04-18.11:19:14::SCWPlatform::DSA directory C:/Users/kc10b/Vivado/ECE520L/FinalProject/project_1/project_1_vitis/project_1_plat1/hw
TRACE::2026-04-18.11:19:14::SCWPlatform:: Platform Path C:/Users/kc10b/Vivado/ECE520L/FinalProject/project_1/project_1_vitis/project_1_plat1/hw/design_1_wrapper1.xsa
TRACE::2026-04-18.11:19:14::SCWPlatform:: Unique name xilinx:zybo-z7-10::0.0
TRACE::2026-04-18.11:19:14::SCWPlatform::Trying to set the existing hwdb with name design_1_wrapper_6
TRACE::2026-04-18.11:19:14::SCWPlatform::Opened existing hwdb design_1_wrapper_6
TRACE::2026-04-18.11:19:14::SCWPlatform::Found the Hw Db part of the input DSA
TRACE::2026-04-18.11:19:14::SCWMssOS::Checking the sw design at  C:/Users/kc10b/Vivado/ECE520L/FinalProject/project_1/project_1_vitis/project_1_plat1/zynq_fsbl/zynq_fsbl_bsp/system.mss
TRACE::2026-04-18.11:19:14::SCWMssOS::DEBUG:  swdes dump  C:/Users/kc10b/Vivado/ECE520L/FinalProject/project_1/project_1_vitis/project_1_plat/ps7_cortexa9_0/standalone_domain/bsp/system.mss|system_0||
C:/Users/kc10b/Vivado/ECE520L/FinalProject/project_1/project_1_vitis/project_1_plat/zynq_fsbl/zynq_fsbl_bsp/system.mss|system||
C:/Users/kc10b/Vivado/ECE520L/FinalProject/project_1/project_1_vitis/project_1_plat1/zynq_fsbl/zynq_fsbl_bsp/system.mss|system_1||

TRACE::2026-04-18.11:19:14::SCWMssOS::Sw design exists and opened at  C:/Users/kc10b/Vivado/ECE520L/FinalProject/project_1/project_1_vitis/project_1_plat1/zynq_fsbl/zynq_fsbl_bsp/system.mss
TRACE::2026-04-18.11:19:14::SCWMssOS:: library already available in sw design:  xilffs:5.0
TRACE::2026-04-18.11:19:14::SCWPlatform::Trying to open the hw design at C:/Users/kc10b/Vivado/ECE520L/FinalProject/project_1/project_1_vitis/project_1_plat1/hw/design_1_wrapper1.xsa
TRACE::2026-04-18.11:19:14::SCWPlatform::DSA given C:/Users/kc10b/Vivado/ECE520L/FinalProject/project_1/project_1_vitis/project_1_plat1/hw/design_1_wrapper1.xsa
TRACE::2026-04-18.11:19:14::SCWPlatform::DSA absoulate path C:/Users/kc10b/Vivado/ECE520L/FinalProject/project_1/project_1_vitis/project_1_plat1/hw/design_1_wrapper1.xsa
TRACE::2026-04-18.11:19:14::SCWPlatform::DSA directory C:/Users/kc10b/Vivado/ECE520L/FinalProject/project_1/project_1_vitis/project_1_plat1/hw
TRACE::2026-04-18.11:19:14::SCWPlatform:: Platform Path C:/Users/kc10b/Vivado/ECE520L/FinalProject/project_1/project_1_vitis/project_1_plat1/hw/design_1_wrapper1.xsa
TRACE::2026-04-18.11:19:14::SCWPlatform:: Unique name xilinx:zybo-z7-10::0.0
TRACE::2026-04-18.11:19:14::SCWPlatform::Trying to set the existing hwdb with name design_1_wrapper_6
TRACE::2026-04-18.11:19:14::SCWPlatform::Opened existing hwdb design_1_wrapper_6
TRACE::2026-04-18.11:19:14::SCWPlatform::Found the Hw Db part of the input DSA
TRACE::2026-04-18.11:19:14::SCWMssOS::Checking the sw design at  C:/Users/kc10b/Vivado/ECE520L/FinalProject/project_1/project_1_vitis/project_1_plat1/zynq_fsbl/zynq_fsbl_bsp/system.mss
TRACE::2026-04-18.11:19:14::SCWMssOS::DEBUG:  swdes dump  C:/Users/kc10b/Vivado/ECE520L/FinalProject/project_1/project_1_vitis/project_1_plat/ps7_cortexa9_0/standalone_domain/bsp/system.mss|system_0||
C:/Users/kc10b/Vivado/ECE520L/FinalProject/project_1/project_1_vitis/project_1_plat/zynq_fsbl/zynq_fsbl_bsp/system.mss|system||
C:/Users/kc10b/Vivado/ECE520L/FinalProject/project_1/project_1_vitis/project_1_plat1/zynq_fsbl/zynq_fsbl_bsp/system.mss|system_1||

TRACE::2026-04-18.11:19:14::SCWMssOS::Sw design exists and opened at  C:/Users/kc10b/Vivado/ECE520L/FinalProject/project_1/project_1_vitis/project_1_plat1/zynq_fsbl/zynq_fsbl_bsp/system.mss
TRACE::2026-04-18.11:19:14::SCWMssOS:: library already available in sw design:  xilrsa:1.6
TRACE::2026-04-18.11:19:14::SCWMssOS::Saving the mss changes C:/Users/kc10b/Vivado/ECE520L/FinalProject/project_1/project_1_vitis/project_1_plat1/zynq_fsbl/zynq_fsbl_bsp/system.mss
TRACE::2026-04-18.11:19:14::SCWMssOS::Found a swdesign opened with the mssfile.
TRACE::2026-04-18.11:19:14::SCWMssOS::Completed writemss as part of save.
TRACE::2026-04-18.11:19:14::SCWMssOS::Commit changes completed.
TRACE::2026-04-18.11:19:14::SCWReader::Adding prebuilt librarypaths as   
TRACE::2026-04-18.11:19:14::SCWReader::Adding prebuilt incpaths  as   
TRACE::2026-04-18.11:19:14::SCWPlatform::Trying to open the hw design at C:/Users/kc10b/Vivado/ECE520L/FinalProject/project_1/project_1_vitis/project_1_plat1/hw/design_1_wrapper1.xsa
TRACE::2026-04-18.11:19:14::SCWPlatform::DSA given C:/Users/kc10b/Vivado/ECE520L/FinalProject/project_1/project_1_vitis/project_1_plat1/hw/design_1_wrapper1.xsa
TRACE::2026-04-18.11:19:14::SCWPlatform::DSA absoulate path C:/Users/kc10b/Vivado/ECE520L/FinalProject/project_1/project_1_vitis/project_1_plat1/hw/design_1_wrapper1.xsa
TRACE::2026-04-18.11:19:14::SCWPlatform::DSA directory C:/Users/kc10b/Vivado/ECE520L/FinalProject/project_1/project_1_vitis/project_1_plat1/hw
TRACE::2026-04-18.11:19:14::SCWPlatform:: Platform Path C:/Users/kc10b/Vivado/ECE520L/FinalProject/project_1/project_1_vitis/project_1_plat1/hw/design_1_wrapper1.xsa
TRACE::2026-04-18.11:19:14::SCWPlatform:: Unique name xilinx:zybo-z7-10::0.0
TRACE::2026-04-18.11:19:14::SCWPlatform::Trying to set the existing hwdb with name design_1_wrapper_6
TRACE::2026-04-18.11:19:14::SCWPlatform::Opened existing hwdb design_1_wrapper_6
TRACE::2026-04-18.11:19:14::SCWPlatform::Found the Hw Db part of the input DSA
TRACE::2026-04-18.11:19:14::SCWMssOS::Checking the sw design at  C:/Users/kc10b/Vivado/ECE520L/FinalProject/project_1/project_1_vitis/project_1_plat1/zynq_fsbl/zynq_fsbl_bsp/system.mss
TRACE::2026-04-18.11:19:14::SCWMssOS::DEBUG:  swdes dump  C:/Users/kc10b/Vivado/ECE520L/FinalProject/project_1/project_1_vitis/project_1_plat/ps7_cortexa9_0/standalone_domain/bsp/system.mss|system_0||
C:/Users/kc10b/Vivado/ECE520L/FinalProject/project_1/project_1_vitis/project_1_plat/zynq_fsbl/zynq_fsbl_bsp/system.mss|system||
C:/Users/kc10b/Vivado/ECE520L/FinalProject/project_1/project_1_vitis/project_1_plat1/zynq_fsbl/zynq_fsbl_bsp/system.mss|system_1||

TRACE::2026-04-18.11:19:14::SCWMssOS::Sw design exists and opened at  C:/Users/kc10b/Vivado/ECE520L/FinalProject/project_1/project_1_vitis/project_1_plat1/zynq_fsbl/zynq_fsbl_bsp/system.mss
TRACE::2026-04-18.11:19:14::SCWReader::No isolation master present  
TRACE::2026-04-18.11:19:14::SCWDomain::checking for install qemu data   : 
TRACE::2026-04-18.11:19:14::SCWDomain:: Using the QEMU Data from install at  : C:/Xilinx/Vitis/2023.1/data/emulation/platforms/zynq/sw/a9_standalone/qemu/
TRACE::2026-04-18.11:19:14::SCWDomain:: Using the QEMU args  from install at  : C:/Xilinx/Vitis/2023.1/data/emulation/platforms/zynq/sw/a9_standalone/qemu/qemu_args.txt
TRACE::2026-04-18.11:19:14::SCWPlatform::Trying to open the hw design at C:/Users/kc10b/Vivado/ECE520L/FinalProject/project_1/project_1_vitis/project_1_plat1/hw/design_1_wrapper1.xsa
TRACE::2026-04-18.11:19:14::SCWPlatform::DSA given C:/Users/kc10b/Vivado/ECE520L/FinalProject/project_1/project_1_vitis/project_1_plat1/hw/design_1_wrapper1.xsa
TRACE::2026-04-18.11:19:14::SCWPlatform::DSA absoulate path C:/Users/kc10b/Vivado/ECE520L/FinalProject/project_1/project_1_vitis/project_1_plat1/hw/design_1_wrapper1.xsa
TRACE::2026-04-18.11:19:14::SCWPlatform::DSA directory C:/Users/kc10b/Vivado/ECE520L/FinalProject/project_1/project_1_vitis/project_1_plat1/hw
TRACE::2026-04-18.11:19:14::SCWPlatform:: Platform Path C:/Users/kc10b/Vivado/ECE520L/FinalProject/project_1/project_1_vitis/project_1_plat1/hw/design_1_wrapper1.xsa
TRACE::2026-04-18.11:19:14::SCWPlatform:: Unique name xilinx:zybo-z7-10::0.0
TRACE::2026-04-18.11:19:14::SCWPlatform::Trying to set the existing hwdb with name design_1_wrapper_6
TRACE::2026-04-18.11:19:14::SCWPlatform::Opened existing hwdb design_1_wrapper_6
TRACE::2026-04-18.11:19:14::SCWPlatform::Found the Hw Db part of the input DSA
TRACE::2026-04-18.11:19:14::SCWPlatform::Trying to open the hw design at C:/Users/kc10b/Vivado/ECE520L/FinalProject/project_1/project_1_vitis/project_1_plat1/hw/design_1_wrapper1.xsa
TRACE::2026-04-18.11:19:14::SCWPlatform::DSA given C:/Users/kc10b/Vivado/ECE520L/FinalProject/project_1/project_1_vitis/project_1_plat1/hw/design_1_wrapper1.xsa
TRACE::2026-04-18.11:19:14::SCWPlatform::DSA absoulate path C:/Users/kc10b/Vivado/ECE520L/FinalProject/project_1/project_1_vitis/project_1_plat1/hw/design_1_wrapper1.xsa
TRACE::2026-04-18.11:19:14::SCWPlatform::DSA directory C:/Users/kc10b/Vivado/ECE520L/FinalProject/project_1/project_1_vitis/project_1_plat1/hw
TRACE::2026-04-18.11:19:14::SCWPlatform:: Platform Path C:/Users/kc10b/Vivado/ECE520L/FinalProject/project_1/project_1_vitis/project_1_plat1/hw/design_1_wrapper1.xsa
TRACE::2026-04-18.11:19:14::SCWPlatform:: Unique name xilinx:zybo-z7-10::0.0
TRACE::2026-04-18.11:19:14::SCWPlatform::Trying to set the existing hwdb with name design_1_wrapper_6
TRACE::2026-04-18.11:19:14::SCWPlatform::Opened existing hwdb design_1_wrapper_6
TRACE::2026-04-18.11:19:14::SCWPlatform::Found the Hw Db part of the input DSA
TRACE::2026-04-18.11:19:14::SCWPlatform::Trying to open the hw design at C:/Users/kc10b/Vivado/ECE520L/FinalProject/project_1/project_1_vitis/project_1_plat1/hw/design_1_wrapper1.xsa
TRACE::2026-04-18.11:19:14::SCWPlatform::DSA given C:/Users/kc10b/Vivado/ECE520L/FinalProject/project_1/project_1_vitis/project_1_plat1/hw/design_1_wrapper1.xsa
TRACE::2026-04-18.11:19:14::SCWPlatform::DSA absoulate path C:/Users/kc10b/Vivado/ECE520L/FinalProject/project_1/project_1_vitis/project_1_plat1/hw/design_1_wrapper1.xsa
TRACE::2026-04-18.11:19:14::SCWPlatform::DSA directory C:/Users/kc10b/Vivado/ECE520L/FinalProject/project_1/project_1_vitis/project_1_plat1/hw
TRACE::2026-04-18.11:19:14::SCWPlatform:: Platform Path C:/Users/kc10b/Vivado/ECE520L/FinalProject/project_1/project_1_vitis/project_1_plat1/hw/design_1_wrapper1.xsa
TRACE::2026-04-18.11:19:14::SCWPlatform:: Unique name xilinx:zybo-z7-10::0.0
TRACE::2026-04-18.11:19:14::SCWPlatform::Trying to set the existing hwdb with name design_1_wrapper_6
TRACE::2026-04-18.11:19:14::SCWPlatform::Opened existing hwdb design_1_wrapper_6
TRACE::2026-04-18.11:19:14::SCWPlatform::Found the Hw Db part of the input DSA
TRACE::2026-04-18.11:19:14::SCWMssOS::Checking the sw design at  C:/Users/kc10b/Vivado/ECE520L/FinalProject/project_1/project_1_vitis/project_1_plat1/ps7_cortexa9_0/standalone_domain/bsp/system.mss
TRACE::2026-04-18.11:19:14::SCWMssOS::DEBUG:  swdes dump  C:/Users/kc10b/Vivado/ECE520L/FinalProject/project_1/project_1_vitis/project_1_plat/ps7_cortexa9_0/standalone_domain/bsp/system.mss|system_0||
C:/Users/kc10b/Vivado/ECE520L/FinalProject/project_1/project_1_vitis/project_1_plat/zynq_fsbl/zynq_fsbl_bsp/system.mss|system||
C:/Users/kc10b/Vivado/ECE520L/FinalProject/project_1/project_1_vitis/project_1_plat1/zynq_fsbl/zynq_fsbl_bsp/system.mss|system_1||

TRACE::2026-04-18.11:19:14::SCWMssOS::No sw design opened at  C:/Users/kc10b/Vivado/ECE520L/FinalProject/project_1/project_1_vitis/project_1_plat1/ps7_cortexa9_0/standalone_domain/bsp/system.mss
TRACE::2026-04-18.11:19:14::SCWMssOS::mss exists loading the mss file  C:/Users/kc10b/Vivado/ECE520L/FinalProject/project_1/project_1_vitis/project_1_plat1/ps7_cortexa9_0/standalone_domain/bsp/system.mss
TRACE::2026-04-18.11:19:14::SCWMssOS::Opened the sw design from mss  C:/Users/kc10b/Vivado/ECE520L/FinalProject/project_1/project_1_vitis/project_1_plat1/ps7_cortexa9_0/standalone_domain/bsp/system.mss
TRACE::2026-04-18.11:19:14::SCWMssOS::Adding the swdes entry C:/Users/kc10b/Vivado/ECE520L/FinalProject/project_1/project_1_vitis/project_1_plat1/ps7_cortexa9_0/standalone_domain/bsp/system.mss with des name system_2
TRACE::2026-04-18.11:19:14::SCWMssOS::updating the scw layer about changes
TRACE::2026-04-18.11:19:14::SCWMssOS::Opened the sw design.  C:/Users/kc10b/Vivado/ECE520L/FinalProject/project_1/project_1_vitis/project_1_plat1/ps7_cortexa9_0/standalone_domain/bsp/system.mss
TRACE::2026-04-18.11:19:14::SCWMssOS::Saving the mss changes C:/Users/kc10b/Vivado/ECE520L/FinalProject/project_1/project_1_vitis/project_1_plat1/ps7_cortexa9_0/standalone_domain/bsp/system.mss
TRACE::2026-04-18.11:19:14::SCWMssOS::Found a swdesign opened with the mssfile.
TRACE::2026-04-18.11:19:14::SCWMssOS::Completed writemss as part of save.
TRACE::2026-04-18.11:19:14::SCWMssOS::Commit changes completed.
TRACE::2026-04-18.11:19:14::SCWReader::Adding prebuilt librarypaths as   
TRACE::2026-04-18.11:19:14::SCWReader::Adding prebuilt incpaths  as   
TRACE::2026-04-18.11:19:14::SCWPlatform::Trying to open the hw design at C:/Users/kc10b/Vivado/ECE520L/FinalProject/project_1/project_1_vitis/project_1_plat1/hw/design_1_wrapper1.xsa
TRACE::2026-04-18.11:19:14::SCWPlatform::DSA given C:/Users/kc10b/Vivado/ECE520L/FinalProject/project_1/project_1_vitis/project_1_plat1/hw/design_1_wrapper1.xsa
TRACE::2026-04-18.11:19:14::SCWPlatform::DSA absoulate path C:/Users/kc10b/Vivado/ECE520L/FinalProject/project_1/project_1_vitis/project_1_plat1/hw/design_1_wrapper1.xsa
TRACE::2026-04-18.11:19:14::SCWPlatform::DSA directory C:/Users/kc10b/Vivado/ECE520L/FinalProject/project_1/project_1_vitis/project_1_plat1/hw
TRACE::2026-04-18.11:19:14::SCWPlatform:: Platform Path C:/Users/kc10b/Vivado/ECE520L/FinalProject/project_1/project_1_vitis/project_1_plat1/hw/design_1_wrapper1.xsa
TRACE::2026-04-18.11:19:14::SCWPlatform:: Unique name xilinx:zybo-z7-10::0.0
TRACE::2026-04-18.11:19:14::SCWPlatform::Trying to set the existing hwdb with name design_1_wrapper_6
TRACE::2026-04-18.11:19:14::SCWPlatform::Opened existing hwdb design_1_wrapper_6
TRACE::2026-04-18.11:19:14::SCWPlatform::Found the Hw Db part of the input DSA
TRACE::2026-04-18.11:19:14::SCWMssOS::Checking the sw design at  C:/Users/kc10b/Vivado/ECE520L/FinalProject/project_1/project_1_vitis/project_1_plat1/ps7_cortexa9_0/standalone_domain/bsp/system.mss
TRACE::2026-04-18.11:19:14::SCWMssOS::DEBUG:  swdes dump  C:/Users/kc10b/Vivado/ECE520L/FinalProject/project_1/project_1_vitis/project_1_plat/ps7_cortexa9_0/standalone_domain/bsp/system.mss|system_0||
C:/Users/kc10b/Vivado/ECE520L/FinalProject/project_1/project_1_vitis/project_1_plat/zynq_fsbl/zynq_fsbl_bsp/system.mss|system||
C:/Users/kc10b/Vivado/ECE520L/FinalProject/project_1/project_1_vitis/project_1_plat1/ps7_cortexa9_0/standalone_domain/bsp/system.mss|system_2||
C:/Users/kc10b/Vivado/ECE520L/FinalProject/project_1/project_1_vitis/project_1_plat1/zynq_fsbl/zynq_fsbl_bsp/system.mss|system_1||

TRACE::2026-04-18.11:19:14::SCWMssOS::Sw design exists and opened at  C:/Users/kc10b/Vivado/ECE520L/FinalProject/project_1/project_1_vitis/project_1_plat1/ps7_cortexa9_0/standalone_domain/bsp/system.mss
TRACE::2026-04-18.11:19:14::SCWReader::No isolation master present  
TRACE::2026-04-18.11:19:17::SCWPlatform::Trying to open the hw design at C:/Users/kc10b/Vivado/ECE520L/FinalProject/project_1/project_1_vitis/project_1_plat1/hw/design_1_wrapper1.xsa
TRACE::2026-04-18.11:19:17::SCWPlatform::DSA given C:/Users/kc10b/Vivado/ECE520L/FinalProject/project_1/project_1_vitis/project_1_plat1/hw/design_1_wrapper1.xsa
TRACE::2026-04-18.11:19:17::SCWPlatform::DSA absoulate path C:/Users/kc10b/Vivado/ECE520L/FinalProject/project_1/project_1_vitis/project_1_plat1/hw/design_1_wrapper1.xsa
TRACE::2026-04-18.11:19:17::SCWPlatform::DSA directory C:/Users/kc10b/Vivado/ECE520L/FinalProject/project_1/project_1_vitis/project_1_plat1/hw
TRACE::2026-04-18.11:19:17::SCWPlatform:: Platform Path C:/Users/kc10b/Vivado/ECE520L/FinalProject/project_1/project_1_vitis/project_1_plat1/hw/design_1_wrapper1.xsa
TRACE::2026-04-18.11:19:17::SCWPlatform:: Unique name xilinx:zybo-z7-10::0.0
TRACE::2026-04-18.11:19:17::SCWPlatform::Trying to set the existing hwdb with name design_1_wrapper_6
TRACE::2026-04-18.11:19:17::SCWPlatform::Opened existing hwdb design_1_wrapper_6
TRACE::2026-04-18.11:19:17::SCWPlatform::Found the Hw Db part of the input DSA
TRACE::2026-04-18.11:19:17::SCWMssOS::Checking the sw design at  C:/Users/kc10b/Vivado/ECE520L/FinalProject/project_1/project_1_vitis/project_1_plat1/zynq_fsbl/zynq_fsbl_bsp/system.mss
TRACE::2026-04-18.11:19:17::SCWMssOS::DEBUG:  swdes dump  C:/Users/kc10b/Vivado/ECE520L/FinalProject/project_1/project_1_vitis/project_1_plat/ps7_cortexa9_0/standalone_domain/bsp/system.mss|system_0||
C:/Users/kc10b/Vivado/ECE520L/FinalProject/project_1/project_1_vitis/project_1_plat/zynq_fsbl/zynq_fsbl_bsp/system.mss|system||
C:/Users/kc10b/Vivado/ECE520L/FinalProject/project_1/project_1_vitis/project_1_plat1/ps7_cortexa9_0/standalone_domain/bsp/system.mss|system_2||
C:/Users/kc10b/Vivado/ECE520L/FinalProject/project_1/project_1_vitis/project_1_plat1/zynq_fsbl/zynq_fsbl_bsp/system.mss|system_1||

TRACE::2026-04-18.11:19:17::SCWMssOS::Sw design exists and opened at  C:/Users/kc10b/Vivado/ECE520L/FinalProject/project_1/project_1_vitis/project_1_plat1/zynq_fsbl/zynq_fsbl_bsp/system.mss
TRACE::2026-04-18.11:19:17::SCWMssOS::In reload Mss file.
TRACE::2026-04-18.11:19:17::SCWPlatform::Trying to open the hw design at C:/Users/kc10b/Vivado/ECE520L/FinalProject/project_1/project_1_vitis/project_1_plat1/hw/design_1_wrapper1.xsa
TRACE::2026-04-18.11:19:17::SCWPlatform::DSA given C:/Users/kc10b/Vivado/ECE520L/FinalProject/project_1/project_1_vitis/project_1_plat1/hw/design_1_wrapper1.xsa
TRACE::2026-04-18.11:19:17::SCWPlatform::DSA absoulate path C:/Users/kc10b/Vivado/ECE520L/FinalProject/project_1/project_1_vitis/project_1_plat1/hw/design_1_wrapper1.xsa
TRACE::2026-04-18.11:19:17::SCWPlatform::DSA directory C:/Users/kc10b/Vivado/ECE520L/FinalProject/project_1/project_1_vitis/project_1_plat1/hw
TRACE::2026-04-18.11:19:17::SCWPlatform:: Platform Path C:/Users/kc10b/Vivado/ECE520L/FinalProject/project_1/project_1_vitis/project_1_plat1/hw/design_1_wrapper1.xsa
TRACE::2026-04-18.11:19:17::SCWPlatform:: Unique name xilinx:zybo-z7-10::0.0
TRACE::2026-04-18.11:19:17::SCWPlatform::Trying to set the existing hwdb with name design_1_wrapper_6
TRACE::2026-04-18.11:19:17::SCWPlatform::Opened existing hwdb design_1_wrapper_6
TRACE::2026-04-18.11:19:17::SCWPlatform::Found the Hw Db part of the input DSA
TRACE::2026-04-18.11:19:17::SCWMssOS::Checking the sw design at  C:/Users/kc10b/Vivado/ECE520L/FinalProject/project_1/project_1_vitis/project_1_plat1/zynq_fsbl/zynq_fsbl_bsp/system.mss
TRACE::2026-04-18.11:19:17::SCWMssOS::DEBUG:  swdes dump  C:/Users/kc10b/Vivado/ECE520L/FinalProject/project_1/project_1_vitis/project_1_plat/ps7_cortexa9_0/standalone_domain/bsp/system.mss|system_0||
C:/Users/kc10b/Vivado/ECE520L/FinalProject/project_1/project_1_vitis/project_1_plat/zynq_fsbl/zynq_fsbl_bsp/system.mss|system||
C:/Users/kc10b/Vivado/ECE520L/FinalProject/project_1/project_1_vitis/project_1_plat1/ps7_cortexa9_0/standalone_domain/bsp/system.mss|system_2||

TRACE::2026-04-18.11:19:17::SCWMssOS::No sw design opened at  C:/Users/kc10b/Vivado/ECE520L/FinalProject/project_1/project_1_vitis/project_1_plat1/zynq_fsbl/zynq_fsbl_bsp/system.mss
TRACE::2026-04-18.11:19:17::SCWMssOS::mss exists loading the mss file  C:/Users/kc10b/Vivado/ECE520L/FinalProject/project_1/project_1_vitis/project_1_plat1/zynq_fsbl/zynq_fsbl_bsp/system.mss
TRACE::2026-04-18.11:19:17::SCWMssOS::Opened the sw design from mss  C:/Users/kc10b/Vivado/ECE520L/FinalProject/project_1/project_1_vitis/project_1_plat1/zynq_fsbl/zynq_fsbl_bsp/system.mss
TRACE::2026-04-18.11:19:17::SCWMssOS::Adding the swdes entry C:/Users/kc10b/Vivado/ECE520L/FinalProject/project_1/project_1_vitis/project_1_plat1/zynq_fsbl/zynq_fsbl_bsp/system.mss with des name system_1
TRACE::2026-04-18.11:19:17::SCWMssOS::updating the scw layer about changes
TRACE::2026-04-18.11:19:17::SCWMssOS::Opened the sw design.  C:/Users/kc10b/Vivado/ECE520L/FinalProject/project_1/project_1_vitis/project_1_plat1/zynq_fsbl/zynq_fsbl_bsp/system.mss
TRACE::2026-04-18.11:19:17::SCWPlatform::Trying to open the hw design at C:/Users/kc10b/Vivado/ECE520L/FinalProject/project_1/project_1_vitis/project_1_plat1/hw/design_1_wrapper1.xsa
TRACE::2026-04-18.11:19:17::SCWPlatform::DSA given C:/Users/kc10b/Vivado/ECE520L/FinalProject/project_1/project_1_vitis/project_1_plat1/hw/design_1_wrapper1.xsa
TRACE::2026-04-18.11:19:17::SCWPlatform::DSA absoulate path C:/Users/kc10b/Vivado/ECE520L/FinalProject/project_1/project_1_vitis/project_1_plat1/hw/design_1_wrapper1.xsa
TRACE::2026-04-18.11:19:17::SCWPlatform::DSA directory C:/Users/kc10b/Vivado/ECE520L/FinalProject/project_1/project_1_vitis/project_1_plat1/hw
TRACE::2026-04-18.11:19:17::SCWPlatform:: Platform Path C:/Users/kc10b/Vivado/ECE520L/FinalProject/project_1/project_1_vitis/project_1_plat1/hw/design_1_wrapper1.xsa
TRACE::2026-04-18.11:19:17::SCWPlatform:: Unique name xilinx:zybo-z7-10::0.0
TRACE::2026-04-18.11:19:17::SCWPlatform::Trying to set the existing hwdb with name design_1_wrapper_6
TRACE::2026-04-18.11:19:17::SCWPlatform::Opened existing hwdb design_1_wrapper_6
TRACE::2026-04-18.11:19:17::SCWPlatform::Found the Hw Db part of the input DSA
TRACE::2026-04-18.11:19:17::SCWMssOS::Checking the sw design at  C:/Users/kc10b/Vivado/ECE520L/FinalProject/project_1/project_1_vitis/project_1_plat1/zynq_fsbl/zynq_fsbl_bsp/system.mss
TRACE::2026-04-18.11:19:17::SCWMssOS::DEBUG:  swdes dump  C:/Users/kc10b/Vivado/ECE520L/FinalProject/project_1/project_1_vitis/project_1_plat/ps7_cortexa9_0/standalone_domain/bsp/system.mss|system_0||
C:/Users/kc10b/Vivado/ECE520L/FinalProject/project_1/project_1_vitis/project_1_plat/zynq_fsbl/zynq_fsbl_bsp/system.mss|system||
C:/Users/kc10b/Vivado/ECE520L/FinalProject/project_1/project_1_vitis/project_1_plat1/ps7_cortexa9_0/standalone_domain/bsp/system.mss|system_2||
C:/Users/kc10b/Vivado/ECE520L/FinalProject/project_1/project_1_vitis/project_1_plat1/zynq_fsbl/zynq_fsbl_bsp/system.mss|system_1||

TRACE::2026-04-18.11:19:17::SCWMssOS::Sw design exists and opened at  C:/Users/kc10b/Vivado/ECE520L/FinalProject/project_1/project_1_vitis/project_1_plat1/zynq_fsbl/zynq_fsbl_bsp/system.mss
TRACE::2026-04-18.11:19:17::SCWMssOS:: library already available in sw design:  xilffs:5.0
TRACE::2026-04-18.11:19:17::SCWPlatform::Trying to open the hw design at C:/Users/kc10b/Vivado/ECE520L/FinalProject/project_1/project_1_vitis/project_1_plat1/hw/design_1_wrapper1.xsa
TRACE::2026-04-18.11:19:17::SCWPlatform::DSA given C:/Users/kc10b/Vivado/ECE520L/FinalProject/project_1/project_1_vitis/project_1_plat1/hw/design_1_wrapper1.xsa
TRACE::2026-04-18.11:19:17::SCWPlatform::DSA absoulate path C:/Users/kc10b/Vivado/ECE520L/FinalProject/project_1/project_1_vitis/project_1_plat1/hw/design_1_wrapper1.xsa
TRACE::2026-04-18.11:19:17::SCWPlatform::DSA directory C:/Users/kc10b/Vivado/ECE520L/FinalProject/project_1/project_1_vitis/project_1_plat1/hw
TRACE::2026-04-18.11:19:17::SCWPlatform:: Platform Path C:/Users/kc10b/Vivado/ECE520L/FinalProject/project_1/project_1_vitis/project_1_plat1/hw/design_1_wrapper1.xsa
TRACE::2026-04-18.11:19:17::SCWPlatform:: Unique name xilinx:zybo-z7-10::0.0
TRACE::2026-04-18.11:19:17::SCWPlatform::Trying to set the existing hwdb with name design_1_wrapper_6
TRACE::2026-04-18.11:19:17::SCWPlatform::Opened existing hwdb design_1_wrapper_6
TRACE::2026-04-18.11:19:17::SCWPlatform::Found the Hw Db part of the input DSA
TRACE::2026-04-18.11:19:17::SCWMssOS::Checking the sw design at  C:/Users/kc10b/Vivado/ECE520L/FinalProject/project_1/project_1_vitis/project_1_plat1/zynq_fsbl/zynq_fsbl_bsp/system.mss
TRACE::2026-04-18.11:19:17::SCWMssOS::DEBUG:  swdes dump  C:/Users/kc10b/Vivado/ECE520L/FinalProject/project_1/project_1_vitis/project_1_plat/ps7_cortexa9_0/standalone_domain/bsp/system.mss|system_0||
C:/Users/kc10b/Vivado/ECE520L/FinalProject/project_1/project_1_vitis/project_1_plat/zynq_fsbl/zynq_fsbl_bsp/system.mss|system||
C:/Users/kc10b/Vivado/ECE520L/FinalProject/project_1/project_1_vitis/project_1_plat1/ps7_cortexa9_0/standalone_domain/bsp/system.mss|system_2||
C:/Users/kc10b/Vivado/ECE520L/FinalProject/project_1/project_1_vitis/project_1_plat1/zynq_fsbl/zynq_fsbl_bsp/system.mss|system_1||

TRACE::2026-04-18.11:19:17::SCWMssOS::Sw design exists and opened at  C:/Users/kc10b/Vivado/ECE520L/FinalProject/project_1/project_1_vitis/project_1_plat1/zynq_fsbl/zynq_fsbl_bsp/system.mss
TRACE::2026-04-18.11:19:17::SCWMssOS:: library already available in sw design:  xilrsa:1.6
TRACE::2026-04-18.11:19:17::SCWMssOS::Saving the mss changes C:/Users/kc10b/Vivado/ECE520L/FinalProject/project_1/project_1_vitis/project_1_plat1/zynq_fsbl/zynq_fsbl_bsp/system.mss
TRACE::2026-04-18.11:19:17::SCWMssOS::Found a swdesign opened with the mssfile.
TRACE::2026-04-18.11:19:17::SCWMssOS::Completed writemss as part of save.
TRACE::2026-04-18.11:19:17::SCWMssOS::Commit changes completed.
TRACE::2026-04-18.11:19:17::SCWPlatform::Trying to open the hw design at C:/Users/kc10b/Vivado/ECE520L/FinalProject/project_1/project_1_vitis/project_1_plat1/hw/design_1_wrapper1.xsa
TRACE::2026-04-18.11:19:17::SCWPlatform::DSA given C:/Users/kc10b/Vivado/ECE520L/FinalProject/project_1/project_1_vitis/project_1_plat1/hw/design_1_wrapper1.xsa
TRACE::2026-04-18.11:19:17::SCWPlatform::DSA absoulate path C:/Users/kc10b/Vivado/ECE520L/FinalProject/project_1/project_1_vitis/project_1_plat1/hw/design_1_wrapper1.xsa
TRACE::2026-04-18.11:19:17::SCWPlatform::DSA directory C:/Users/kc10b/Vivado/ECE520L/FinalProject/project_1/project_1_vitis/project_1_plat1/hw
TRACE::2026-04-18.11:19:17::SCWPlatform:: Platform Path C:/Users/kc10b/Vivado/ECE520L/FinalProject/project_1/project_1_vitis/project_1_plat1/hw/design_1_wrapper1.xsa
TRACE::2026-04-18.11:19:17::SCWPlatform:: Unique name xilinx:zybo-z7-10::0.0
TRACE::2026-04-18.11:19:17::SCWPlatform::Trying to set the existing hwdb with name design_1_wrapper_6
TRACE::2026-04-18.11:19:17::SCWPlatform::Opened existing hwdb design_1_wrapper_6
TRACE::2026-04-18.11:19:17::SCWPlatform::Found the Hw Db part of the input DSA
TRACE::2026-04-18.11:19:17::SCWMssOS::Checking the sw design at  C:/Users/kc10b/Vivado/ECE520L/FinalProject/project_1/project_1_vitis/project_1_plat1/zynq_fsbl/zynq_fsbl_bsp/system.mss
TRACE::2026-04-18.11:19:17::SCWMssOS::DEBUG:  swdes dump  C:/Users/kc10b/Vivado/ECE520L/FinalProject/project_1/project_1_vitis/project_1_plat/ps7_cortexa9_0/standalone_domain/bsp/system.mss|system_0||
C:/Users/kc10b/Vivado/ECE520L/FinalProject/project_1/project_1_vitis/project_1_plat/zynq_fsbl/zynq_fsbl_bsp/system.mss|system||
C:/Users/kc10b/Vivado/ECE520L/FinalProject/project_1/project_1_vitis/project_1_plat1/ps7_cortexa9_0/standalone_domain/bsp/system.mss|system_2||
C:/Users/kc10b/Vivado/ECE520L/FinalProject/project_1/project_1_vitis/project_1_plat1/zynq_fsbl/zynq_fsbl_bsp/system.mss|system_1||

TRACE::2026-04-18.11:19:17::SCWMssOS::Sw design exists and opened at  C:/Users/kc10b/Vivado/ECE520L/FinalProject/project_1/project_1_vitis/project_1_plat1/zynq_fsbl/zynq_fsbl_bsp/system.mss
TRACE::2026-04-18.11:19:17::SCWMssOS::Removing the swdes entry for  C:/Users/kc10b/Vivado/ECE520L/FinalProject/project_1/project_1_vitis/project_1_plat1/zynq_fsbl/zynq_fsbl_bsp/system.mss
TRACE::2026-04-18.11:19:18::SCWPlatform::Trying to open the hw design at C:/Users/kc10b/Vivado/ECE520L/FinalProject/project_1/project_1_vitis/project_1_plat1/hw/design_1_wrapper1.xsa
TRACE::2026-04-18.11:19:18::SCWPlatform::DSA given C:/Users/kc10b/Vivado/ECE520L/FinalProject/project_1/project_1_vitis/project_1_plat1/hw/design_1_wrapper1.xsa
TRACE::2026-04-18.11:19:18::SCWPlatform::DSA absoulate path C:/Users/kc10b/Vivado/ECE520L/FinalProject/project_1/project_1_vitis/project_1_plat1/hw/design_1_wrapper1.xsa
TRACE::2026-04-18.11:19:18::SCWPlatform::DSA directory C:/Users/kc10b/Vivado/ECE520L/FinalProject/project_1/project_1_vitis/project_1_plat1/hw
TRACE::2026-04-18.11:19:18::SCWPlatform:: Platform Path C:/Users/kc10b/Vivado/ECE520L/FinalProject/project_1/project_1_vitis/project_1_plat1/hw/design_1_wrapper1.xsa
TRACE::2026-04-18.11:19:18::SCWPlatform:: Unique name xilinx:zybo-z7-10::0.0
TRACE::2026-04-18.11:19:18::SCWPlatform::Trying to set the existing hwdb with name design_1_wrapper_6
TRACE::2026-04-18.11:19:18::SCWPlatform::Opened existing hwdb design_1_wrapper_6
TRACE::2026-04-18.11:19:18::SCWPlatform::Found the Hw Db part of the input DSA
TRACE::2026-04-18.11:19:18::SCWMssOS::Checking the sw design at  C:/Users/kc10b/Vivado/ECE520L/FinalProject/project_1/project_1_vitis/project_1_plat1/zynq_fsbl/zynq_fsbl_bsp/system.mss
TRACE::2026-04-18.11:19:18::SCWMssOS::DEBUG:  swdes dump  C:/Users/kc10b/Vivado/ECE520L/FinalProject/project_1/project_1_vitis/project_1_plat/ps7_cortexa9_0/standalone_domain/bsp/system.mss|system_0||
C:/Users/kc10b/Vivado/ECE520L/FinalProject/project_1/project_1_vitis/project_1_plat/zynq_fsbl/zynq_fsbl_bsp/system.mss|system||
C:/Users/kc10b/Vivado/ECE520L/FinalProject/project_1/project_1_vitis/project_1_plat1/ps7_cortexa9_0/standalone_domain/bsp/system.mss|system_2||

TRACE::2026-04-18.11:19:18::SCWMssOS::No sw design opened at  C:/Users/kc10b/Vivado/ECE520L/FinalProject/project_1/project_1_vitis/project_1_plat1/zynq_fsbl/zynq_fsbl_bsp/system.mss
TRACE::2026-04-18.11:19:18::SCWMssOS::mss exists loading the mss file  C:/Users/kc10b/Vivado/ECE520L/FinalProject/project_1/project_1_vitis/project_1_plat1/zynq_fsbl/zynq_fsbl_bsp/system.mss
TRACE::2026-04-18.11:19:18::SCWMssOS::Opened the sw design from mss  C:/Users/kc10b/Vivado/ECE520L/FinalProject/project_1/project_1_vitis/project_1_plat1/zynq_fsbl/zynq_fsbl_bsp/system.mss
TRACE::2026-04-18.11:19:18::SCWMssOS::Adding the swdes entry C:/Users/kc10b/Vivado/ECE520L/FinalProject/project_1/project_1_vitis/project_1_plat1/zynq_fsbl/zynq_fsbl_bsp/system.mss with des name system_1
TRACE::2026-04-18.11:19:18::SCWMssOS::updating the scw layer about changes
TRACE::2026-04-18.11:19:18::SCWMssOS::Opened the sw design.  C:/Users/kc10b/Vivado/ECE520L/FinalProject/project_1/project_1_vitis/project_1_plat1/zynq_fsbl/zynq_fsbl_bsp/system.mss
TRACE::2026-04-18.11:19:25::SCWPlatform::Trying to open the hw design at C:/Users/kc10b/Vivado/ECE520L/FinalProject/project_1/project_1_vitis/project_1_plat1/hw/design_1_wrapper1.xsa
TRACE::2026-04-18.11:19:25::SCWPlatform::DSA given C:/Users/kc10b/Vivado/ECE520L/FinalProject/project_1/project_1_vitis/project_1_plat1/hw/design_1_wrapper1.xsa
TRACE::2026-04-18.11:19:25::SCWPlatform::DSA absoulate path C:/Users/kc10b/Vivado/ECE520L/FinalProject/project_1/project_1_vitis/project_1_plat1/hw/design_1_wrapper1.xsa
TRACE::2026-04-18.11:19:25::SCWPlatform::DSA directory C:/Users/kc10b/Vivado/ECE520L/FinalProject/project_1/project_1_vitis/project_1_plat1/hw
TRACE::2026-04-18.11:19:25::SCWPlatform:: Platform Path C:/Users/kc10b/Vivado/ECE520L/FinalProject/project_1/project_1_vitis/project_1_plat1/hw/design_1_wrapper1.xsa
TRACE::2026-04-18.11:19:25::SCWPlatform:: Unique name xilinx:zybo-z7-10::0.0
TRACE::2026-04-18.11:19:25::SCWPlatform::Trying to set the existing hwdb with name design_1_wrapper_6
TRACE::2026-04-18.11:19:25::SCWPlatform::Opened existing hwdb design_1_wrapper_6
TRACE::2026-04-18.11:19:25::SCWPlatform::Found the Hw Db part of the input DSA
TRACE::2026-04-18.11:19:25::SCWMssOS::Checking the sw design at  C:/Users/kc10b/Vivado/ECE520L/FinalProject/project_1/project_1_vitis/project_1_plat1/zynq_fsbl/zynq_fsbl_bsp/system.mss
TRACE::2026-04-18.11:19:25::SCWMssOS::DEBUG:  swdes dump  C:/Users/kc10b/Vivado/ECE520L/FinalProject/project_1/project_1_vitis/project_1_plat/ps7_cortexa9_0/standalone_domain/bsp/system.mss|system_0||
C:/Users/kc10b/Vivado/ECE520L/FinalProject/project_1/project_1_vitis/project_1_plat/zynq_fsbl/zynq_fsbl_bsp/system.mss|system||
C:/Users/kc10b/Vivado/ECE520L/FinalProject/project_1/project_1_vitis/project_1_plat1/ps7_cortexa9_0/standalone_domain/bsp/system.mss|system_2||
C:/Users/kc10b/Vivado/ECE520L/FinalProject/project_1/project_1_vitis/project_1_plat1/zynq_fsbl/zynq_fsbl_bsp/system.mss|system_1||

TRACE::2026-04-18.11:19:25::SCWMssOS::Sw design exists and opened at  C:/Users/kc10b/Vivado/ECE520L/FinalProject/project_1/project_1_vitis/project_1_plat1/zynq_fsbl/zynq_fsbl_bsp/system.mss
TRACE::2026-04-18.11:19:26::SCWMssOS::Saving the mss changes C:/Users/kc10b/Vivado/ECE520L/FinalProject/project_1/project_1_vitis/project_1_plat1/zynq_fsbl/zynq_fsbl_bsp/system.mss
TRACE::2026-04-18.11:19:26::SCWMssOS::Found a swdesign opened with the mssfile.
TRACE::2026-04-18.11:19:26::SCWMssOS::Completed writemss as part of save.
TRACE::2026-04-18.11:19:26::SCWMssOS::Commit changes completed.
TRACE::2026-04-18.11:19:26::SCWMssOS::Saving the mss changes C:/Users/kc10b/Vivado/ECE520L/FinalProject/project_1/project_1_vitis/project_1_plat1/ps7_cortexa9_0/standalone_domain/bsp/system.mss
TRACE::2026-04-18.11:19:26::SCWMssOS::Found a swdesign opened with the mssfile.
TRACE::2026-04-18.11:19:26::SCWMssOS::Completed writemss as part of save.
TRACE::2026-04-18.11:19:26::SCWMssOS::Commit changes completed.
TRACE::2026-04-18.11:19:26::SCWPlatform::Trying to open the hw design at C:/Users/kc10b/Vivado/ECE520L/FinalProject/project_1/project_1_vitis/project_1_plat1/hw/design_1_wrapper1.xsa
TRACE::2026-04-18.11:19:26::SCWPlatform::DSA given C:/Users/kc10b/Vivado/ECE520L/FinalProject/project_1/project_1_vitis/project_1_plat1/hw/design_1_wrapper1.xsa
TRACE::2026-04-18.11:19:26::SCWPlatform::DSA absoulate path C:/Users/kc10b/Vivado/ECE520L/FinalProject/project_1/project_1_vitis/project_1_plat1/hw/design_1_wrapper1.xsa
TRACE::2026-04-18.11:19:26::SCWPlatform::DSA directory C:/Users/kc10b/Vivado/ECE520L/FinalProject/project_1/project_1_vitis/project_1_plat1/hw
TRACE::2026-04-18.11:19:26::SCWPlatform:: Platform Path C:/Users/kc10b/Vivado/ECE520L/FinalProject/project_1/project_1_vitis/project_1_plat1/hw/design_1_wrapper1.xsa
TRACE::2026-04-18.11:19:26::SCWPlatform:: Unique name xilinx:zybo-z7-10::0.0
TRACE::2026-04-18.11:19:26::SCWPlatform::Trying to set the existing hwdb with name design_1_wrapper_6
TRACE::2026-04-18.11:19:26::SCWPlatform::Opened existing hwdb design_1_wrapper_6
TRACE::2026-04-18.11:19:26::SCWPlatform::Found the Hw Db part of the input DSA
TRACE::2026-04-18.11:19:26::SCWMssOS::Checking the sw design at  C:/Users/kc10b/Vivado/ECE520L/FinalProject/project_1/project_1_vitis/project_1_plat1/zynq_fsbl/zynq_fsbl_bsp/system.mss
TRACE::2026-04-18.11:19:26::SCWMssOS::DEBUG:  swdes dump  C:/Users/kc10b/Vivado/ECE520L/FinalProject/project_1/project_1_vitis/project_1_plat/ps7_cortexa9_0/standalone_domain/bsp/system.mss|system_0||
C:/Users/kc10b/Vivado/ECE520L/FinalProject/project_1/project_1_vitis/project_1_plat/zynq_fsbl/zynq_fsbl_bsp/system.mss|system||
C:/Users/kc10b/Vivado/ECE520L/FinalProject/project_1/project_1_vitis/project_1_plat1/ps7_cortexa9_0/standalone_domain/bsp/system.mss|system_2||
C:/Users/kc10b/Vivado/ECE520L/FinalProject/project_1/project_1_vitis/project_1_plat1/zynq_fsbl/zynq_fsbl_bsp/system.mss|system_1||

TRACE::2026-04-18.11:19:26::SCWMssOS::Sw design exists and opened at  C:/Users/kc10b/Vivado/ECE520L/FinalProject/project_1/project_1_vitis/project_1_plat1/zynq_fsbl/zynq_fsbl_bsp/system.mss
TRACE::2026-04-18.11:19:26::SCWPlatform::Trying to open the hw design at C:/Users/kc10b/Vivado/ECE520L/FinalProject/project_1/project_1_vitis/project_1_plat1/hw/design_1_wrapper1.xsa
TRACE::2026-04-18.11:19:26::SCWPlatform::DSA given C:/Users/kc10b/Vivado/ECE520L/FinalProject/project_1/project_1_vitis/project_1_plat1/hw/design_1_wrapper1.xsa
TRACE::2026-04-18.11:19:26::SCWPlatform::DSA absoulate path C:/Users/kc10b/Vivado/ECE520L/FinalProject/project_1/project_1_vitis/project_1_plat1/hw/design_1_wrapper1.xsa
TRACE::2026-04-18.11:19:26::SCWPlatform::DSA directory C:/Users/kc10b/Vivado/ECE520L/FinalProject/project_1/project_1_vitis/project_1_plat1/hw
TRACE::2026-04-18.11:19:26::SCWPlatform:: Platform Path C:/Users/kc10b/Vivado/ECE520L/FinalProject/project_1/project_1_vitis/project_1_plat1/hw/design_1_wrapper1.xsa
TRACE::2026-04-18.11:19:26::SCWPlatform:: Unique name xilinx:zybo-z7-10::0.0
TRACE::2026-04-18.11:19:26::SCWPlatform::Trying to set the existing hwdb with name design_1_wrapper_6
TRACE::2026-04-18.11:19:26::SCWPlatform::Opened existing hwdb design_1_wrapper_6
TRACE::2026-04-18.11:19:26::SCWPlatform::Found the Hw Db part of the input DSA
TRACE::2026-04-18.11:19:26::SCWMssOS::Checking the sw design at  C:/Users/kc10b/Vivado/ECE520L/FinalProject/project_1/project_1_vitis/project_1_plat1/ps7_cortexa9_0/standalone_domain/bsp/system.mss
TRACE::2026-04-18.11:19:26::SCWMssOS::DEBUG:  swdes dump  C:/Users/kc10b/Vivado/ECE520L/FinalProject/project_1/project_1_vitis/project_1_plat/ps7_cortexa9_0/standalone_domain/bsp/system.mss|system_0||
C:/Users/kc10b/Vivado/ECE520L/FinalProject/project_1/project_1_vitis/project_1_plat/zynq_fsbl/zynq_fsbl_bsp/system.mss|system||
C:/Users/kc10b/Vivado/ECE520L/FinalProject/project_1/project_1_vitis/project_1_plat1/ps7_cortexa9_0/standalone_domain/bsp/system.mss|system_2||
C:/Users/kc10b/Vivado/ECE520L/FinalProject/project_1/project_1_vitis/project_1_plat1/zynq_fsbl/zynq_fsbl_bsp/system.mss|system_1||

TRACE::2026-04-18.11:19:26::SCWMssOS::Sw design exists and opened at  C:/Users/kc10b/Vivado/ECE520L/FinalProject/project_1/project_1_vitis/project_1_plat1/ps7_cortexa9_0/standalone_domain/bsp/system.mss
TRACE::2026-04-18.11:19:26::SCWWriter::formatted JSON is {
	"platformName":	"project_1_plat1",
	"sprVersion":	"2.0",
	"mode":	"gui",
	"dsaType":	"Fixed",
	"platformDesc":	"project_1_plat1",
	"platHandOff":	"C:/Users/kc10b/Vivado/ECE520L/FinalProject/project_1/design_1_wrapper1.xsa",
	"platIntHandOff":	"<platformDir>/hw/design_1_wrapper1.xsa",
	"deviceType":	"zynq",
	"platIsPrebuiltAutogen":	"false",
	"platIsNoBootBsp":	"false",
	"hasFsblMakeHasChanges":	"false",
	"hasPmufwMakeHasChanges":	"false",
	"fsblExtraCompilerFlags":	"-MMD -MP       -mcpu=cortex-a9 -mfpu=vfpv3 -mfloat-abi=hard ",
	"platPreBuiltFlag":	false,
	"platformSamplesDir":	"",
	"platActiveSys":	"project_1_plat1",
	"systems":	[{
			"systemName":	"project_1_plat1",
			"systemDesc":	"project_1_plat1",
			"sysIsBootAutoGen":	"true",
			"systemDispName":	"project_1_plat1",
			"sysActiveDom":	"zynq_fsbl",
			"sysDefaultDom":	"standalone_domain",
			"domains":	[{
					"domainName":	"zynq_fsbl",
					"domainDispName":	"zynq_fsbl",
					"domainDesc":	"FSBL Application BSP - Auto Generated.",
					"processors":	"ps7_cortexa9_0",
					"os":	"standalone",
					"sdxOs":	"standalone",
					"debugEnable":	"",
					"domRuntimes":	["cpp"],
					"swRepo":	"",
					"mssOsVer":	"8.1",
					"mssFile":	"",
					"md5Digest":	"1323684c4095fbbc921b32dcc7efd326",
					"compatibleApp":	"zynq_fsbl",
					"domType":	"bootDomain",
					"arch":	"32-bit",
					"appSettings":	{
						"appCompilerFlags":	"",
						"appLinkerFlags":	""
					},
					"addedLibs":	["xilffs:5.0", "xilrsa:1.6"],
					"libOptions":	{
						"libsContainingOptions":	[]
					},
					"changedDrivers":	{
						"axi_gpio_0":	"none:",
						"changedCells":	["axi_gpio_0"]
					},
					"prebuiltLibs":	{
						"prebuiltIncPath":	[],
						"prebuiltLibPath":	[]
					},
					"isolation":	{
					}
				}, {
					"domainName":	"standalone_domain",
					"domainDispName":	"standalone on ps7_cortexa9_0",
					"domainDesc":	"standalone_domain",
					"processors":	"ps7_cortexa9_0",
					"os":	"standalone",
					"sdxOs":	"standalone",
					"qemuArgs":	"<platformDir>/resources/project_1_plat1/standalone_domain/qemu_args.txt",
					"qemuData":	"<platformDir>/resources/project_1_plat1/standalone_domain/qemu",
					"debugEnable":	"False",
					"domRuntimes":	["cpp"],
					"swRepo":	"",
					"mssOsVer":	"8.1",
					"mssFile":	"",
					"md5Digest":	"fe2128fe8c5b487e39e1c2948b2870c6",
					"compatibleApp":	"",
					"domType":	"mssDomain",
					"appSettings":	{
						"appCompilerFlags":	"",
						"appLinkerFlags":	""
					},
					"addedLibs":	[],
					"libOptions":	{
						"libsContainingOptions":	[]
					},
					"prebuiltLibs":	{
						"prebuiltIncPath":	[],
						"prebuiltLibPath":	[]
					},
					"isolation":	{
					}
				}]
		}]
}
TRACE::2026-04-18.11:19:26::SCWMssOS::Saving the mss changes C:/Users/kc10b/Vivado/ECE520L/FinalProject/project_1/project_1_vitis/project_1_plat1/zynq_fsbl/zynq_fsbl_bsp/system.mss
TRACE::2026-04-18.11:19:26::SCWMssOS::Found a swdesign opened with the mssfile.
TRACE::2026-04-18.11:19:26::SCWMssOS::Completed writemss as part of save.
TRACE::2026-04-18.11:19:26::SCWMssOS::Commit changes completed.
TRACE::2026-04-18.11:19:26::SCWPlatform::Trying to open the hw design at C:/Users/kc10b/Vivado/ECE520L/FinalProject/project_1/project_1_vitis/project_1_plat1/hw/design_1_wrapper1.xsa
TRACE::2026-04-18.11:19:26::SCWPlatform::DSA given C:/Users/kc10b/Vivado/ECE520L/FinalProject/project_1/project_1_vitis/project_1_plat1/hw/design_1_wrapper1.xsa
TRACE::2026-04-18.11:19:26::SCWPlatform::DSA absoulate path C:/Users/kc10b/Vivado/ECE520L/FinalProject/project_1/project_1_vitis/project_1_plat1/hw/design_1_wrapper1.xsa
TRACE::2026-04-18.11:19:26::SCWPlatform::DSA directory C:/Users/kc10b/Vivado/ECE520L/FinalProject/project_1/project_1_vitis/project_1_plat1/hw
TRACE::2026-04-18.11:19:26::SCWPlatform:: Platform Path C:/Users/kc10b/Vivado/ECE520L/FinalProject/project_1/project_1_vitis/project_1_plat1/hw/design_1_wrapper1.xsa
TRACE::2026-04-18.11:19:26::SCWPlatform:: Unique name xilinx:zybo-z7-10::0.0
TRACE::2026-04-18.11:19:26::SCWPlatform::Trying to set the existing hwdb with name design_1_wrapper_6
TRACE::2026-04-18.11:19:26::SCWPlatform::Opened existing hwdb design_1_wrapper_6
TRACE::2026-04-18.11:19:26::SCWPlatform::Found the Hw Db part of the input DSA
TRACE::2026-04-18.11:19:26::SCWMssOS::Checking the sw design at  C:/Users/kc10b/Vivado/ECE520L/FinalProject/project_1/project_1_vitis/project_1_plat1/zynq_fsbl/zynq_fsbl_bsp/system.mss
TRACE::2026-04-18.11:19:26::SCWMssOS::DEBUG:  swdes dump  C:/Users/kc10b/Vivado/ECE520L/FinalProject/project_1/project_1_vitis/project_1_plat/ps7_cortexa9_0/standalone_domain/bsp/system.mss|system_0||
C:/Users/kc10b/Vivado/ECE520L/FinalProject/project_1/project_1_vitis/project_1_plat/zynq_fsbl/zynq_fsbl_bsp/system.mss|system||
C:/Users/kc10b/Vivado/ECE520L/FinalProject/project_1/project_1_vitis/project_1_plat1/ps7_cortexa9_0/standalone_domain/bsp/system.mss|system_2||
C:/Users/kc10b/Vivado/ECE520L/FinalProject/project_1/project_1_vitis/project_1_plat1/zynq_fsbl/zynq_fsbl_bsp/system.mss|system_1||

TRACE::2026-04-18.11:19:26::SCWMssOS::Sw design exists and opened at  C:/Users/kc10b/Vivado/ECE520L/FinalProject/project_1/project_1_vitis/project_1_plat1/zynq_fsbl/zynq_fsbl_bsp/system.mss
TRACE::2026-04-18.11:19:26::SCWMssOS::Removing the swdes entry for  C:/Users/kc10b/Vivado/ECE520L/FinalProject/project_1/project_1_vitis/project_1_plat1/zynq_fsbl/zynq_fsbl_bsp/system.mss
TRACE::2026-04-18.11:19:26::SCWMssOS::In reload Mss file.
TRACE::2026-04-18.11:19:26::SCWPlatform::Trying to open the hw design at C:/Users/kc10b/Vivado/ECE520L/FinalProject/project_1/project_1_vitis/project_1_plat1/hw/design_1_wrapper1.xsa
TRACE::2026-04-18.11:19:26::SCWPlatform::DSA given C:/Users/kc10b/Vivado/ECE520L/FinalProject/project_1/project_1_vitis/project_1_plat1/hw/design_1_wrapper1.xsa
TRACE::2026-04-18.11:19:26::SCWPlatform::DSA absoulate path C:/Users/kc10b/Vivado/ECE520L/FinalProject/project_1/project_1_vitis/project_1_plat1/hw/design_1_wrapper1.xsa
TRACE::2026-04-18.11:19:26::SCWPlatform::DSA directory C:/Users/kc10b/Vivado/ECE520L/FinalProject/project_1/project_1_vitis/project_1_plat1/hw
TRACE::2026-04-18.11:19:26::SCWPlatform:: Platform Path C:/Users/kc10b/Vivado/ECE520L/FinalProject/project_1/project_1_vitis/project_1_plat1/hw/design_1_wrapper1.xsa
TRACE::2026-04-18.11:19:26::SCWPlatform:: Unique name xilinx:zybo-z7-10::0.0
TRACE::2026-04-18.11:19:26::SCWPlatform::Trying to set the existing hwdb with name design_1_wrapper_6
TRACE::2026-04-18.11:19:26::SCWPlatform::Opened existing hwdb design_1_wrapper_6
TRACE::2026-04-18.11:19:26::SCWPlatform::Found the Hw Db part of the input DSA
TRACE::2026-04-18.11:19:26::SCWMssOS::Checking the sw design at  C:/Users/kc10b/Vivado/ECE520L/FinalProject/project_1/project_1_vitis/project_1_plat1/zynq_fsbl/zynq_fsbl_bsp/system.mss
TRACE::2026-04-18.11:19:26::SCWMssOS::DEBUG:  swdes dump  C:/Users/kc10b/Vivado/ECE520L/FinalProject/project_1/project_1_vitis/project_1_plat/ps7_cortexa9_0/standalone_domain/bsp/system.mss|system_0||
C:/Users/kc10b/Vivado/ECE520L/FinalProject/project_1/project_1_vitis/project_1_plat/zynq_fsbl/zynq_fsbl_bsp/system.mss|system||
C:/Users/kc10b/Vivado/ECE520L/FinalProject/project_1/project_1_vitis/project_1_plat1/ps7_cortexa9_0/standalone_domain/bsp/system.mss|system_2||

TRACE::2026-04-18.11:19:26::SCWMssOS::No sw design opened at  C:/Users/kc10b/Vivado/ECE520L/FinalProject/project_1/project_1_vitis/project_1_plat1/zynq_fsbl/zynq_fsbl_bsp/system.mss
TRACE::2026-04-18.11:19:26::SCWMssOS::mss exists loading the mss file  C:/Users/kc10b/Vivado/ECE520L/FinalProject/project_1/project_1_vitis/project_1_plat1/zynq_fsbl/zynq_fsbl_bsp/system.mss
TRACE::2026-04-18.11:19:26::SCWMssOS::Opened the sw design from mss  C:/Users/kc10b/Vivado/ECE520L/FinalProject/project_1/project_1_vitis/project_1_plat1/zynq_fsbl/zynq_fsbl_bsp/system.mss
TRACE::2026-04-18.11:19:26::SCWMssOS::Adding the swdes entry C:/Users/kc10b/Vivado/ECE520L/FinalProject/project_1/project_1_vitis/project_1_plat1/zynq_fsbl/zynq_fsbl_bsp/system.mss with des name system_1
TRACE::2026-04-18.11:19:26::SCWMssOS::updating the scw layer about changes
TRACE::2026-04-18.11:19:26::SCWMssOS::Opened the sw design.  C:/Users/kc10b/Vivado/ECE520L/FinalProject/project_1/project_1_vitis/project_1_plat1/zynq_fsbl/zynq_fsbl_bsp/system.mss
TRACE::2026-04-18.11:19:26::SCWPlatform::Trying to open the hw design at C:/Users/kc10b/Vivado/ECE520L/FinalProject/project_1/project_1_vitis/project_1_plat1/hw/design_1_wrapper1.xsa
TRACE::2026-04-18.11:19:26::SCWPlatform::DSA given C:/Users/kc10b/Vivado/ECE520L/FinalProject/project_1/project_1_vitis/project_1_plat1/hw/design_1_wrapper1.xsa
TRACE::2026-04-18.11:19:26::SCWPlatform::DSA absoulate path C:/Users/kc10b/Vivado/ECE520L/FinalProject/project_1/project_1_vitis/project_1_plat1/hw/design_1_wrapper1.xsa
TRACE::2026-04-18.11:19:26::SCWPlatform::DSA directory C:/Users/kc10b/Vivado/ECE520L/FinalProject/project_1/project_1_vitis/project_1_plat1/hw
TRACE::2026-04-18.11:19:26::SCWPlatform:: Platform Path C:/Users/kc10b/Vivado/ECE520L/FinalProject/project_1/project_1_vitis/project_1_plat1/hw/design_1_wrapper1.xsa
TRACE::2026-04-18.11:19:26::SCWPlatform:: Unique name xilinx:zybo-z7-10::0.0
TRACE::2026-04-18.11:19:26::SCWPlatform::Trying to set the existing hwdb with name design_1_wrapper_6
TRACE::2026-04-18.11:19:26::SCWPlatform::Opened existing hwdb design_1_wrapper_6
TRACE::2026-04-18.11:19:26::SCWPlatform::Found the Hw Db part of the input DSA
TRACE::2026-04-18.11:19:26::SCWMssOS::Checking the sw design at  C:/Users/kc10b/Vivado/ECE520L/FinalProject/project_1/project_1_vitis/project_1_plat1/zynq_fsbl/zynq_fsbl_bsp/system.mss
TRACE::2026-04-18.11:19:26::SCWMssOS::DEBUG:  swdes dump  C:/Users/kc10b/Vivado/ECE520L/FinalProject/project_1/project_1_vitis/project_1_plat/ps7_cortexa9_0/standalone_domain/bsp/system.mss|system_0||
C:/Users/kc10b/Vivado/ECE520L/FinalProject/project_1/project_1_vitis/project_1_plat/zynq_fsbl/zynq_fsbl_bsp/system.mss|system||
C:/Users/kc10b/Vivado/ECE520L/FinalProject/project_1/project_1_vitis/project_1_plat1/ps7_cortexa9_0/standalone_domain/bsp/system.mss|system_2||
C:/Users/kc10b/Vivado/ECE520L/FinalProject/project_1/project_1_vitis/project_1_plat1/zynq_fsbl/zynq_fsbl_bsp/system.mss|system_1||

TRACE::2026-04-18.11:19:26::SCWMssOS::Sw design exists and opened at  C:/Users/kc10b/Vivado/ECE520L/FinalProject/project_1/project_1_vitis/project_1_plat1/zynq_fsbl/zynq_fsbl_bsp/system.mss
TRACE::2026-04-18.11:19:26::SCWMssOS:: library already available in sw design:  xilffs:5.0
TRACE::2026-04-18.11:19:26::SCWPlatform::Trying to open the hw design at C:/Users/kc10b/Vivado/ECE520L/FinalProject/project_1/project_1_vitis/project_1_plat1/hw/design_1_wrapper1.xsa
TRACE::2026-04-18.11:19:26::SCWPlatform::DSA given C:/Users/kc10b/Vivado/ECE520L/FinalProject/project_1/project_1_vitis/project_1_plat1/hw/design_1_wrapper1.xsa
TRACE::2026-04-18.11:19:26::SCWPlatform::DSA absoulate path C:/Users/kc10b/Vivado/ECE520L/FinalProject/project_1/project_1_vitis/project_1_plat1/hw/design_1_wrapper1.xsa
TRACE::2026-04-18.11:19:26::SCWPlatform::DSA directory C:/Users/kc10b/Vivado/ECE520L/FinalProject/project_1/project_1_vitis/project_1_plat1/hw
TRACE::2026-04-18.11:19:26::SCWPlatform:: Platform Path C:/Users/kc10b/Vivado/ECE520L/FinalProject/project_1/project_1_vitis/project_1_plat1/hw/design_1_wrapper1.xsa
TRACE::2026-04-18.11:19:26::SCWPlatform:: Unique name xilinx:zybo-z7-10::0.0
TRACE::2026-04-18.11:19:26::SCWPlatform::Trying to set the existing hwdb with name design_1_wrapper_6
TRACE::2026-04-18.11:19:26::SCWPlatform::Opened existing hwdb design_1_wrapper_6
TRACE::2026-04-18.11:19:26::SCWPlatform::Found the Hw Db part of the input DSA
TRACE::2026-04-18.11:19:26::SCWMssOS::Checking the sw design at  C:/Users/kc10b/Vivado/ECE520L/FinalProject/project_1/project_1_vitis/project_1_plat1/zynq_fsbl/zynq_fsbl_bsp/system.mss
TRACE::2026-04-18.11:19:26::SCWMssOS::DEBUG:  swdes dump  C:/Users/kc10b/Vivado/ECE520L/FinalProject/project_1/project_1_vitis/project_1_plat/ps7_cortexa9_0/standalone_domain/bsp/system.mss|system_0||
C:/Users/kc10b/Vivado/ECE520L/FinalProject/project_1/project_1_vitis/project_1_plat/zynq_fsbl/zynq_fsbl_bsp/system.mss|system||
C:/Users/kc10b/Vivado/ECE520L/FinalProject/project_1/project_1_vitis/project_1_plat1/ps7_cortexa9_0/standalone_domain/bsp/system.mss|system_2||
C:/Users/kc10b/Vivado/ECE520L/FinalProject/project_1/project_1_vitis/project_1_plat1/zynq_fsbl/zynq_fsbl_bsp/system.mss|system_1||

TRACE::2026-04-18.11:19:26::SCWMssOS::Sw design exists and opened at  C:/Users/kc10b/Vivado/ECE520L/FinalProject/project_1/project_1_vitis/project_1_plat1/zynq_fsbl/zynq_fsbl_bsp/system.mss
TRACE::2026-04-18.11:19:26::SCWMssOS:: library already available in sw design:  xilrsa:1.6
TRACE::2026-04-18.11:19:26::SCWPlatform::Trying to open the hw design at C:/Users/kc10b/Vivado/ECE520L/FinalProject/project_1/project_1_vitis/project_1_plat1/hw/design_1_wrapper1.xsa
TRACE::2026-04-18.11:19:26::SCWPlatform::DSA given C:/Users/kc10b/Vivado/ECE520L/FinalProject/project_1/project_1_vitis/project_1_plat1/hw/design_1_wrapper1.xsa
TRACE::2026-04-18.11:19:26::SCWPlatform::DSA absoulate path C:/Users/kc10b/Vivado/ECE520L/FinalProject/project_1/project_1_vitis/project_1_plat1/hw/design_1_wrapper1.xsa
TRACE::2026-04-18.11:19:26::SCWPlatform::DSA directory C:/Users/kc10b/Vivado/ECE520L/FinalProject/project_1/project_1_vitis/project_1_plat1/hw
TRACE::2026-04-18.11:19:26::SCWPlatform:: Platform Path C:/Users/kc10b/Vivado/ECE520L/FinalProject/project_1/project_1_vitis/project_1_plat1/hw/design_1_wrapper1.xsa
TRACE::2026-04-18.11:19:26::SCWPlatform:: Unique name xilinx:zybo-z7-10::0.0
TRACE::2026-04-18.11:19:26::SCWPlatform::Trying to set the existing hwdb with name design_1_wrapper_6
TRACE::2026-04-18.11:19:26::SCWPlatform::Opened existing hwdb design_1_wrapper_6
TRACE::2026-04-18.11:19:26::SCWPlatform::Found the Hw Db part of the input DSA
TRACE::2026-04-18.11:19:26::SCWMssOS::Checking the sw design at  C:/Users/kc10b/Vivado/ECE520L/FinalProject/project_1/project_1_vitis/project_1_plat1/zynq_fsbl/zynq_fsbl_bsp/system.mss
TRACE::2026-04-18.11:19:26::SCWMssOS::DEBUG:  swdes dump  C:/Users/kc10b/Vivado/ECE520L/FinalProject/project_1/project_1_vitis/project_1_plat/ps7_cortexa9_0/standalone_domain/bsp/system.mss|system_0||
C:/Users/kc10b/Vivado/ECE520L/FinalProject/project_1/project_1_vitis/project_1_plat/zynq_fsbl/zynq_fsbl_bsp/system.mss|system||
C:/Users/kc10b/Vivado/ECE520L/FinalProject/project_1/project_1_vitis/project_1_plat1/ps7_cortexa9_0/standalone_domain/bsp/system.mss|system_2||
C:/Users/kc10b/Vivado/ECE520L/FinalProject/project_1/project_1_vitis/project_1_plat1/zynq_fsbl/zynq_fsbl_bsp/system.mss|system_1||

TRACE::2026-04-18.11:19:26::SCWMssOS::Sw design exists and opened at  C:/Users/kc10b/Vivado/ECE520L/FinalProject/project_1/project_1_vitis/project_1_plat1/zynq_fsbl/zynq_fsbl_bsp/system.mss
TRACE::2026-04-18.11:19:26::SCWMssOS::Saving the mss changes C:/Users/kc10b/Vivado/ECE520L/FinalProject/project_1/project_1_vitis/project_1_plat1/zynq_fsbl/zynq_fsbl_bsp/system.mss
TRACE::2026-04-18.11:19:26::SCWMssOS::Found a swdesign opened with the mssfile.
TRACE::2026-04-18.11:19:26::SCWMssOS::Completed writemss as part of save.
TRACE::2026-04-18.11:19:26::SCWMssOS::Commit changes completed.
TRACE::2026-04-18.11:19:26::SCWPlatform::Trying to open the hw design at C:/Users/kc10b/Vivado/ECE520L/FinalProject/project_1/project_1_vitis/project_1_plat1/hw/design_1_wrapper1.xsa
TRACE::2026-04-18.11:19:26::SCWPlatform::DSA given C:/Users/kc10b/Vivado/ECE520L/FinalProject/project_1/project_1_vitis/project_1_plat1/hw/design_1_wrapper1.xsa
TRACE::2026-04-18.11:19:26::SCWPlatform::DSA absoulate path C:/Users/kc10b/Vivado/ECE520L/FinalProject/project_1/project_1_vitis/project_1_plat1/hw/design_1_wrapper1.xsa
TRACE::2026-04-18.11:19:26::SCWPlatform::DSA directory C:/Users/kc10b/Vivado/ECE520L/FinalProject/project_1/project_1_vitis/project_1_plat1/hw
TRACE::2026-04-18.11:19:26::SCWPlatform:: Platform Path C:/Users/kc10b/Vivado/ECE520L/FinalProject/project_1/project_1_vitis/project_1_plat1/hw/design_1_wrapper1.xsa
TRACE::2026-04-18.11:19:26::SCWPlatform:: Unique name xilinx:zybo-z7-10::0.0
TRACE::2026-04-18.11:19:26::SCWPlatform::Trying to set the existing hwdb with name design_1_wrapper_6
TRACE::2026-04-18.11:19:26::SCWPlatform::Opened existing hwdb design_1_wrapper_6
TRACE::2026-04-18.11:19:26::SCWPlatform::Found the Hw Db part of the input DSA
TRACE::2026-04-18.11:19:26::SCWMssOS::Checking the sw design at  C:/Users/kc10b/Vivado/ECE520L/FinalProject/project_1/project_1_vitis/project_1_plat1/zynq_fsbl/zynq_fsbl_bsp/system.mss
TRACE::2026-04-18.11:19:26::SCWMssOS::DEBUG:  swdes dump  C:/Users/kc10b/Vivado/ECE520L/FinalProject/project_1/project_1_vitis/project_1_plat/ps7_cortexa9_0/standalone_domain/bsp/system.mss|system_0||
C:/Users/kc10b/Vivado/ECE520L/FinalProject/project_1/project_1_vitis/project_1_plat/zynq_fsbl/zynq_fsbl_bsp/system.mss|system||
C:/Users/kc10b/Vivado/ECE520L/FinalProject/project_1/project_1_vitis/project_1_plat1/ps7_cortexa9_0/standalone_domain/bsp/system.mss|system_2||
C:/Users/kc10b/Vivado/ECE520L/FinalProject/project_1/project_1_vitis/project_1_plat1/zynq_fsbl/zynq_fsbl_bsp/system.mss|system_1||

TRACE::2026-04-18.11:19:26::SCWMssOS::Sw design exists and opened at  C:/Users/kc10b/Vivado/ECE520L/FinalProject/project_1/project_1_vitis/project_1_plat1/zynq_fsbl/zynq_fsbl_bsp/system.mss
TRACE::2026-04-18.11:19:26::SCWMssOS::Removing the swdes entry for  C:/Users/kc10b/Vivado/ECE520L/FinalProject/project_1/project_1_vitis/project_1_plat1/zynq_fsbl/zynq_fsbl_bsp/system.mss
TRACE::2026-04-18.11:19:26::SCWPlatform::Trying to open the hw design at C:/Users/kc10b/Vivado/ECE520L/FinalProject/project_1/project_1_vitis/project_1_plat1/hw/design_1_wrapper1.xsa
TRACE::2026-04-18.11:19:26::SCWPlatform::DSA given C:/Users/kc10b/Vivado/ECE520L/FinalProject/project_1/project_1_vitis/project_1_plat1/hw/design_1_wrapper1.xsa
TRACE::2026-04-18.11:19:26::SCWPlatform::DSA absoulate path C:/Users/kc10b/Vivado/ECE520L/FinalProject/project_1/project_1_vitis/project_1_plat1/hw/design_1_wrapper1.xsa
TRACE::2026-04-18.11:19:26::SCWPlatform::DSA directory C:/Users/kc10b/Vivado/ECE520L/FinalProject/project_1/project_1_vitis/project_1_plat1/hw
TRACE::2026-04-18.11:19:26::SCWPlatform:: Platform Path C:/Users/kc10b/Vivado/ECE520L/FinalProject/project_1/project_1_vitis/project_1_plat1/hw/design_1_wrapper1.xsa
TRACE::2026-04-18.11:19:26::SCWPlatform:: Unique name xilinx:zybo-z7-10::0.0
TRACE::2026-04-18.11:19:26::SCWPlatform::Trying to set the existing hwdb with name design_1_wrapper_6
TRACE::2026-04-18.11:19:26::SCWPlatform::Opened existing hwdb design_1_wrapper_6
TRACE::2026-04-18.11:19:26::SCWPlatform::Found the Hw Db part of the input DSA
TRACE::2026-04-18.11:19:26::SCWMssOS::Checking the sw design at  C:/Users/kc10b/Vivado/ECE520L/FinalProject/project_1/project_1_vitis/project_1_plat1/zynq_fsbl/zynq_fsbl_bsp/system.mss
TRACE::2026-04-18.11:19:26::SCWMssOS::DEBUG:  swdes dump  C:/Users/kc10b/Vivado/ECE520L/FinalProject/project_1/project_1_vitis/project_1_plat/ps7_cortexa9_0/standalone_domain/bsp/system.mss|system_0||
C:/Users/kc10b/Vivado/ECE520L/FinalProject/project_1/project_1_vitis/project_1_plat/zynq_fsbl/zynq_fsbl_bsp/system.mss|system||
C:/Users/kc10b/Vivado/ECE520L/FinalProject/project_1/project_1_vitis/project_1_plat1/ps7_cortexa9_0/standalone_domain/bsp/system.mss|system_2||

TRACE::2026-04-18.11:19:26::SCWMssOS::No sw design opened at  C:/Users/kc10b/Vivado/ECE520L/FinalProject/project_1/project_1_vitis/project_1_plat1/zynq_fsbl/zynq_fsbl_bsp/system.mss
TRACE::2026-04-18.11:19:26::SCWMssOS::mss exists loading the mss file  C:/Users/kc10b/Vivado/ECE520L/FinalProject/project_1/project_1_vitis/project_1_plat1/zynq_fsbl/zynq_fsbl_bsp/system.mss
TRACE::2026-04-18.11:19:26::SCWMssOS::Opened the sw design from mss  C:/Users/kc10b/Vivado/ECE520L/FinalProject/project_1/project_1_vitis/project_1_plat1/zynq_fsbl/zynq_fsbl_bsp/system.mss
TRACE::2026-04-18.11:19:26::SCWMssOS::Adding the swdes entry C:/Users/kc10b/Vivado/ECE520L/FinalProject/project_1/project_1_vitis/project_1_plat1/zynq_fsbl/zynq_fsbl_bsp/system.mss with des name system_1
TRACE::2026-04-18.11:19:26::SCWMssOS::updating the scw layer about changes
TRACE::2026-04-18.11:19:26::SCWMssOS::Opened the sw design.  C:/Users/kc10b/Vivado/ECE520L/FinalProject/project_1/project_1_vitis/project_1_plat1/zynq_fsbl/zynq_fsbl_bsp/system.mss
TRACE::2026-04-18.11:19:26::SCWBDomain::Completed writing the mss file at C:/Users/kc10b/Vivado/ECE520L/FinalProject/project_1/project_1_vitis/project_1_plat1/zynq_fsbl/zynq_fsbl_bsp
TRACE::2026-04-18.11:19:26::SCWBDomain::Forcing BSP Sources regeneration.
KEYINFO::2026-04-18.11:19:28::SCWMssOS::Removing file C:/Users/kc10b/Vivado/ECE520L/FinalProject/project_1/project_1_vitis/project_1_plat1/zynq_fsbl/zynq_fsbl_bsp\system_1.mss
TRACE::2026-04-18.11:19:28::SCWBDomain::Updating the makefile used for building the Application zynq_fsbl
TRACE::2026-04-18.11:19:28::SCWPlatform::Trying to open the hw design at C:/Users/kc10b/Vivado/ECE520L/FinalProject/project_1/project_1_vitis/project_1_plat1/hw/design_1_wrapper1.xsa
TRACE::2026-04-18.11:19:28::SCWPlatform::DSA given C:/Users/kc10b/Vivado/ECE520L/FinalProject/project_1/project_1_vitis/project_1_plat1/hw/design_1_wrapper1.xsa
TRACE::2026-04-18.11:19:28::SCWPlatform::DSA absoulate path C:/Users/kc10b/Vivado/ECE520L/FinalProject/project_1/project_1_vitis/project_1_plat1/hw/design_1_wrapper1.xsa
TRACE::2026-04-18.11:19:28::SCWPlatform::DSA directory C:/Users/kc10b/Vivado/ECE520L/FinalProject/project_1/project_1_vitis/project_1_plat1/hw
TRACE::2026-04-18.11:19:28::SCWPlatform:: Platform Path C:/Users/kc10b/Vivado/ECE520L/FinalProject/project_1/project_1_vitis/project_1_plat1/hw/design_1_wrapper1.xsa
TRACE::2026-04-18.11:19:28::SCWPlatform:: Unique name xilinx:zybo-z7-10::0.0
TRACE::2026-04-18.11:19:28::SCWPlatform::Trying to set the existing hwdb with name design_1_wrapper_6
TRACE::2026-04-18.11:19:28::SCWPlatform::Opened existing hwdb design_1_wrapper_6
TRACE::2026-04-18.11:19:28::SCWPlatform::Found the Hw Db part of the input DSA
TRACE::2026-04-18.11:19:28::SCWMssOS::Checking the sw design at  C:/Users/kc10b/Vivado/ECE520L/FinalProject/project_1/project_1_vitis/project_1_plat1/zynq_fsbl/zynq_fsbl_bsp/system.mss
TRACE::2026-04-18.11:19:28::SCWMssOS::DEBUG:  swdes dump  C:/Users/kc10b/Vivado/ECE520L/FinalProject/project_1/project_1_vitis/project_1_plat/ps7_cortexa9_0/standalone_domain/bsp/system.mss|system_0||
C:/Users/kc10b/Vivado/ECE520L/FinalProject/project_1/project_1_vitis/project_1_plat/zynq_fsbl/zynq_fsbl_bsp/system.mss|system||
C:/Users/kc10b/Vivado/ECE520L/FinalProject/project_1/project_1_vitis/project_1_plat1/ps7_cortexa9_0/standalone_domain/bsp/system.mss|system_2||

TRACE::2026-04-18.11:19:28::SCWMssOS::No sw design opened at  C:/Users/kc10b/Vivado/ECE520L/FinalProject/project_1/project_1_vitis/project_1_plat1/zynq_fsbl/zynq_fsbl_bsp/system.mss
TRACE::2026-04-18.11:19:28::SCWMssOS::mss exists loading the mss file  C:/Users/kc10b/Vivado/ECE520L/FinalProject/project_1/project_1_vitis/project_1_plat1/zynq_fsbl/zynq_fsbl_bsp/system.mss
TRACE::2026-04-18.11:19:28::SCWMssOS::Opened the sw design from mss  C:/Users/kc10b/Vivado/ECE520L/FinalProject/project_1/project_1_vitis/project_1_plat1/zynq_fsbl/zynq_fsbl_bsp/system.mss
TRACE::2026-04-18.11:19:28::SCWMssOS::Adding the swdes entry C:/Users/kc10b/Vivado/ECE520L/FinalProject/project_1/project_1_vitis/project_1_plat1/zynq_fsbl/zynq_fsbl_bsp/system.mss with des name system_1
TRACE::2026-04-18.11:19:28::SCWMssOS::updating the scw layer about changes
TRACE::2026-04-18.11:19:28::SCWMssOS::Opened the sw design.  C:/Users/kc10b/Vivado/ECE520L/FinalProject/project_1/project_1_vitis/project_1_plat1/zynq_fsbl/zynq_fsbl_bsp/system.mss
TRACE::2026-04-18.11:19:38::SCWBDomain::removing the temporary location in _platform.
TRACE::2026-04-18.11:19:38::SCWBDomain::Makefile is Updated.
TRACE::2026-04-18.11:19:38::SCWBDomain::doing clean.
TRACE::2026-04-18.11:19:38::SCWBDomain::System Command Ran  C:&  cd  C:/Users/kc10b/Vivado/ECE520L/FinalProject/project_1/project_1_vitis/project_1_plat1/zynq_fsbl & make clean
TRACE::2026-04-18.11:19:38::SCWBDomain::rm -rf  sd.o  nand.o  nor.o  image_mover.o  md5.o  fsbl_hooks.o  main.o  rsa.o  qspi.o  ps7_init.o  pcap.o  fsbl_handoff.o zynq
TRACE::2026-04-18.11:19:38::SCWBDomain::_fsbl_bsp/ps7_cortexa9_0/lib/libxil.a fsbl.elf *.o

TRACE::2026-04-18.11:19:39::SCWPlatform::Trying to open the hw design at C:/Users/kc10b/Vivado/ECE520L/FinalProject/project_1/project_1_vitis/project_1_plat1/hw/design_1_wrapper1.xsa
TRACE::2026-04-18.11:19:39::SCWPlatform::DSA given C:/Users/kc10b/Vivado/ECE520L/FinalProject/project_1/project_1_vitis/project_1_plat1/hw/design_1_wrapper1.xsa
TRACE::2026-04-18.11:19:39::SCWPlatform::DSA absoulate path C:/Users/kc10b/Vivado/ECE520L/FinalProject/project_1/project_1_vitis/project_1_plat1/hw/design_1_wrapper1.xsa
TRACE::2026-04-18.11:19:39::SCWPlatform::DSA directory C:/Users/kc10b/Vivado/ECE520L/FinalProject/project_1/project_1_vitis/project_1_plat1/hw
TRACE::2026-04-18.11:19:39::SCWPlatform:: Platform Path C:/Users/kc10b/Vivado/ECE520L/FinalProject/project_1/project_1_vitis/project_1_plat1/hw/design_1_wrapper1.xsa
TRACE::2026-04-18.11:19:39::SCWPlatform:: Unique name xilinx:zybo-z7-10::0.0
TRACE::2026-04-18.11:19:39::SCWPlatform::Trying to set the existing hwdb with name design_1_wrapper_6
TRACE::2026-04-18.11:19:39::SCWPlatform::Opened existing hwdb design_1_wrapper_6
TRACE::2026-04-18.11:19:39::SCWPlatform::Found the Hw Db part of the input DSA
TRACE::2026-04-18.11:19:39::SCWMssOS::Checking the sw design at  C:/Users/kc10b/Vivado/ECE520L/FinalProject/project_1/project_1_vitis/project_1_plat1/ps7_cortexa9_0/standalone_domain/bsp/system.mss
TRACE::2026-04-18.11:19:39::SCWMssOS::DEBUG:  swdes dump  C:/Users/kc10b/Vivado/ECE520L/FinalProject/project_1/project_1_vitis/project_1_plat/ps7_cortexa9_0/standalone_domain/bsp/system.mss|system_0||
C:/Users/kc10b/Vivado/ECE520L/FinalProject/project_1/project_1_vitis/project_1_plat/zynq_fsbl/zynq_fsbl_bsp/system.mss|system||
C:/Users/kc10b/Vivado/ECE520L/FinalProject/project_1/project_1_vitis/project_1_plat1/ps7_cortexa9_0/standalone_domain/bsp/system.mss|system_2||
C:/Users/kc10b/Vivado/ECE520L/FinalProject/project_1/project_1_vitis/project_1_plat1/zynq_fsbl/zynq_fsbl_bsp/system.mss|system_1||

TRACE::2026-04-18.11:19:39::SCWMssOS::Sw design exists and opened at  C:/Users/kc10b/Vivado/ECE520L/FinalProject/project_1/project_1_vitis/project_1_plat1/ps7_cortexa9_0/standalone_domain/bsp/system.mss
TRACE::2026-04-18.11:19:40::SCWMssOS::In reload Mss file.
TRACE::2026-04-18.11:19:40::SCWPlatform::Trying to open the hw design at C:/Users/kc10b/Vivado/ECE520L/FinalProject/project_1/project_1_vitis/project_1_plat1/hw/design_1_wrapper1.xsa
TRACE::2026-04-18.11:19:40::SCWPlatform::DSA given C:/Users/kc10b/Vivado/ECE520L/FinalProject/project_1/project_1_vitis/project_1_plat1/hw/design_1_wrapper1.xsa
TRACE::2026-04-18.11:19:40::SCWPlatform::DSA absoulate path C:/Users/kc10b/Vivado/ECE520L/FinalProject/project_1/project_1_vitis/project_1_plat1/hw/design_1_wrapper1.xsa
TRACE::2026-04-18.11:19:40::SCWPlatform::DSA directory C:/Users/kc10b/Vivado/ECE520L/FinalProject/project_1/project_1_vitis/project_1_plat1/hw
TRACE::2026-04-18.11:19:40::SCWPlatform:: Platform Path C:/Users/kc10b/Vivado/ECE520L/FinalProject/project_1/project_1_vitis/project_1_plat1/hw/design_1_wrapper1.xsa
TRACE::2026-04-18.11:19:40::SCWPlatform:: Unique name xilinx:zybo-z7-10::0.0
TRACE::2026-04-18.11:19:40::SCWPlatform::Trying to set the existing hwdb with name design_1_wrapper_6
TRACE::2026-04-18.11:19:40::SCWPlatform::Opened existing hwdb design_1_wrapper_6
TRACE::2026-04-18.11:19:40::SCWPlatform::Found the Hw Db part of the input DSA
TRACE::2026-04-18.11:19:40::SCWMssOS::Checking the sw design at  C:/Users/kc10b/Vivado/ECE520L/FinalProject/project_1/project_1_vitis/project_1_plat1/ps7_cortexa9_0/standalone_domain/bsp/system.mss
TRACE::2026-04-18.11:19:40::SCWMssOS::DEBUG:  swdes dump  C:/Users/kc10b/Vivado/ECE520L/FinalProject/project_1/project_1_vitis/project_1_plat/ps7_cortexa9_0/standalone_domain/bsp/system.mss|system_0||
C:/Users/kc10b/Vivado/ECE520L/FinalProject/project_1/project_1_vitis/project_1_plat/zynq_fsbl/zynq_fsbl_bsp/system.mss|system||
C:/Users/kc10b/Vivado/ECE520L/FinalProject/project_1/project_1_vitis/project_1_plat1/zynq_fsbl/zynq_fsbl_bsp/system.mss|system_1||

TRACE::2026-04-18.11:19:40::SCWMssOS::No sw design opened at  C:/Users/kc10b/Vivado/ECE520L/FinalProject/project_1/project_1_vitis/project_1_plat1/ps7_cortexa9_0/standalone_domain/bsp/system.mss
TRACE::2026-04-18.11:19:40::SCWMssOS::mss exists loading the mss file  C:/Users/kc10b/Vivado/ECE520L/FinalProject/project_1/project_1_vitis/project_1_plat1/ps7_cortexa9_0/standalone_domain/bsp/system.mss
TRACE::2026-04-18.11:19:40::SCWMssOS::Opened the sw design from mss  C:/Users/kc10b/Vivado/ECE520L/FinalProject/project_1/project_1_vitis/project_1_plat1/ps7_cortexa9_0/standalone_domain/bsp/system.mss
TRACE::2026-04-18.11:19:40::SCWMssOS::Adding the swdes entry C:/Users/kc10b/Vivado/ECE520L/FinalProject/project_1/project_1_vitis/project_1_plat1/ps7_cortexa9_0/standalone_domain/bsp/system.mss with des name system_1
TRACE::2026-04-18.11:19:40::SCWMssOS::updating the scw layer about changes
TRACE::2026-04-18.11:19:40::SCWMssOS::Opened the sw design.  C:/Users/kc10b/Vivado/ECE520L/FinalProject/project_1/project_1_vitis/project_1_plat1/ps7_cortexa9_0/standalone_domain/bsp/system.mss
TRACE::2026-04-18.11:19:40::SCWMssOS::Saving the mss changes C:/Users/kc10b/Vivado/ECE520L/FinalProject/project_1/project_1_vitis/project_1_plat1/ps7_cortexa9_0/standalone_domain/bsp/system.mss
TRACE::2026-04-18.11:19:40::SCWMssOS::Found a swdesign opened with the mssfile.
TRACE::2026-04-18.11:19:40::SCWMssOS::Completed writemss as part of save.
TRACE::2026-04-18.11:19:40::SCWMssOS::Commit changes completed.
TRACE::2026-04-18.11:19:40::SCWPlatform::Trying to open the hw design at C:/Users/kc10b/Vivado/ECE520L/FinalProject/project_1/project_1_vitis/project_1_plat1/hw/design_1_wrapper1.xsa
TRACE::2026-04-18.11:19:40::SCWPlatform::DSA given C:/Users/kc10b/Vivado/ECE520L/FinalProject/project_1/project_1_vitis/project_1_plat1/hw/design_1_wrapper1.xsa
TRACE::2026-04-18.11:19:40::SCWPlatform::DSA absoulate path C:/Users/kc10b/Vivado/ECE520L/FinalProject/project_1/project_1_vitis/project_1_plat1/hw/design_1_wrapper1.xsa
TRACE::2026-04-18.11:19:40::SCWPlatform::DSA directory C:/Users/kc10b/Vivado/ECE520L/FinalProject/project_1/project_1_vitis/project_1_plat1/hw
TRACE::2026-04-18.11:19:40::SCWPlatform:: Platform Path C:/Users/kc10b/Vivado/ECE520L/FinalProject/project_1/project_1_vitis/project_1_plat1/hw/design_1_wrapper1.xsa
TRACE::2026-04-18.11:19:40::SCWPlatform:: Unique name xilinx:zybo-z7-10::0.0
TRACE::2026-04-18.11:19:40::SCWPlatform::Trying to set the existing hwdb with name design_1_wrapper_6
TRACE::2026-04-18.11:19:40::SCWPlatform::Opened existing hwdb design_1_wrapper_6
TRACE::2026-04-18.11:19:40::SCWPlatform::Found the Hw Db part of the input DSA
TRACE::2026-04-18.11:19:40::SCWMssOS::Checking the sw design at  C:/Users/kc10b/Vivado/ECE520L/FinalProject/project_1/project_1_vitis/project_1_plat1/ps7_cortexa9_0/standalone_domain/bsp/system.mss
TRACE::2026-04-18.11:19:40::SCWMssOS::DEBUG:  swdes dump  C:/Users/kc10b/Vivado/ECE520L/FinalProject/project_1/project_1_vitis/project_1_plat/ps7_cortexa9_0/standalone_domain/bsp/system.mss|system_0||
C:/Users/kc10b/Vivado/ECE520L/FinalProject/project_1/project_1_vitis/project_1_plat/zynq_fsbl/zynq_fsbl_bsp/system.mss|system||
C:/Users/kc10b/Vivado/ECE520L/FinalProject/project_1/project_1_vitis/project_1_plat1/ps7_cortexa9_0/standalone_domain/bsp/system.mss|system_1||

TRACE::2026-04-18.11:19:40::SCWMssOS::Sw design exists and opened at  C:/Users/kc10b/Vivado/ECE520L/FinalProject/project_1/project_1_vitis/project_1_plat1/ps7_cortexa9_0/standalone_domain/bsp/system.mss
TRACE::2026-04-18.11:19:40::SCWMssOS::Removing the swdes entry for  C:/Users/kc10b/Vivado/ECE520L/FinalProject/project_1/project_1_vitis/project_1_plat1/ps7_cortexa9_0/standalone_domain/bsp/system.mss
TRACE::2026-04-18.11:19:41::SCWPlatform::Trying to open the hw design at C:/Users/kc10b/Vivado/ECE520L/FinalProject/project_1/project_1_vitis/project_1_plat1/hw/design_1_wrapper1.xsa
TRACE::2026-04-18.11:19:41::SCWPlatform::DSA given C:/Users/kc10b/Vivado/ECE520L/FinalProject/project_1/project_1_vitis/project_1_plat1/hw/design_1_wrapper1.xsa
TRACE::2026-04-18.11:19:41::SCWPlatform::DSA absoulate path C:/Users/kc10b/Vivado/ECE520L/FinalProject/project_1/project_1_vitis/project_1_plat1/hw/design_1_wrapper1.xsa
TRACE::2026-04-18.11:19:41::SCWPlatform::DSA directory C:/Users/kc10b/Vivado/ECE520L/FinalProject/project_1/project_1_vitis/project_1_plat1/hw
TRACE::2026-04-18.11:19:41::SCWPlatform:: Platform Path C:/Users/kc10b/Vivado/ECE520L/FinalProject/project_1/project_1_vitis/project_1_plat1/hw/design_1_wrapper1.xsa
TRACE::2026-04-18.11:19:41::SCWPlatform:: Unique name xilinx:zybo-z7-10::0.0
TRACE::2026-04-18.11:19:41::SCWPlatform::Trying to set the existing hwdb with name design_1_wrapper_6
TRACE::2026-04-18.11:19:41::SCWPlatform::Opened existing hwdb design_1_wrapper_6
TRACE::2026-04-18.11:19:41::SCWPlatform::Found the Hw Db part of the input DSA
TRACE::2026-04-18.11:19:41::SCWMssOS::Checking the sw design at  C:/Users/kc10b/Vivado/ECE520L/FinalProject/project_1/project_1_vitis/project_1_plat1/ps7_cortexa9_0/standalone_domain/bsp/system.mss
TRACE::2026-04-18.11:19:41::SCWMssOS::DEBUG:  swdes dump  C:/Users/kc10b/Vivado/ECE520L/FinalProject/project_1/project_1_vitis/project_1_plat/ps7_cortexa9_0/standalone_domain/bsp/system.mss|system_0||
C:/Users/kc10b/Vivado/ECE520L/FinalProject/project_1/project_1_vitis/project_1_plat/zynq_fsbl/zynq_fsbl_bsp/system.mss|system||

TRACE::2026-04-18.11:19:41::SCWMssOS::No sw design opened at  C:/Users/kc10b/Vivado/ECE520L/FinalProject/project_1/project_1_vitis/project_1_plat1/ps7_cortexa9_0/standalone_domain/bsp/system.mss
TRACE::2026-04-18.11:19:41::SCWMssOS::mss exists loading the mss file  C:/Users/kc10b/Vivado/ECE520L/FinalProject/project_1/project_1_vitis/project_1_plat1/ps7_cortexa9_0/standalone_domain/bsp/system.mss
TRACE::2026-04-18.11:19:41::SCWMssOS::Opened the sw design from mss  C:/Users/kc10b/Vivado/ECE520L/FinalProject/project_1/project_1_vitis/project_1_plat1/ps7_cortexa9_0/standalone_domain/bsp/system.mss
TRACE::2026-04-18.11:19:41::SCWMssOS::Adding the swdes entry C:/Users/kc10b/Vivado/ECE520L/FinalProject/project_1/project_1_vitis/project_1_plat1/ps7_cortexa9_0/standalone_domain/bsp/system.mss with des name system_1
TRACE::2026-04-18.11:19:41::SCWMssOS::updating the scw layer about changes
TRACE::2026-04-18.11:19:41::SCWMssOS::Opened the sw design.  C:/Users/kc10b/Vivado/ECE520L/FinalProject/project_1/project_1_vitis/project_1_plat1/ps7_cortexa9_0/standalone_domain/bsp/system.mss
TRACE::2026-04-18.11:19:49::SCWPlatform::Trying to open the hw design at C:/Users/kc10b/Vivado/ECE520L/FinalProject/project_1/project_1_vitis/project_1_plat1/hw/design_1_wrapper1.xsa
TRACE::2026-04-18.11:19:49::SCWPlatform::DSA given C:/Users/kc10b/Vivado/ECE520L/FinalProject/project_1/project_1_vitis/project_1_plat1/hw/design_1_wrapper1.xsa
TRACE::2026-04-18.11:19:49::SCWPlatform::DSA absoulate path C:/Users/kc10b/Vivado/ECE520L/FinalProject/project_1/project_1_vitis/project_1_plat1/hw/design_1_wrapper1.xsa
TRACE::2026-04-18.11:19:49::SCWPlatform::DSA directory C:/Users/kc10b/Vivado/ECE520L/FinalProject/project_1/project_1_vitis/project_1_plat1/hw
TRACE::2026-04-18.11:19:49::SCWPlatform:: Platform Path C:/Users/kc10b/Vivado/ECE520L/FinalProject/project_1/project_1_vitis/project_1_plat1/hw/design_1_wrapper1.xsa
TRACE::2026-04-18.11:19:49::SCWPlatform:: Unique name xilinx:zybo-z7-10::0.0
TRACE::2026-04-18.11:19:49::SCWPlatform::Trying to set the existing hwdb with name design_1_wrapper_6
TRACE::2026-04-18.11:19:49::SCWPlatform::Opened existing hwdb design_1_wrapper_6
TRACE::2026-04-18.11:19:49::SCWPlatform::Found the Hw Db part of the input DSA
TRACE::2026-04-18.11:19:49::SCWMssOS::Checking the sw design at  C:/Users/kc10b/Vivado/ECE520L/FinalProject/project_1/project_1_vitis/project_1_plat1/ps7_cortexa9_0/standalone_domain/bsp/system.mss
TRACE::2026-04-18.11:19:49::SCWMssOS::DEBUG:  swdes dump  C:/Users/kc10b/Vivado/ECE520L/FinalProject/project_1/project_1_vitis/project_1_plat/ps7_cortexa9_0/standalone_domain/bsp/system.mss|system_0||
C:/Users/kc10b/Vivado/ECE520L/FinalProject/project_1/project_1_vitis/project_1_plat/zynq_fsbl/zynq_fsbl_bsp/system.mss|system||
C:/Users/kc10b/Vivado/ECE520L/FinalProject/project_1/project_1_vitis/project_1_plat1/ps7_cortexa9_0/standalone_domain/bsp/system.mss|system_1||

TRACE::2026-04-18.11:19:49::SCWMssOS::Sw design exists and opened at  C:/Users/kc10b/Vivado/ECE520L/FinalProject/project_1/project_1_vitis/project_1_plat1/ps7_cortexa9_0/standalone_domain/bsp/system.mss
TRACE::2026-04-18.11:19:49::SCWMssOS::Saving the mss changes C:/Users/kc10b/Vivado/ECE520L/FinalProject/project_1/project_1_vitis/project_1_plat1/zynq_fsbl/zynq_fsbl_bsp/system.mss
TRACE::2026-04-18.11:19:49::SCWMssOS::Adding the swdes entry, mss present, able to open swdb C:/Users/kc10b/Vivado/ECE520L/FinalProject/project_1/project_1_vitis/project_1_plat1/zynq_fsbl/zynq_fsbl_bsp/system.mss with des name system_2
TRACE::2026-04-18.11:19:49::SCWMssOS::Writing the mss file completed C:/Users/kc10b/Vivado/ECE520L/FinalProject/project_1/project_1_vitis/project_1_plat1/zynq_fsbl/zynq_fsbl_bsp/system.mss
TRACE::2026-04-18.11:19:49::SCWMssOS::Commit changes completed.
TRACE::2026-04-18.11:19:49::SCWMssOS::Saving the mss changes C:/Users/kc10b/Vivado/ECE520L/FinalProject/project_1/project_1_vitis/project_1_plat1/ps7_cortexa9_0/standalone_domain/bsp/system.mss
TRACE::2026-04-18.11:19:49::SCWMssOS::Found a swdesign opened with the mssfile.
TRACE::2026-04-18.11:19:49::SCWMssOS::Completed writemss as part of save.
TRACE::2026-04-18.11:19:49::SCWMssOS::Commit changes completed.
TRACE::2026-04-18.11:19:49::SCWPlatform::Trying to open the hw design at C:/Users/kc10b/Vivado/ECE520L/FinalProject/project_1/project_1_vitis/project_1_plat1/hw/design_1_wrapper1.xsa
TRACE::2026-04-18.11:19:49::SCWPlatform::DSA given C:/Users/kc10b/Vivado/ECE520L/FinalProject/project_1/project_1_vitis/project_1_plat1/hw/design_1_wrapper1.xsa
TRACE::2026-04-18.11:19:49::SCWPlatform::DSA absoulate path C:/Users/kc10b/Vivado/ECE520L/FinalProject/project_1/project_1_vitis/project_1_plat1/hw/design_1_wrapper1.xsa
TRACE::2026-04-18.11:19:49::SCWPlatform::DSA directory C:/Users/kc10b/Vivado/ECE520L/FinalProject/project_1/project_1_vitis/project_1_plat1/hw
TRACE::2026-04-18.11:19:49::SCWPlatform:: Platform Path C:/Users/kc10b/Vivado/ECE520L/FinalProject/project_1/project_1_vitis/project_1_plat1/hw/design_1_wrapper1.xsa
TRACE::2026-04-18.11:19:49::SCWPlatform:: Unique name xilinx:zybo-z7-10::0.0
TRACE::2026-04-18.11:19:49::SCWPlatform::Trying to set the existing hwdb with name design_1_wrapper_6
TRACE::2026-04-18.11:19:49::SCWPlatform::Opened existing hwdb design_1_wrapper_6
TRACE::2026-04-18.11:19:49::SCWPlatform::Found the Hw Db part of the input DSA
TRACE::2026-04-18.11:19:49::SCWMssOS::Checking the sw design at  C:/Users/kc10b/Vivado/ECE520L/FinalProject/project_1/project_1_vitis/project_1_plat1/zynq_fsbl/zynq_fsbl_bsp/system.mss
TRACE::2026-04-18.11:19:49::SCWMssOS::DEBUG:  swdes dump  C:/Users/kc10b/Vivado/ECE520L/FinalProject/project_1/project_1_vitis/project_1_plat/ps7_cortexa9_0/standalone_domain/bsp/system.mss|system_0||
C:/Users/kc10b/Vivado/ECE520L/FinalProject/project_1/project_1_vitis/project_1_plat/zynq_fsbl/zynq_fsbl_bsp/system.mss|system||
C:/Users/kc10b/Vivado/ECE520L/FinalProject/project_1/project_1_vitis/project_1_plat1/ps7_cortexa9_0/standalone_domain/bsp/system.mss|system_1||
C:/Users/kc10b/Vivado/ECE520L/FinalProject/project_1/project_1_vitis/project_1_plat1/zynq_fsbl/zynq_fsbl_bsp/system.mss|system_2||

TRACE::2026-04-18.11:19:49::SCWMssOS::Sw design exists and opened at  C:/Users/kc10b/Vivado/ECE520L/FinalProject/project_1/project_1_vitis/project_1_plat1/zynq_fsbl/zynq_fsbl_bsp/system.mss
TRACE::2026-04-18.11:19:49::SCWPlatform::Trying to open the hw design at C:/Users/kc10b/Vivado/ECE520L/FinalProject/project_1/project_1_vitis/project_1_plat1/hw/design_1_wrapper1.xsa
TRACE::2026-04-18.11:19:49::SCWPlatform::DSA given C:/Users/kc10b/Vivado/ECE520L/FinalProject/project_1/project_1_vitis/project_1_plat1/hw/design_1_wrapper1.xsa
TRACE::2026-04-18.11:19:49::SCWPlatform::DSA absoulate path C:/Users/kc10b/Vivado/ECE520L/FinalProject/project_1/project_1_vitis/project_1_plat1/hw/design_1_wrapper1.xsa
TRACE::2026-04-18.11:19:49::SCWPlatform::DSA directory C:/Users/kc10b/Vivado/ECE520L/FinalProject/project_1/project_1_vitis/project_1_plat1/hw
TRACE::2026-04-18.11:19:49::SCWPlatform:: Platform Path C:/Users/kc10b/Vivado/ECE520L/FinalProject/project_1/project_1_vitis/project_1_plat1/hw/design_1_wrapper1.xsa
TRACE::2026-04-18.11:19:49::SCWPlatform:: Unique name xilinx:zybo-z7-10::0.0
TRACE::2026-04-18.11:19:49::SCWPlatform::Trying to set the existing hwdb with name design_1_wrapper_6
TRACE::2026-04-18.11:19:49::SCWPlatform::Opened existing hwdb design_1_wrapper_6
TRACE::2026-04-18.11:19:49::SCWPlatform::Found the Hw Db part of the input DSA
TRACE::2026-04-18.11:19:49::SCWMssOS::Checking the sw design at  C:/Users/kc10b/Vivado/ECE520L/FinalProject/project_1/project_1_vitis/project_1_plat1/ps7_cortexa9_0/standalone_domain/bsp/system.mss
TRACE::2026-04-18.11:19:49::SCWMssOS::DEBUG:  swdes dump  C:/Users/kc10b/Vivado/ECE520L/FinalProject/project_1/project_1_vitis/project_1_plat/ps7_cortexa9_0/standalone_domain/bsp/system.mss|system_0||
C:/Users/kc10b/Vivado/ECE520L/FinalProject/project_1/project_1_vitis/project_1_plat/zynq_fsbl/zynq_fsbl_bsp/system.mss|system||
C:/Users/kc10b/Vivado/ECE520L/FinalProject/project_1/project_1_vitis/project_1_plat1/ps7_cortexa9_0/standalone_domain/bsp/system.mss|system_1||
C:/Users/kc10b/Vivado/ECE520L/FinalProject/project_1/project_1_vitis/project_1_plat1/zynq_fsbl/zynq_fsbl_bsp/system.mss|system_2||

TRACE::2026-04-18.11:19:49::SCWMssOS::Sw design exists and opened at  C:/Users/kc10b/Vivado/ECE520L/FinalProject/project_1/project_1_vitis/project_1_plat1/ps7_cortexa9_0/standalone_domain/bsp/system.mss
TRACE::2026-04-18.11:19:49::SCWWriter::formatted JSON is {
	"platformName":	"project_1_plat1",
	"sprVersion":	"2.0",
	"mode":	"gui",
	"dsaType":	"Fixed",
	"platformDesc":	"project_1_plat1",
	"platHandOff":	"C:/Users/kc10b/Vivado/ECE520L/FinalProject/project_1/design_1_wrapper1.xsa",
	"platIntHandOff":	"<platformDir>/hw/design_1_wrapper1.xsa",
	"deviceType":	"zynq",
	"platIsPrebuiltAutogen":	"false",
	"platIsNoBootBsp":	"false",
	"hasFsblMakeHasChanges":	"false",
	"hasPmufwMakeHasChanges":	"false",
	"fsblExtraCompilerFlags":	"-MMD -MP       -mcpu=cortex-a9 -mfpu=vfpv3 -mfloat-abi=hard ",
	"platPreBuiltFlag":	false,
	"platformSamplesDir":	"",
	"platActiveSys":	"project_1_plat1",
	"systems":	[{
			"systemName":	"project_1_plat1",
			"systemDesc":	"project_1_plat1",
			"sysIsBootAutoGen":	"true",
			"systemDispName":	"project_1_plat1",
			"sysActiveDom":	"standalone_domain",
			"sysDefaultDom":	"standalone_domain",
			"domains":	[{
					"domainName":	"zynq_fsbl",
					"domainDispName":	"zynq_fsbl",
					"domainDesc":	"FSBL Application BSP - Auto Generated.",
					"processors":	"ps7_cortexa9_0",
					"os":	"standalone",
					"sdxOs":	"standalone",
					"debugEnable":	"",
					"domRuntimes":	["cpp"],
					"swRepo":	"",
					"mssOsVer":	"8.1",
					"mssFile":	"",
					"md5Digest":	"220e880f0e95da936ca4d2fda7e55439",
					"compatibleApp":	"zynq_fsbl",
					"domType":	"bootDomain",
					"arch":	"32-bit",
					"appSettings":	{
						"appCompilerFlags":	"",
						"appLinkerFlags":	""
					},
					"addedLibs":	["xilffs:5.0", "xilrsa:1.6"],
					"libOptions":	{
						"libsContainingOptions":	[]
					},
					"changedDrivers":	{
						"axi_gpio_0":	"none:",
						"changedCells":	["axi_gpio_0"]
					},
					"prebuiltLibs":	{
						"prebuiltIncPath":	[],
						"prebuiltLibPath":	[]
					},
					"isolation":	{
					}
				}, {
					"domainName":	"standalone_domain",
					"domainDispName":	"standalone on ps7_cortexa9_0",
					"domainDesc":	"standalone_domain",
					"processors":	"ps7_cortexa9_0",
					"os":	"standalone",
					"sdxOs":	"standalone",
					"qemuArgs":	"<platformDir>/resources/project_1_plat1/standalone_domain/qemu_args.txt",
					"qemuData":	"<platformDir>/resources/project_1_plat1/standalone_domain/qemu",
					"debugEnable":	"False",
					"domRuntimes":	["cpp"],
					"swRepo":	"",
					"mssOsVer":	"8.1",
					"mssFile":	"",
					"md5Digest":	"fe2128fe8c5b487e39e1c2948b2870c6",
					"compatibleApp":	"",
					"domType":	"mssDomain",
					"appSettings":	{
						"appCompilerFlags":	"",
						"appLinkerFlags":	""
					},
					"addedLibs":	[],
					"libOptions":	{
						"libsContainingOptions":	[]
					},
					"changedDrivers":	{
						"axi_gpio_0":	"none:",
						"changedCells":	["axi_gpio_0"]
					},
					"prebuiltLibs":	{
						"prebuiltIncPath":	[],
						"prebuiltLibPath":	[]
					},
					"isolation":	{
					}
				}]
		}]
}
TRACE::2026-04-18.11:19:49::SCWMssOS::Saving the mss changes C:/Users/kc10b/Vivado/ECE520L/FinalProject/project_1/project_1_vitis/project_1_plat1/ps7_cortexa9_0/standalone_domain/bsp/system.mss
TRACE::2026-04-18.11:19:49::SCWMssOS::Found a swdesign opened with the mssfile.
TRACE::2026-04-18.11:19:49::SCWMssOS::Completed writemss as part of save.
TRACE::2026-04-18.11:19:49::SCWMssOS::Commit changes completed.
TRACE::2026-04-18.11:19:49::SCWPlatform::Trying to open the hw design at C:/Users/kc10b/Vivado/ECE520L/FinalProject/project_1/project_1_vitis/project_1_plat1/hw/design_1_wrapper1.xsa
TRACE::2026-04-18.11:19:49::SCWPlatform::DSA given C:/Users/kc10b/Vivado/ECE520L/FinalProject/project_1/project_1_vitis/project_1_plat1/hw/design_1_wrapper1.xsa
TRACE::2026-04-18.11:19:49::SCWPlatform::DSA absoulate path C:/Users/kc10b/Vivado/ECE520L/FinalProject/project_1/project_1_vitis/project_1_plat1/hw/design_1_wrapper1.xsa
TRACE::2026-04-18.11:19:49::SCWPlatform::DSA directory C:/Users/kc10b/Vivado/ECE520L/FinalProject/project_1/project_1_vitis/project_1_plat1/hw
TRACE::2026-04-18.11:19:49::SCWPlatform:: Platform Path C:/Users/kc10b/Vivado/ECE520L/FinalProject/project_1/project_1_vitis/project_1_plat1/hw/design_1_wrapper1.xsa
TRACE::2026-04-18.11:19:49::SCWPlatform:: Unique name xilinx:zybo-z7-10::0.0
TRACE::2026-04-18.11:19:49::SCWPlatform::Trying to set the existing hwdb with name design_1_wrapper_6
TRACE::2026-04-18.11:19:49::SCWPlatform::Opened existing hwdb design_1_wrapper_6
TRACE::2026-04-18.11:19:49::SCWPlatform::Found the Hw Db part of the input DSA
TRACE::2026-04-18.11:19:49::SCWMssOS::Checking the sw design at  C:/Users/kc10b/Vivado/ECE520L/FinalProject/project_1/project_1_vitis/project_1_plat1/ps7_cortexa9_0/standalone_domain/bsp/system.mss
TRACE::2026-04-18.11:19:49::SCWMssOS::DEBUG:  swdes dump  C:/Users/kc10b/Vivado/ECE520L/FinalProject/project_1/project_1_vitis/project_1_plat/ps7_cortexa9_0/standalone_domain/bsp/system.mss|system_0||
C:/Users/kc10b/Vivado/ECE520L/FinalProject/project_1/project_1_vitis/project_1_plat/zynq_fsbl/zynq_fsbl_bsp/system.mss|system||
C:/Users/kc10b/Vivado/ECE520L/FinalProject/project_1/project_1_vitis/project_1_plat1/ps7_cortexa9_0/standalone_domain/bsp/system.mss|system_1||
C:/Users/kc10b/Vivado/ECE520L/FinalProject/project_1/project_1_vitis/project_1_plat1/zynq_fsbl/zynq_fsbl_bsp/system.mss|system_2||

TRACE::2026-04-18.11:19:49::SCWMssOS::Sw design exists and opened at  C:/Users/kc10b/Vivado/ECE520L/FinalProject/project_1/project_1_vitis/project_1_plat1/ps7_cortexa9_0/standalone_domain/bsp/system.mss
TRACE::2026-04-18.11:19:49::SCWMssOS::Removing the swdes entry for  C:/Users/kc10b/Vivado/ECE520L/FinalProject/project_1/project_1_vitis/project_1_plat1/ps7_cortexa9_0/standalone_domain/bsp/system.mss
TRACE::2026-04-18.11:19:49::SCWMssOS::In reload Mss file.
TRACE::2026-04-18.11:19:49::SCWPlatform::Trying to open the hw design at C:/Users/kc10b/Vivado/ECE520L/FinalProject/project_1/project_1_vitis/project_1_plat1/hw/design_1_wrapper1.xsa
TRACE::2026-04-18.11:19:49::SCWPlatform::DSA given C:/Users/kc10b/Vivado/ECE520L/FinalProject/project_1/project_1_vitis/project_1_plat1/hw/design_1_wrapper1.xsa
TRACE::2026-04-18.11:19:49::SCWPlatform::DSA absoulate path C:/Users/kc10b/Vivado/ECE520L/FinalProject/project_1/project_1_vitis/project_1_plat1/hw/design_1_wrapper1.xsa
TRACE::2026-04-18.11:19:49::SCWPlatform::DSA directory C:/Users/kc10b/Vivado/ECE520L/FinalProject/project_1/project_1_vitis/project_1_plat1/hw
TRACE::2026-04-18.11:19:49::SCWPlatform:: Platform Path C:/Users/kc10b/Vivado/ECE520L/FinalProject/project_1/project_1_vitis/project_1_plat1/hw/design_1_wrapper1.xsa
TRACE::2026-04-18.11:19:49::SCWPlatform:: Unique name xilinx:zybo-z7-10::0.0
TRACE::2026-04-18.11:19:49::SCWPlatform::Trying to set the existing hwdb with name design_1_wrapper_6
TRACE::2026-04-18.11:19:49::SCWPlatform::Opened existing hwdb design_1_wrapper_6
TRACE::2026-04-18.11:19:49::SCWPlatform::Found the Hw Db part of the input DSA
TRACE::2026-04-18.11:19:49::SCWMssOS::Checking the sw design at  C:/Users/kc10b/Vivado/ECE520L/FinalProject/project_1/project_1_vitis/project_1_plat1/ps7_cortexa9_0/standalone_domain/bsp/system.mss
TRACE::2026-04-18.11:19:49::SCWMssOS::DEBUG:  swdes dump  C:/Users/kc10b/Vivado/ECE520L/FinalProject/project_1/project_1_vitis/project_1_plat/ps7_cortexa9_0/standalone_domain/bsp/system.mss|system_0||
C:/Users/kc10b/Vivado/ECE520L/FinalProject/project_1/project_1_vitis/project_1_plat/zynq_fsbl/zynq_fsbl_bsp/system.mss|system||
C:/Users/kc10b/Vivado/ECE520L/FinalProject/project_1/project_1_vitis/project_1_plat1/zynq_fsbl/zynq_fsbl_bsp/system.mss|system_2||

TRACE::2026-04-18.11:19:49::SCWMssOS::No sw design opened at  C:/Users/kc10b/Vivado/ECE520L/FinalProject/project_1/project_1_vitis/project_1_plat1/ps7_cortexa9_0/standalone_domain/bsp/system.mss
TRACE::2026-04-18.11:19:49::SCWMssOS::mss exists loading the mss file  C:/Users/kc10b/Vivado/ECE520L/FinalProject/project_1/project_1_vitis/project_1_plat1/ps7_cortexa9_0/standalone_domain/bsp/system.mss
TRACE::2026-04-18.11:19:49::SCWMssOS::Opened the sw design from mss  C:/Users/kc10b/Vivado/ECE520L/FinalProject/project_1/project_1_vitis/project_1_plat1/ps7_cortexa9_0/standalone_domain/bsp/system.mss
TRACE::2026-04-18.11:19:49::SCWMssOS::Adding the swdes entry C:/Users/kc10b/Vivado/ECE520L/FinalProject/project_1/project_1_vitis/project_1_plat1/ps7_cortexa9_0/standalone_domain/bsp/system.mss with des name system_1
TRACE::2026-04-18.11:19:49::SCWMssOS::updating the scw layer about changes
TRACE::2026-04-18.11:19:49::SCWMssOS::Opened the sw design.  C:/Users/kc10b/Vivado/ECE520L/FinalProject/project_1/project_1_vitis/project_1_plat1/ps7_cortexa9_0/standalone_domain/bsp/system.mss
TRACE::2026-04-18.11:19:49::SCWPlatform::Trying to open the hw design at C:/Users/kc10b/Vivado/ECE520L/FinalProject/project_1/project_1_vitis/project_1_plat1/hw/design_1_wrapper1.xsa
TRACE::2026-04-18.11:19:49::SCWPlatform::DSA given C:/Users/kc10b/Vivado/ECE520L/FinalProject/project_1/project_1_vitis/project_1_plat1/hw/design_1_wrapper1.xsa
TRACE::2026-04-18.11:19:49::SCWPlatform::DSA absoulate path C:/Users/kc10b/Vivado/ECE520L/FinalProject/project_1/project_1_vitis/project_1_plat1/hw/design_1_wrapper1.xsa
TRACE::2026-04-18.11:19:49::SCWPlatform::DSA directory C:/Users/kc10b/Vivado/ECE520L/FinalProject/project_1/project_1_vitis/project_1_plat1/hw
TRACE::2026-04-18.11:19:49::SCWPlatform:: Platform Path C:/Users/kc10b/Vivado/ECE520L/FinalProject/project_1/project_1_vitis/project_1_plat1/hw/design_1_wrapper1.xsa
TRACE::2026-04-18.11:19:49::SCWPlatform:: Unique name xilinx:zybo-z7-10::0.0
TRACE::2026-04-18.11:19:49::SCWPlatform::Trying to set the existing hwdb with name design_1_wrapper_6
TRACE::2026-04-18.11:19:49::SCWPlatform::Opened existing hwdb design_1_wrapper_6
TRACE::2026-04-18.11:19:49::SCWPlatform::Found the Hw Db part of the input DSA
TRACE::2026-04-18.11:19:49::SCWMssOS::Checking the sw design at  C:/Users/kc10b/Vivado/ECE520L/FinalProject/project_1/project_1_vitis/project_1_plat1/ps7_cortexa9_0/standalone_domain/bsp/system.mss
TRACE::2026-04-18.11:19:49::SCWMssOS::DEBUG:  swdes dump  C:/Users/kc10b/Vivado/ECE520L/FinalProject/project_1/project_1_vitis/project_1_plat/ps7_cortexa9_0/standalone_domain/bsp/system.mss|system_0||
C:/Users/kc10b/Vivado/ECE520L/FinalProject/project_1/project_1_vitis/project_1_plat/zynq_fsbl/zynq_fsbl_bsp/system.mss|system||
C:/Users/kc10b/Vivado/ECE520L/FinalProject/project_1/project_1_vitis/project_1_plat1/ps7_cortexa9_0/standalone_domain/bsp/system.mss|system_1||
C:/Users/kc10b/Vivado/ECE520L/FinalProject/project_1/project_1_vitis/project_1_plat1/zynq_fsbl/zynq_fsbl_bsp/system.mss|system_2||

TRACE::2026-04-18.11:19:49::SCWMssOS::Sw design exists and opened at  C:/Users/kc10b/Vivado/ECE520L/FinalProject/project_1/project_1_vitis/project_1_plat1/ps7_cortexa9_0/standalone_domain/bsp/system.mss
TRACE::2026-04-18.11:19:49::SCWMssOS::Saving the mss changes C:/Users/kc10b/Vivado/ECE520L/FinalProject/project_1/project_1_vitis/project_1_plat1/ps7_cortexa9_0/standalone_domain/bsp/system.mss
TRACE::2026-04-18.11:19:49::SCWMssOS::Found a swdesign opened with the mssfile.
TRACE::2026-04-18.11:19:49::SCWMssOS::Completed writemss as part of save.
TRACE::2026-04-18.11:19:49::SCWMssOS::Commit changes completed.
TRACE::2026-04-18.11:19:49::SCWPlatform::Trying to open the hw design at C:/Users/kc10b/Vivado/ECE520L/FinalProject/project_1/project_1_vitis/project_1_plat1/hw/design_1_wrapper1.xsa
TRACE::2026-04-18.11:19:49::SCWPlatform::DSA given C:/Users/kc10b/Vivado/ECE520L/FinalProject/project_1/project_1_vitis/project_1_plat1/hw/design_1_wrapper1.xsa
TRACE::2026-04-18.11:19:49::SCWPlatform::DSA absoulate path C:/Users/kc10b/Vivado/ECE520L/FinalProject/project_1/project_1_vitis/project_1_plat1/hw/design_1_wrapper1.xsa
TRACE::2026-04-18.11:19:49::SCWPlatform::DSA directory C:/Users/kc10b/Vivado/ECE520L/FinalProject/project_1/project_1_vitis/project_1_plat1/hw
TRACE::2026-04-18.11:19:49::SCWPlatform:: Platform Path C:/Users/kc10b/Vivado/ECE520L/FinalProject/project_1/project_1_vitis/project_1_plat1/hw/design_1_wrapper1.xsa
TRACE::2026-04-18.11:19:49::SCWPlatform:: Unique name xilinx:zybo-z7-10::0.0
TRACE::2026-04-18.11:19:49::SCWPlatform::Trying to set the existing hwdb with name design_1_wrapper_6
TRACE::2026-04-18.11:19:49::SCWPlatform::Opened existing hwdb design_1_wrapper_6
TRACE::2026-04-18.11:19:49::SCWPlatform::Found the Hw Db part of the input DSA
TRACE::2026-04-18.11:19:49::SCWMssOS::Checking the sw design at  C:/Users/kc10b/Vivado/ECE520L/FinalProject/project_1/project_1_vitis/project_1_plat1/ps7_cortexa9_0/standalone_domain/bsp/system.mss
TRACE::2026-04-18.11:19:49::SCWMssOS::DEBUG:  swdes dump  C:/Users/kc10b/Vivado/ECE520L/FinalProject/project_1/project_1_vitis/project_1_plat/ps7_cortexa9_0/standalone_domain/bsp/system.mss|system_0||
C:/Users/kc10b/Vivado/ECE520L/FinalProject/project_1/project_1_vitis/project_1_plat/zynq_fsbl/zynq_fsbl_bsp/system.mss|system||
C:/Users/kc10b/Vivado/ECE520L/FinalProject/project_1/project_1_vitis/project_1_plat1/ps7_cortexa9_0/standalone_domain/bsp/system.mss|system_1||
C:/Users/kc10b/Vivado/ECE520L/FinalProject/project_1/project_1_vitis/project_1_plat1/zynq_fsbl/zynq_fsbl_bsp/system.mss|system_2||

TRACE::2026-04-18.11:19:49::SCWMssOS::Sw design exists and opened at  C:/Users/kc10b/Vivado/ECE520L/FinalProject/project_1/project_1_vitis/project_1_plat1/ps7_cortexa9_0/standalone_domain/bsp/system.mss
TRACE::2026-04-18.11:19:49::SCWMssOS::Removing the swdes entry for  C:/Users/kc10b/Vivado/ECE520L/FinalProject/project_1/project_1_vitis/project_1_plat1/ps7_cortexa9_0/standalone_domain/bsp/system.mss
TRACE::2026-04-18.11:19:50::SCWPlatform::Trying to open the hw design at C:/Users/kc10b/Vivado/ECE520L/FinalProject/project_1/project_1_vitis/project_1_plat1/hw/design_1_wrapper1.xsa
TRACE::2026-04-18.11:19:50::SCWPlatform::DSA given C:/Users/kc10b/Vivado/ECE520L/FinalProject/project_1/project_1_vitis/project_1_plat1/hw/design_1_wrapper1.xsa
TRACE::2026-04-18.11:19:50::SCWPlatform::DSA absoulate path C:/Users/kc10b/Vivado/ECE520L/FinalProject/project_1/project_1_vitis/project_1_plat1/hw/design_1_wrapper1.xsa
TRACE::2026-04-18.11:19:50::SCWPlatform::DSA directory C:/Users/kc10b/Vivado/ECE520L/FinalProject/project_1/project_1_vitis/project_1_plat1/hw
TRACE::2026-04-18.11:19:50::SCWPlatform:: Platform Path C:/Users/kc10b/Vivado/ECE520L/FinalProject/project_1/project_1_vitis/project_1_plat1/hw/design_1_wrapper1.xsa
TRACE::2026-04-18.11:19:50::SCWPlatform:: Unique name xilinx:zybo-z7-10::0.0
TRACE::2026-04-18.11:19:50::SCWPlatform::Trying to set the existing hwdb with name design_1_wrapper_6
TRACE::2026-04-18.11:19:50::SCWPlatform::Opened existing hwdb design_1_wrapper_6
TRACE::2026-04-18.11:19:50::SCWPlatform::Found the Hw Db part of the input DSA
TRACE::2026-04-18.11:19:50::SCWMssOS::Checking the sw design at  C:/Users/kc10b/Vivado/ECE520L/FinalProject/project_1/project_1_vitis/project_1_plat1/ps7_cortexa9_0/standalone_domain/bsp/system.mss
TRACE::2026-04-18.11:19:50::SCWMssOS::DEBUG:  swdes dump  C:/Users/kc10b/Vivado/ECE520L/FinalProject/project_1/project_1_vitis/project_1_plat/ps7_cortexa9_0/standalone_domain/bsp/system.mss|system_0||
C:/Users/kc10b/Vivado/ECE520L/FinalProject/project_1/project_1_vitis/project_1_plat/zynq_fsbl/zynq_fsbl_bsp/system.mss|system||
C:/Users/kc10b/Vivado/ECE520L/FinalProject/project_1/project_1_vitis/project_1_plat1/zynq_fsbl/zynq_fsbl_bsp/system.mss|system_2||

TRACE::2026-04-18.11:19:50::SCWMssOS::No sw design opened at  C:/Users/kc10b/Vivado/ECE520L/FinalProject/project_1/project_1_vitis/project_1_plat1/ps7_cortexa9_0/standalone_domain/bsp/system.mss
TRACE::2026-04-18.11:19:50::SCWMssOS::mss exists loading the mss file  C:/Users/kc10b/Vivado/ECE520L/FinalProject/project_1/project_1_vitis/project_1_plat1/ps7_cortexa9_0/standalone_domain/bsp/system.mss
TRACE::2026-04-18.11:19:50::SCWMssOS::Opened the sw design from mss  C:/Users/kc10b/Vivado/ECE520L/FinalProject/project_1/project_1_vitis/project_1_plat1/ps7_cortexa9_0/standalone_domain/bsp/system.mss
TRACE::2026-04-18.11:19:50::SCWMssOS::Adding the swdes entry C:/Users/kc10b/Vivado/ECE520L/FinalProject/project_1/project_1_vitis/project_1_plat1/ps7_cortexa9_0/standalone_domain/bsp/system.mss with des name system_1
TRACE::2026-04-18.11:19:50::SCWMssOS::updating the scw layer about changes
TRACE::2026-04-18.11:19:50::SCWMssOS::Opened the sw design.  C:/Users/kc10b/Vivado/ECE520L/FinalProject/project_1/project_1_vitis/project_1_plat1/ps7_cortexa9_0/standalone_domain/bsp/system.mss
TRACE::2026-04-18.11:19:50::SCWMssOS::Completed writing the mss file at C:/Users/kc10b/Vivado/ECE520L/FinalProject/project_1/project_1_vitis/project_1_plat1/ps7_cortexa9_0/standalone_domain/bsp
TRACE::2026-04-18.11:19:50::SCWMssOS::Forcing BSP Sources regeneration.
KEYINFO::2026-04-18.11:19:51::SCWMssOS::Removing file C:/Users/kc10b/Vivado/ECE520L/FinalProject/project_1/project_1_vitis/project_1_plat1/ps7_cortexa9_0/standalone_domain/bsp\system_1.mss
LOG::2026-04-18.11:21:04::SCWPlatform::Started generating the artifacts platform project_1_plat1
TRACE::2026-04-18.11:21:04::SCWPlatform::Sanity checking of platform is completed
LOG::2026-04-18.11:21:04::SCWPlatform::Started generating the artifacts for system configuration project_1_plat1
LOG::2026-04-18.11:21:04::SCWSystem::Checking the domain zynq_fsbl
LOG::2026-04-18.11:21:04::SCWSystem::Doing application build for :  zynq_fsbl
TRACE::2026-04-18.11:21:04::SCWBDomain::Not a forced makefile updation, No changes are present. 
TRACE::2026-04-18.11:21:04::SCWDomain::Building the domain as part of full build :  zynq_fsbl
TRACE::2026-04-18.11:21:04::SCWPlatform::Trying to open the hw design at C:/Users/kc10b/Vivado/ECE520L/FinalProject/project_1/project_1_vitis/project_1_plat1/hw/design_1_wrapper1.xsa
TRACE::2026-04-18.11:21:04::SCWPlatform::DSA given C:/Users/kc10b/Vivado/ECE520L/FinalProject/project_1/project_1_vitis/project_1_plat1/hw/design_1_wrapper1.xsa
TRACE::2026-04-18.11:21:04::SCWPlatform::DSA absoulate path C:/Users/kc10b/Vivado/ECE520L/FinalProject/project_1/project_1_vitis/project_1_plat1/hw/design_1_wrapper1.xsa
TRACE::2026-04-18.11:21:04::SCWPlatform::DSA directory C:/Users/kc10b/Vivado/ECE520L/FinalProject/project_1/project_1_vitis/project_1_plat1/hw
TRACE::2026-04-18.11:21:04::SCWPlatform:: Platform Path C:/Users/kc10b/Vivado/ECE520L/FinalProject/project_1/project_1_vitis/project_1_plat1/hw/design_1_wrapper1.xsa
TRACE::2026-04-18.11:21:04::SCWPlatform:: Unique name xilinx:zybo-z7-10::0.0
TRACE::2026-04-18.11:21:04::SCWPlatform::Trying to set the existing hwdb with name design_1_wrapper_6
TRACE::2026-04-18.11:21:04::SCWPlatform::Opened existing hwdb design_1_wrapper_6
TRACE::2026-04-18.11:21:04::SCWPlatform::Found the Hw Db part of the input DSA
TRACE::2026-04-18.11:21:04::SCWMssOS::Checking the sw design at  C:/Users/kc10b/Vivado/ECE520L/FinalProject/project_1/project_1_vitis/project_1_plat1/zynq_fsbl/zynq_fsbl_bsp/system.mss
TRACE::2026-04-18.11:21:04::SCWMssOS::DEBUG:  swdes dump  C:/Users/kc10b/Vivado/ECE520L/FinalProject/project_1/project_1_vitis/project_1_plat/ps7_cortexa9_0/standalone_domain/bsp/system.mss|system_0||
C:/Users/kc10b/Vivado/ECE520L/FinalProject/project_1/project_1_vitis/project_1_plat/zynq_fsbl/zynq_fsbl_bsp/system.mss|system||
C:/Users/kc10b/Vivado/ECE520L/FinalProject/project_1/project_1_vitis/project_1_plat1/zynq_fsbl/zynq_fsbl_bsp/system.mss|system_2||

TRACE::2026-04-18.11:21:04::SCWMssOS::Sw design exists and opened at  C:/Users/kc10b/Vivado/ECE520L/FinalProject/project_1/project_1_vitis/project_1_plat1/zynq_fsbl/zynq_fsbl_bsp/system.mss
TRACE::2026-04-18.11:21:04::SCWBDomain::Completed writing the mss file at C:/Users/kc10b/Vivado/ECE520L/FinalProject/project_1/project_1_vitis/project_1_plat1/zynq_fsbl/zynq_fsbl_bsp
TRACE::2026-04-18.11:21:04::SCWBDomain::bsp generated is upto date with the mss file. Skipping bsp generation.
TRACE::2026-04-18.11:21:04::SCWBDomain::Not a forced makefile updation, No changes are present. 
TRACE::2026-04-18.11:21:04::SCWBDomain::System Command Ran  C:&  cd  C:/Users/kc10b/Vivado/ECE520L/FinalProject/project_1/project_1_vitis/project_1_plat1/zynq_fsbl& make -C  zynq_fsbl_bsp & make 
TRACE::2026-04-18.11:21:04::SCWBDomain::make: Entering directory 'C:/Users/kc10b/Vivado/ECE520L/FinalProject/project_1/project_1_vitis/project_1_plat1/zynq_fsbl/zynq_f
TRACE::2026-04-18.11:21:04::SCWBDomain::sbl_bsp'

TRACE::2026-04-18.11:21:04::SCWBDomain::make --no-print-directory seq_libs

TRACE::2026-04-18.11:21:04::SCWBDomain::"Running Make include in ps7_cortexa9_0/libsrc/coresightps_dcc_v1_8/src"

TRACE::2026-04-18.11:21:04::SCWBDomain::make -C ps7_cortexa9_0/libsrc/coresightps_dcc_v1_8/src -s include  "SHELL=CMD" "COMPILER=arm-none-eabi-gcc" "ASSEMBLER=arm-none
TRACE::2026-04-18.11:21:04::SCWBDomain::-eabi-as" "ARCHIVER=arm-none-eabi-ar" "COMPILER_FLAGS=  -O2 -c" "EXTRA_COMPILER_FLAGS=-mcpu=cortex-a9 -mfpu=vfpv3 -mfloat-abi=h
TRACE::2026-04-18.11:21:04::SCWBDomain::ard -nostartfiles -g -Wall -Wextra -fno-tree-loop-distribute-patterns"

TRACE::2026-04-18.11:21:04::SCWBDomain::"Running Make include in ps7_cortexa9_0/libsrc/cpu_cortexa9_v2_11/src"

TRACE::2026-04-18.11:21:04::SCWBDomain::make -C ps7_cortexa9_0/libsrc/cpu_cortexa9_v2_11/src -s include  "SHELL=CMD" "COMPILER=arm-none-eabi-gcc" "ASSEMBLER=arm-none-e
TRACE::2026-04-18.11:21:04::SCWBDomain::abi-as" "ARCHIVER=arm-none-eabi-ar" "COMPILER_FLAGS=  -O2 -c" "EXTRA_COMPILER_FLAGS=-mcpu=cortex-a9 -mfpu=vfpv3 -mfloat-abi=har
TRACE::2026-04-18.11:21:04::SCWBDomain::d -nostartfiles -g -Wall -Wextra -fno-tree-loop-distribute-patterns"

TRACE::2026-04-18.11:21:04::SCWBDomain::"Running Make include in ps7_cortexa9_0/libsrc/ddrps_v1_2/src"

TRACE::2026-04-18.11:21:04::SCWBDomain::make -C ps7_cortexa9_0/libsrc/ddrps_v1_2/src -s include  "SHELL=CMD" "COMPILER=arm-none-eabi-gcc" "ASSEMBLER=arm-none-eabi-as" 
TRACE::2026-04-18.11:21:04::SCWBDomain::"ARCHIVER=arm-none-eabi-ar" "COMPILER_FLAGS=  -O2 -c" "EXTRA_COMPILER_FLAGS=-mcpu=cortex-a9 -mfpu=vfpv3 -mfloat-abi=hard -nosta
TRACE::2026-04-18.11:21:04::SCWBDomain::rtfiles -g -Wall -Wextra -fno-tree-loop-distribute-patterns"

TRACE::2026-04-18.11:21:05::SCWBDomain::"Running Make include in ps7_cortexa9_0/libsrc/devcfg_v3_7/src"

TRACE::2026-04-18.11:21:05::SCWBDomain::make -C ps7_cortexa9_0/libsrc/devcfg_v3_7/src -s include  "SHELL=CMD" "COMPILER=arm-none-eabi-gcc" "ASSEMBLER=arm-none-eabi-as"
TRACE::2026-04-18.11:21:05::SCWBDomain:: "ARCHIVER=arm-none-eabi-ar" "COMPILER_FLAGS=  -O2 -c" "EXTRA_COMPILER_FLAGS=-mcpu=cortex-a9 -mfpu=vfpv3 -mfloat-abi=hard -nost
TRACE::2026-04-18.11:21:05::SCWBDomain::artfiles -g -Wall -Wextra -fno-tree-loop-distribute-patterns"

TRACE::2026-04-18.11:21:05::SCWBDomain::"Running Make include in ps7_cortexa9_0/libsrc/dmaps_v2_8/src"

TRACE::2026-04-18.11:21:05::SCWBDomain::make -C ps7_cortexa9_0/libsrc/dmaps_v2_8/src -s include  "SHELL=CMD" "COMPILER=arm-none-eabi-gcc" "ASSEMBLER=arm-none-eabi-as" 
TRACE::2026-04-18.11:21:05::SCWBDomain::"ARCHIVER=arm-none-eabi-ar" "COMPILER_FLAGS=  -O2 -c" "EXTRA_COMPILER_FLAGS=-mcpu=cortex-a9 -mfpu=vfpv3 -mfloat-abi=hard -nosta
TRACE::2026-04-18.11:21:05::SCWBDomain::rtfiles -g -Wall -Wextra -fno-tree-loop-distribute-patterns"

TRACE::2026-04-18.11:21:05::SCWBDomain::"Running Make include in ps7_cortexa9_0/libsrc/emacps_v3_18/src"

TRACE::2026-04-18.11:21:05::SCWBDomain::make -C ps7_cortexa9_0/libsrc/emacps_v3_18/src -s include  "SHELL=CMD" "COMPILER=arm-none-eabi-gcc" "ASSEMBLER=arm-none-eabi-as
TRACE::2026-04-18.11:21:05::SCWBDomain::" "ARCHIVER=arm-none-eabi-ar" "COMPILER_FLAGS=  -O2 -c" "EXTRA_COMPILER_FLAGS=-mcpu=cortex-a9 -mfpu=vfpv3 -mfloat-abi=hard -nos
TRACE::2026-04-18.11:21:05::SCWBDomain::tartfiles -g -Wall -Wextra -fno-tree-loop-distribute-patterns"

TRACE::2026-04-18.11:21:05::SCWBDomain::"Running Make include in ps7_cortexa9_0/libsrc/gpiops_v3_11/src"

TRACE::2026-04-18.11:21:05::SCWBDomain::make -C ps7_cortexa9_0/libsrc/gpiops_v3_11/src -s include  "SHELL=CMD" "COMPILER=arm-none-eabi-gcc" "ASSEMBLER=arm-none-eabi-as
TRACE::2026-04-18.11:21:05::SCWBDomain::" "ARCHIVER=arm-none-eabi-ar" "COMPILER_FLAGS=  -O2 -c" "EXTRA_COMPILER_FLAGS=-mcpu=cortex-a9 -mfpu=vfpv3 -mfloat-abi=hard -nos
TRACE::2026-04-18.11:21:05::SCWBDomain::tartfiles -g -Wall -Wextra -fno-tree-loop-distribute-patterns"

TRACE::2026-04-18.11:21:05::SCWBDomain::"Running Make include in ps7_cortexa9_0/libsrc/iicps_v3_17/src"

TRACE::2026-04-18.11:21:05::SCWBDomain::make -C ps7_cortexa9_0/libsrc/iicps_v3_17/src -s include  "SHELL=CMD" "COMPILER=arm-none-eabi-gcc" "ASSEMBLER=arm-none-eabi-as"
TRACE::2026-04-18.11:21:05::SCWBDomain:: "ARCHIVER=arm-none-eabi-ar" "COMPILER_FLAGS=  -O2 -c" "EXTRA_COMPILER_FLAGS=-mcpu=cortex-a9 -mfpu=vfpv3 -mfloat-abi=hard -nost
TRACE::2026-04-18.11:21:05::SCWBDomain::artfiles -g -Wall -Wextra -fno-tree-loop-distribute-patterns"

TRACE::2026-04-18.11:21:06::SCWBDomain::"Running Make include in ps7_cortexa9_0/libsrc/qspips_v3_10/src"

TRACE::2026-04-18.11:21:06::SCWBDomain::make -C ps7_cortexa9_0/libsrc/qspips_v3_10/src -s include  "SHELL=CMD" "COMPILER=arm-none-eabi-gcc" "ASSEMBLER=arm-none-eabi-as
TRACE::2026-04-18.11:21:06::SCWBDomain::" "ARCHIVER=arm-none-eabi-ar" "COMPILER_FLAGS=  -O2 -c" "EXTRA_COMPILER_FLAGS=-mcpu=cortex-a9 -mfpu=vfpv3 -mfloat-abi=hard -nos
TRACE::2026-04-18.11:21:06::SCWBDomain::tartfiles -g -Wall -Wextra -fno-tree-loop-distribute-patterns"

TRACE::2026-04-18.11:21:06::SCWBDomain::"Running Make include in ps7_cortexa9_0/libsrc/scugic_v5_1/src"

TRACE::2026-04-18.11:21:06::SCWBDomain::make -C ps7_cortexa9_0/libsrc/scugic_v5_1/src -s include  "SHELL=CMD" "COMPILER=arm-none-eabi-gcc" "ASSEMBLER=arm-none-eabi-as"
TRACE::2026-04-18.11:21:06::SCWBDomain:: "ARCHIVER=arm-none-eabi-ar" "COMPILER_FLAGS=  -O2 -c" "EXTRA_COMPILER_FLAGS=-mcpu=cortex-a9 -mfpu=vfpv3 -mfloat-abi=hard -nost
TRACE::2026-04-18.11:21:06::SCWBDomain::artfiles -g -Wall -Wextra -fno-tree-loop-distribute-patterns"

TRACE::2026-04-18.11:21:06::SCWBDomain::"Running Make include in ps7_cortexa9_0/libsrc/scutimer_v2_4/src"

TRACE::2026-04-18.11:21:06::SCWBDomain::make -C ps7_cortexa9_0/libsrc/scutimer_v2_4/src -s include  "SHELL=CMD" "COMPILER=arm-none-eabi-gcc" "ASSEMBLER=arm-none-eabi-a
TRACE::2026-04-18.11:21:06::SCWBDomain::s" "ARCHIVER=arm-none-eabi-ar" "COMPILER_FLAGS=  -O2 -c" "EXTRA_COMPILER_FLAGS=-mcpu=cortex-a9 -mfpu=vfpv3 -mfloat-abi=hard -no
TRACE::2026-04-18.11:21:06::SCWBDomain::startfiles -g -Wall -Wextra -fno-tree-loop-distribute-patterns"

TRACE::2026-04-18.11:21:06::SCWBDomain::"Running Make include in ps7_cortexa9_0/libsrc/scuwdt_v2_4/src"

TRACE::2026-04-18.11:21:06::SCWBDomain::make -C ps7_cortexa9_0/libsrc/scuwdt_v2_4/src -s include  "SHELL=CMD" "COMPILER=arm-none-eabi-gcc" "ASSEMBLER=arm-none-eabi-as"
TRACE::2026-04-18.11:21:06::SCWBDomain:: "ARCHIVER=arm-none-eabi-ar" "COMPILER_FLAGS=  -O2 -c" "EXTRA_COMPILER_FLAGS=-mcpu=cortex-a9 -mfpu=vfpv3 -mfloat-abi=hard -nost
TRACE::2026-04-18.11:21:06::SCWBDomain::artfiles -g -Wall -Wextra -fno-tree-loop-distribute-patterns"

TRACE::2026-04-18.11:21:06::SCWBDomain::"Running Make include in ps7_cortexa9_0/libsrc/sdps_v4_1/src"

TRACE::2026-04-18.11:21:06::SCWBDomain::make -C ps7_cortexa9_0/libsrc/sdps_v4_1/src -s include  "SHELL=CMD" "COMPILER=arm-none-eabi-gcc" "ASSEMBLER=arm-none-eabi-as" "
TRACE::2026-04-18.11:21:06::SCWBDomain::ARCHIVER=arm-none-eabi-ar" "COMPILER_FLAGS=  -O2 -c" "EXTRA_COMPILER_FLAGS=-mcpu=cortex-a9 -mfpu=vfpv3 -mfloat-abi=hard -nostar
TRACE::2026-04-18.11:21:06::SCWBDomain::tfiles -g -Wall -Wextra -fno-tree-loop-distribute-patterns"

TRACE::2026-04-18.11:21:07::SCWBDomain::"Running Make include in ps7_cortexa9_0/libsrc/standalone_v8_1/src"

TRACE::2026-04-18.11:21:07::SCWBDomain::make -C ps7_cortexa9_0/libsrc/standalone_v8_1/src -s include  "SHELL=CMD" "COMPILER=arm-none-eabi-gcc" "ASSEMBLER=arm-none-eabi
TRACE::2026-04-18.11:21:07::SCWBDomain::-as" "ARCHIVER=arm-none-eabi-ar" "COMPILER_FLAGS=  -O2 -c" "EXTRA_COMPILER_FLAGS=-mcpu=cortex-a9 -mfpu=vfpv3 -mfloat-abi=hard -
TRACE::2026-04-18.11:21:07::SCWBDomain::nostartfiles -g -Wall -Wextra -fno-tree-loop-distribute-patterns"

TRACE::2026-04-18.11:21:09::SCWBDomain::"Running Make include in ps7_cortexa9_0/libsrc/uartps_v3_12/src"

TRACE::2026-04-18.11:21:09::SCWBDomain::make -C ps7_cortexa9_0/libsrc/uartps_v3_12/src -s include  "SHELL=CMD" "COMPILER=arm-none-eabi-gcc" "ASSEMBLER=arm-none-eabi-as
TRACE::2026-04-18.11:21:09::SCWBDomain::" "ARCHIVER=arm-none-eabi-ar" "COMPILER_FLAGS=  -O2 -c" "EXTRA_COMPILER_FLAGS=-mcpu=cortex-a9 -mfpu=vfpv3 -mfloat-abi=hard -nos
TRACE::2026-04-18.11:21:09::SCWBDomain::tartfiles -g -Wall -Wextra -fno-tree-loop-distribute-patterns"

TRACE::2026-04-18.11:21:09::SCWBDomain::"Running Make include in ps7_cortexa9_0/libsrc/usbps_v2_7/src"

TRACE::2026-04-18.11:21:09::SCWBDomain::make -C ps7_cortexa9_0/libsrc/usbps_v2_7/src -s include  "SHELL=CMD" "COMPILER=arm-none-eabi-gcc" "ASSEMBLER=arm-none-eabi-as" 
TRACE::2026-04-18.11:21:09::SCWBDomain::"ARCHIVER=arm-none-eabi-ar" "COMPILER_FLAGS=  -O2 -c" "EXTRA_COMPILER_FLAGS=-mcpu=cortex-a9 -mfpu=vfpv3 -mfloat-abi=hard -nosta
TRACE::2026-04-18.11:21:09::SCWBDomain::rtfiles -g -Wall -Wextra -fno-tree-loop-distribute-patterns"

TRACE::2026-04-18.11:21:09::SCWBDomain::"Running Make include in ps7_cortexa9_0/libsrc/xadcps_v2_6/src"

TRACE::2026-04-18.11:21:09::SCWBDomain::make -C ps7_cortexa9_0/libsrc/xadcps_v2_6/src -s include  "SHELL=CMD" "COMPILER=arm-none-eabi-gcc" "ASSEMBLER=arm-none-eabi-as"
TRACE::2026-04-18.11:21:09::SCWBDomain:: "ARCHIVER=arm-none-eabi-ar" "COMPILER_FLAGS=  -O2 -c" "EXTRA_COMPILER_FLAGS=-mcpu=cortex-a9 -mfpu=vfpv3 -mfloat-abi=hard -nost
TRACE::2026-04-18.11:21:09::SCWBDomain::artfiles -g -Wall -Wextra -fno-tree-loop-distribute-patterns"

TRACE::2026-04-18.11:21:09::SCWBDomain::"Running Make include in ps7_cortexa9_0/libsrc/xilffs_v5_0/src"

TRACE::2026-04-18.11:21:09::SCWBDomain::make -C ps7_cortexa9_0/libsrc/xilffs_v5_0/src -s include  "SHELL=CMD" "COMPILER=arm-none-eabi-gcc" "ASSEMBLER=arm-none-eabi-as"
TRACE::2026-04-18.11:21:09::SCWBDomain:: "ARCHIVER=arm-none-eabi-ar" "COMPILER_FLAGS=  -O2 -c" "EXTRA_COMPILER_FLAGS=-mcpu=cortex-a9 -mfpu=vfpv3 -mfloat-abi=hard -nost
TRACE::2026-04-18.11:21:09::SCWBDomain::artfiles -g -Wall -Wextra -fno-tree-loop-distribute-patterns"

TRACE::2026-04-18.11:21:09::SCWBDomain::"Running Make include in ps7_cortexa9_0/libsrc/xilrsa_v1_6/src"

TRACE::2026-04-18.11:21:09::SCWBDomain::make -C ps7_cortexa9_0/libsrc/xilrsa_v1_6/src -s include  "SHELL=CMD" "COMPILER=arm-none-eabi-gcc" "ASSEMBLER=arm-none-eabi-as"
TRACE::2026-04-18.11:21:09::SCWBDomain:: "ARCHIVER=arm-none-eabi-ar" "COMPILER_FLAGS=  -O2 -c" "EXTRA_COMPILER_FLAGS=-mcpu=cortex-a9 -mfpu=vfpv3 -mfloat-abi=hard -nost
TRACE::2026-04-18.11:21:09::SCWBDomain::artfiles -g -Wall -Wextra -fno-tree-loop-distribute-patterns"

TRACE::2026-04-18.11:21:10::SCWBDomain::"Running Make libs in ps7_cortexa9_0/libsrc/xilrsa_v1_6/src"

TRACE::2026-04-18.11:21:10::SCWBDomain::make -C ps7_cortexa9_0/libsrc/xilrsa_v1_6/src -s libs  "SHELL=CMD" "COMPILER=arm-none-eabi-gcc" "ASSEMBLER=arm-none-eabi-as" "A
TRACE::2026-04-18.11:21:10::SCWBDomain::RCHIVER=arm-none-eabi-ar" "COMPILER_FLAGS=  -O2 -c" "EXTRA_COMPILER_FLAGS=-mcpu=cortex-a9 -mfpu=vfpv3 -mfloat-abi=hard -nostart
TRACE::2026-04-18.11:21:10::SCWBDomain::files -g -Wall -Wextra -fno-tree-loop-distribute-patterns"

TRACE::2026-04-18.11:21:10::SCWBDomain::'Finished building libraries sequentially.'

TRACE::2026-04-18.11:21:10::SCWBDomain::make -j 14 --no-print-directory par_libs

TRACE::2026-04-18.11:21:10::SCWBDomain::"Running Make include in ps7_cortexa9_0/libsrc/coresightps_dcc_v1_8/src"

TRACE::2026-04-18.11:21:10::SCWBDomain::make -C ps7_cortexa9_0/libsrc/coresightps_dcc_v1_8/src -s include  "SHELL=CMD" "COMPILER=arm-none-eabi-gcc" "ASSEMBLER=arm-none
TRACE::2026-04-18.11:21:10::SCWBDomain::-eabi-as" "ARCHIVER=arm-none-eabi-ar" "COMPILER_FLAGS=  -O2 -c" "EXTRA_COMPILER_FLAGS=-mcpu=cortex-a9 -mfpu=vfpv3 -mfloat-abi=h
TRACE::2026-04-18.11:21:10::SCWBDomain::ard -nostartfiles -g -Wall -Wextra -fno-tree-loop-distribute-patterns"

TRACE::2026-04-18.11:21:10::SCWBDomain::"Running Make include in ps7_cortexa9_0/libsrc/cpu_cortexa9_v2_11/src"

TRACE::2026-04-18.11:21:10::SCWBDomain::make -C ps7_cortexa9_0/libsrc/cpu_cortexa9_v2_11/src -s include  "SHELL=CMD" "COMPILER=arm-none-eabi-gcc" "ASSEMBLER=arm-none-e
TRACE::2026-04-18.11:21:10::SCWBDomain::abi-as" "ARCHIVER=arm-none-eabi-ar" "COMPILER_FLAGS=  -O2 -c" "EXTRA_COMPILER_FLAGS=-mcpu=cortex-a9 -mfpu=vfpv3 -mfloat-abi=har
TRACE::2026-04-18.11:21:10::SCWBDomain::d -nostartfiles -g -Wall -Wextra -fno-tree-loop-distribute-patterns"

TRACE::2026-04-18.11:21:10::SCWBDomain::"Running Make include in ps7_cortexa9_0/libsrc/ddrps_v1_2/src"

TRACE::2026-04-18.11:21:10::SCWBDomain::make -C ps7_cortexa9_0/libsrc/ddrps_v1_2/src -s include  "SHELL=CMD" "COMPILER=arm-none-eabi-gcc" "ASSEMBLER=arm-none-eabi-as" 
TRACE::2026-04-18.11:21:10::SCWBDomain::"ARCHIVER=arm-none-eabi-ar" "COMPILER_FLAGS=  -O2 -c" "EXTRA_COMPILER_FLAGS=-mcpu=cortex-a9 -mfpu=vfpv3 -mfloat-abi=hard -nosta
TRACE::2026-04-18.11:21:10::SCWBDomain::rtfiles -g -Wall -Wextra -fno-tree-loop-distribute-patterns"

TRACE::2026-04-18.11:21:10::SCWBDomain::"Running Make include in ps7_cortexa9_0/libsrc/devcfg_v3_7/src"

TRACE::2026-04-18.11:21:10::SCWBDomain::make -C ps7_cortexa9_0/libsrc/devcfg_v3_7/src -s include  "SHELL=CMD" "COMPILER=arm-none-eabi-gcc" "ASSEMBLER=arm-none-eabi-as"
TRACE::2026-04-18.11:21:10::SCWBDomain:: "ARCHIVER=arm-none-eabi-ar" "COMPILER_FLAGS=  -O2 -c" "EXTRA_COMPILER_FLAGS=-mcpu=cortex-a9 -mfpu=vfpv3 -mfloat-abi=hard -nost
TRACE::2026-04-18.11:21:10::SCWBDomain::artfiles -g -Wall -Wextra -fno-tree-loop-distribute-patterns"

TRACE::2026-04-18.11:21:10::SCWBDomain::"Running Make include in ps7_cortexa9_0/libsrc/dmaps_v2_8/src"

TRACE::2026-04-18.11:21:11::SCWBDomain::make -C ps7_cortexa9_0/libsrc/dmaps_v2_8/src -s include  "SHELL=CMD" "COMPILER=arm-none-eabi-gcc" "ASSEMBLER=arm-none-eabi-as" 
TRACE::2026-04-18.11:21:11::SCWBDomain::"ARCHIVER=arm-none-eabi-ar" "COMPILER_FLAGS=  -O2 -c" "EXTRA_COMPILER_FLAGS=-mcpu=cortex-a9 -mfpu=vfpv3 -mfloat-abi=hard -nosta
TRACE::2026-04-18.11:21:11::SCWBDomain::rtfiles -g -Wall -Wextra -fno-tree-loop-distribute-patterns"

TRACE::2026-04-18.11:21:11::SCWBDomain::"Running Make include in ps7_cortexa9_0/libsrc/emacps_v3_18/src"

TRACE::2026-04-18.11:21:11::SCWBDomain::make -C ps7_cortexa9_0/libsrc/emacps_v3_18/src -s include  "SHELL=CMD" "COMPILER=arm-none-eabi-gcc" "ASSEMBLER=arm-none-eabi-as
TRACE::2026-04-18.11:21:11::SCWBDomain::" "ARCHIVER=arm-none-eabi-ar" "COMPILER_FLAGS=  -O2 -c" "EXTRA_COMPILER_FLAGS=-mcpu=cortex-a9 -mfpu=vfpv3 -mfloat-abi=hard -nos
TRACE::2026-04-18.11:21:11::SCWBDomain::tartfiles -g -Wall -Wextra -fno-tree-loop-distribute-patterns"

TRACE::2026-04-18.11:21:11::SCWBDomain::"Running Make include in ps7_cortexa9_0/libsrc/gpiops_v3_11/src"

TRACE::2026-04-18.11:21:11::SCWBDomain::make -C ps7_cortexa9_0/libsrc/gpiops_v3_11/src -s include  "SHELL=CMD" "COMPILER=arm-none-eabi-gcc" "ASSEMBLER=arm-none-eabi-as
TRACE::2026-04-18.11:21:11::SCWBDomain::" "ARCHIVER=arm-none-eabi-ar" "COMPILER_FLAGS=  -O2 -c" "EXTRA_COMPILER_FLAGS=-mcpu=cortex-a9 -mfpu=vfpv3 -mfloat-abi=hard -nos
TRACE::2026-04-18.11:21:11::SCWBDomain::tartfiles -g -Wall -Wextra -fno-tree-loop-distribute-patterns"

TRACE::2026-04-18.11:21:11::SCWBDomain::"Running Make include in ps7_cortexa9_0/libsrc/iicps_v3_17/src"

TRACE::2026-04-18.11:21:11::SCWBDomain::make -C ps7_cortexa9_0/libsrc/iicps_v3_17/src -s include  "SHELL=CMD" "COMPILER=arm-none-eabi-gcc" "ASSEMBLER=arm-none-eabi-as"
TRACE::2026-04-18.11:21:11::SCWBDomain:: "ARCHIVER=arm-none-eabi-ar" "COMPILER_FLAGS=  -O2 -c" "EXTRA_COMPILER_FLAGS=-mcpu=cortex-a9 -mfpu=vfpv3 -mfloat-abi=hard -nost
TRACE::2026-04-18.11:21:11::SCWBDomain::artfiles -g -Wall -Wextra -fno-tree-loop-distribute-patterns"

TRACE::2026-04-18.11:21:11::SCWBDomain::"Running Make include in ps7_cortexa9_0/libsrc/qspips_v3_10/src"

TRACE::2026-04-18.11:21:11::SCWBDomain::make -C ps7_cortexa9_0/libsrc/qspips_v3_10/src -s include  "SHELL=CMD" "COMPILER=arm-none-eabi-gcc" "ASSEMBLER=arm-none-eabi-as
TRACE::2026-04-18.11:21:11::SCWBDomain::" "ARCHIVER=arm-none-eabi-ar" "COMPILER_FLAGS=  -O2 -c" "EXTRA_COMPILER_FLAGS=-mcpu=cortex-a9 -mfpu=vfpv3 -mfloat-abi=hard -nos
TRACE::2026-04-18.11:21:11::SCWBDomain::tartfiles -g -Wall -Wextra -fno-tree-loop-distribute-patterns"

TRACE::2026-04-18.11:21:11::SCWBDomain::"Running Make include in ps7_cortexa9_0/libsrc/scugic_v5_1/src"

TRACE::2026-04-18.11:21:11::SCWBDomain::make -C ps7_cortexa9_0/libsrc/scugic_v5_1/src -s include  "SHELL=CMD" "COMPILER=arm-none-eabi-gcc" "ASSEMBLER=arm-none-eabi-as"
TRACE::2026-04-18.11:21:11::SCWBDomain:: "ARCHIVER=arm-none-eabi-ar" "COMPILER_FLAGS=  -O2 -c" "EXTRA_COMPILER_FLAGS=-mcpu=cortex-a9 -mfpu=vfpv3 -mfloat-abi=hard -nost
TRACE::2026-04-18.11:21:11::SCWBDomain::artfiles -g -Wall -Wextra -fno-tree-loop-distribute-patterns"

TRACE::2026-04-18.11:21:11::SCWBDomain::"Running Make include in ps7_cortexa9_0/libsrc/scutimer_v2_4/src"

TRACE::2026-04-18.11:21:11::SCWBDomain::make -C ps7_cortexa9_0/libsrc/scutimer_v2_4/src -s include  "SHELL=CMD" "COMPILER=arm-none-eabi-gcc" "ASSEMBLER=arm-none-eabi-a
TRACE::2026-04-18.11:21:11::SCWBDomain::s" "ARCHIVER=arm-none-eabi-ar" "COMPILER_FLAGS=  -O2 -c" "EXTRA_COMPILER_FLAGS=-mcpu=cortex-a9 -mfpu=vfpv3 -mfloat-abi=hard -no
TRACE::2026-04-18.11:21:11::SCWBDomain::startfiles -g -Wall -Wextra -fno-tree-loop-distribute-patterns"

TRACE::2026-04-18.11:21:11::SCWBDomain::"Running Make include in ps7_cortexa9_0/libsrc/scuwdt_v2_4/src"

TRACE::2026-04-18.11:21:11::SCWBDomain::make -C ps7_cortexa9_0/libsrc/scuwdt_v2_4/src -s include  "SHELL=CMD" "COMPILER=arm-none-eabi-gcc" "ASSEMBLER=arm-none-eabi-as"
TRACE::2026-04-18.11:21:11::SCWBDomain:: "ARCHIVER=arm-none-eabi-ar" "COMPILER_FLAGS=  -O2 -c" "EXTRA_COMPILER_FLAGS=-mcpu=cortex-a9 -mfpu=vfpv3 -mfloat-abi=hard -nost
TRACE::2026-04-18.11:21:11::SCWBDomain::artfiles -g -Wall -Wextra -fno-tree-loop-distribute-patterns"

TRACE::2026-04-18.11:21:11::SCWBDomain::"Running Make include in ps7_cortexa9_0/libsrc/sdps_v4_1/src"

TRACE::2026-04-18.11:21:11::SCWBDomain::make -C ps7_cortexa9_0/libsrc/sdps_v4_1/src -s include  "SHELL=CMD" "COMPILER=arm-none-eabi-gcc" "ASSEMBLER=arm-none-eabi-as" "
TRACE::2026-04-18.11:21:11::SCWBDomain::ARCHIVER=arm-none-eabi-ar" "COMPILER_FLAGS=  -O2 -c" "EXTRA_COMPILER_FLAGS=-mcpu=cortex-a9 -mfpu=vfpv3 -mfloat-abi=hard -nostar
TRACE::2026-04-18.11:21:11::SCWBDomain::tfiles -g -Wall -Wextra -fno-tree-loop-distribute-patterns"

TRACE::2026-04-18.11:21:11::SCWBDomain::"Running Make include in ps7_cortexa9_0/libsrc/standalone_v8_1/src"

TRACE::2026-04-18.11:21:11::SCWBDomain::make -C ps7_cortexa9_0/libsrc/standalone_v8_1/src -s include  "SHELL=CMD" "COMPILER=arm-none-eabi-gcc" "ASSEMBLER=arm-none-eabi
TRACE::2026-04-18.11:21:11::SCWBDomain::-as" "ARCHIVER=arm-none-eabi-ar" "COMPILER_FLAGS=  -O2 -c" "EXTRA_COMPILER_FLAGS=-mcpu=cortex-a9 -mfpu=vfpv3 -mfloat-abi=hard -
TRACE::2026-04-18.11:21:11::SCWBDomain::nostartfiles -g -Wall -Wextra -fno-tree-loop-distribute-patterns"

TRACE::2026-04-18.11:21:11::SCWBDomain::"Running Make include in ps7_cortexa9_0/libsrc/uartps_v3_12/src"

TRACE::2026-04-18.11:21:11::SCWBDomain::make -C ps7_cortexa9_0/libsrc/uartps_v3_12/src -s include  "SHELL=CMD" "COMPILER=arm-none-eabi-gcc" "ASSEMBLER=arm-none-eabi-as
TRACE::2026-04-18.11:21:11::SCWBDomain::" "ARCHIVER=arm-none-eabi-ar" "COMPILER_FLAGS=  -O2 -c" "EXTRA_COMPILER_FLAGS=-mcpu=cortex-a9 -mfpu=vfpv3 -mfloat-abi=hard -nos
TRACE::2026-04-18.11:21:11::SCWBDomain::tartfiles -g -Wall -Wextra -fno-tree-loop-distribute-patterns"

TRACE::2026-04-18.11:21:11::SCWBDomain::"Running Make include in ps7_cortexa9_0/libsrc/usbps_v2_7/src"

TRACE::2026-04-18.11:21:11::SCWBDomain::make -C ps7_cortexa9_0/libsrc/usbps_v2_7/src -s include  "SHELL=CMD" "COMPILER=arm-none-eabi-gcc" "ASSEMBLER=arm-none-eabi-as" 
TRACE::2026-04-18.11:21:11::SCWBDomain::"ARCHIVER=arm-none-eabi-ar" "COMPILER_FLAGS=  -O2 -c" "EXTRA_COMPILER_FLAGS=-mcpu=cortex-a9 -mfpu=vfpv3 -mfloat-abi=hard -nosta
TRACE::2026-04-18.11:21:11::SCWBDomain::rtfiles -g -Wall -Wextra -fno-tree-loop-distribute-patterns"

TRACE::2026-04-18.11:21:11::SCWBDomain::"Running Make include in ps7_cortexa9_0/libsrc/xadcps_v2_6/src"

TRACE::2026-04-18.11:21:11::SCWBDomain::make -C ps7_cortexa9_0/libsrc/xadcps_v2_6/src -s include  "SHELL=CMD" "COMPILER=arm-none-eabi-gcc" "ASSEMBLER=arm-none-eabi-as"
TRACE::2026-04-18.11:21:11::SCWBDomain:: "ARCHIVER=arm-none-eabi-ar" "COMPILER_FLAGS=  -O2 -c" "EXTRA_COMPILER_FLAGS=-mcpu=cortex-a9 -mfpu=vfpv3 -mfloat-abi=hard -nost
TRACE::2026-04-18.11:21:11::SCWBDomain::artfiles -g -Wall -Wextra -fno-tree-loop-distribute-patterns"

TRACE::2026-04-18.11:21:11::SCWBDomain::"Running Make include in ps7_cortexa9_0/libsrc/xilffs_v5_0/src"

TRACE::2026-04-18.11:21:11::SCWBDomain::make -C ps7_cortexa9_0/libsrc/xilffs_v5_0/src -s include  "SHELL=CMD" "COMPILER=arm-none-eabi-gcc" "ASSEMBLER=arm-none-eabi-as"
TRACE::2026-04-18.11:21:11::SCWBDomain:: "ARCHIVER=arm-none-eabi-ar" "COMPILER_FLAGS=  -O2 -c" "EXTRA_COMPILER_FLAGS=-mcpu=cortex-a9 -mfpu=vfpv3 -mfloat-abi=hard -nost
TRACE::2026-04-18.11:21:11::SCWBDomain::artfiles -g -Wall -Wextra -fno-tree-loop-distribute-patterns"

TRACE::2026-04-18.11:21:12::SCWBDomain::"Running Make include in ps7_cortexa9_0/libsrc/xilrsa_v1_6/src"

TRACE::2026-04-18.11:21:12::SCWBDomain::make -C ps7_cortexa9_0/libsrc/xilrsa_v1_6/src -s include  "SHELL=CMD" "COMPILER=arm-none-eabi-gcc" "ASSEMBLER=arm-none-eabi-as"
TRACE::2026-04-18.11:21:12::SCWBDomain:: "ARCHIVER=arm-none-eabi-ar" "COMPILER_FLAGS=  -O2 -c" "EXTRA_COMPILER_FLAGS=-mcpu=cortex-a9 -mfpu=vfpv3 -mfloat-abi=hard -nost
TRACE::2026-04-18.11:21:12::SCWBDomain::artfiles -g -Wall -Wextra -fno-tree-loop-distribute-patterns"

TRACE::2026-04-18.11:21:12::SCWBDomain::"Running Make libs in ps7_cortexa9_0/libsrc/coresightps_dcc_v1_8/src"

TRACE::2026-04-18.11:21:12::SCWBDomain::make -C ps7_cortexa9_0/libsrc/coresightps_dcc_v1_8/src -s libs  "SHELL=CMD" "COMPILER=arm-none-eabi-gcc" "ASSEMBLER=arm-none-ea
TRACE::2026-04-18.11:21:12::SCWBDomain::bi-as" "ARCHIVER=arm-none-eabi-ar" "COMPILER_FLAGS=  -O2 -c" "EXTRA_COMPILER_FLAGS=-mcpu=cortex-a9 -mfpu=vfpv3 -mfloat-abi=hard
TRACE::2026-04-18.11:21:12::SCWBDomain:: -nostartfiles -g -Wall -Wextra -fno-tree-loop-distribute-patterns"

TRACE::2026-04-18.11:21:12::SCWBDomain::"Running Make libs in ps7_cortexa9_0/libsrc/cpu_cortexa9_v2_11/src"

TRACE::2026-04-18.11:21:12::SCWBDomain::make -C ps7_cortexa9_0/libsrc/cpu_cortexa9_v2_11/src -s libs  "SHELL=CMD" "COMPILER=arm-none-eabi-gcc" "ASSEMBLER=arm-none-eabi
TRACE::2026-04-18.11:21:12::SCWBDomain::-as" "ARCHIVER=arm-none-eabi-ar" "COMPILER_FLAGS=  -O2 -c" "EXTRA_COMPILER_FLAGS=-mcpu=cortex-a9 -mfpu=vfpv3 -mfloat-abi=hard -
TRACE::2026-04-18.11:21:12::SCWBDomain::nostartfiles -g -Wall -Wextra -fno-tree-loop-distribute-patterns"

TRACE::2026-04-18.11:21:12::SCWBDomain::"Running Make libs in ps7_cortexa9_0/libsrc/ddrps_v1_2/src"

TRACE::2026-04-18.11:21:12::SCWBDomain::make -C ps7_cortexa9_0/libsrc/ddrps_v1_2/src -s libs  "SHELL=CMD" "COMPILER=arm-none-eabi-gcc" "ASSEMBLER=arm-none-eabi-as" "AR
TRACE::2026-04-18.11:21:12::SCWBDomain::CHIVER=arm-none-eabi-ar" "COMPILER_FLAGS=  -O2 -c" "EXTRA_COMPILER_FLAGS=-mcpu=cortex-a9 -mfpu=vfpv3 -mfloat-abi=hard -nostartf
TRACE::2026-04-18.11:21:12::SCWBDomain::iles -g -Wall -Wextra -fno-tree-loop-distribute-patterns"

TRACE::2026-04-18.11:21:12::SCWBDomain::"Running Make libs in ps7_cortexa9_0/libsrc/devcfg_v3_7/src"

TRACE::2026-04-18.11:21:12::SCWBDomain::make -C ps7_cortexa9_0/libsrc/devcfg_v3_7/src -s libs  "SHELL=CMD" "COMPILER=arm-none-eabi-gcc" "ASSEMBLER=arm-none-eabi-as" "A
TRACE::2026-04-18.11:21:12::SCWBDomain::RCHIVER=arm-none-eabi-ar" "COMPILER_FLAGS=  -O2 -c" "EXTRA_COMPILER_FLAGS=-mcpu=cortex-a9 -mfpu=vfpv3 -mfloat-abi=hard -nostart
TRACE::2026-04-18.11:21:12::SCWBDomain::files -g -Wall -Wextra -fno-tree-loop-distribute-patterns"

TRACE::2026-04-18.11:21:12::SCWBDomain::"Running Make libs in ps7_cortexa9_0/libsrc/dmaps_v2_8/src"

TRACE::2026-04-18.11:21:12::SCWBDomain::make -C ps7_cortexa9_0/libsrc/dmaps_v2_8/src -s libs  "SHELL=CMD" "COMPILER=arm-none-eabi-gcc" "ASSEMBLER=arm-none-eabi-as" "AR
TRACE::2026-04-18.11:21:12::SCWBDomain::CHIVER=arm-none-eabi-ar" "COMPILER_FLAGS=  -O2 -c" "EXTRA_COMPILER_FLAGS=-mcpu=cortex-a9 -mfpu=vfpv3 -mfloat-abi=hard -nostartf
TRACE::2026-04-18.11:21:12::SCWBDomain::iles -g -Wall -Wextra -fno-tree-loop-distribute-patterns"

TRACE::2026-04-18.11:21:12::SCWBDomain::"Running Make libs in ps7_cortexa9_0/libsrc/emacps_v3_18/src"

TRACE::2026-04-18.11:21:12::SCWBDomain::make -C ps7_cortexa9_0/libsrc/emacps_v3_18/src -s libs  "SHELL=CMD" "COMPILER=arm-none-eabi-gcc" "ASSEMBLER=arm-none-eabi-as" "
TRACE::2026-04-18.11:21:12::SCWBDomain::ARCHIVER=arm-none-eabi-ar" "COMPILER_FLAGS=  -O2 -c" "EXTRA_COMPILER_FLAGS=-mcpu=cortex-a9 -mfpu=vfpv3 -mfloat-abi=hard -nostar
TRACE::2026-04-18.11:21:12::SCWBDomain::tfiles -g -Wall -Wextra -fno-tree-loop-distribute-patterns"

TRACE::2026-04-18.11:21:12::SCWBDomain::"Running Make libs in ps7_cortexa9_0/libsrc/gpiops_v3_11/src"

TRACE::2026-04-18.11:21:12::SCWBDomain::make -C ps7_cortexa9_0/libsrc/gpiops_v3_11/src -s libs  "SHELL=CMD" "COMPILER=arm-none-eabi-gcc" "ASSEMBLER=arm-none-eabi-as" "
TRACE::2026-04-18.11:21:12::SCWBDomain::ARCHIVER=arm-none-eabi-ar" "COMPILER_FLAGS=  -O2 -c" "EXTRA_COMPILER_FLAGS=-mcpu=cortex-a9 -mfpu=vfpv3 -mfloat-abi=hard -nostar
TRACE::2026-04-18.11:21:12::SCWBDomain::tfiles -g -Wall -Wextra -fno-tree-loop-distribute-patterns"

TRACE::2026-04-18.11:21:12::SCWBDomain::"Running Make libs in ps7_cortexa9_0/libsrc/iicps_v3_17/src"

TRACE::2026-04-18.11:21:12::SCWBDomain::make -C ps7_cortexa9_0/libsrc/iicps_v3_17/src -s libs  "SHELL=CMD" "COMPILER=arm-none-eabi-gcc" "ASSEMBLER=arm-none-eabi-as" "A
TRACE::2026-04-18.11:21:12::SCWBDomain::RCHIVER=arm-none-eabi-ar" "COMPILER_FLAGS=  -O2 -c" "EXTRA_COMPILER_FLAGS=-mcpu=cortex-a9 -mfpu=vfpv3 -mfloat-abi=hard -nostart
TRACE::2026-04-18.11:21:12::SCWBDomain::files -g -Wall -Wextra -fno-tree-loop-distribute-patterns"

TRACE::2026-04-18.11:21:13::SCWBDomain::"Running Make libs in ps7_cortexa9_0/libsrc/qspips_v3_10/src"

TRACE::2026-04-18.11:21:13::SCWBDomain::make -C ps7_cortexa9_0/libsrc/qspips_v3_10/src -s libs  "SHELL=CMD" "COMPILER=arm-none-eabi-gcc" "ASSEMBLER=arm-none-eabi-as" "
TRACE::2026-04-18.11:21:13::SCWBDomain::ARCHIVER=arm-none-eabi-ar" "COMPILER_FLAGS=  -O2 -c" "EXTRA_COMPILER_FLAGS=-mcpu=cortex-a9 -mfpu=vfpv3 -mfloat-abi=hard -nostar
TRACE::2026-04-18.11:21:13::SCWBDomain::tfiles -g -Wall -Wextra -fno-tree-loop-distribute-patterns"

TRACE::2026-04-18.11:21:13::SCWBDomain::"Running Make libs in ps7_cortexa9_0/libsrc/scugic_v5_1/src"

TRACE::2026-04-18.11:21:13::SCWBDomain::make -C ps7_cortexa9_0/libsrc/scugic_v5_1/src -s libs  "SHELL=CMD" "COMPILER=arm-none-eabi-gcc" "ASSEMBLER=arm-none-eabi-as" "A
TRACE::2026-04-18.11:21:13::SCWBDomain::RCHIVER=arm-none-eabi-ar" "COMPILER_FLAGS=  -O2 -c" "EXTRA_COMPILER_FLAGS=-mcpu=cortex-a9 -mfpu=vfpv3 -mfloat-abi=hard -nostart
TRACE::2026-04-18.11:21:13::SCWBDomain::files -g -Wall -Wextra -fno-tree-loop-distribute-patterns"

TRACE::2026-04-18.11:21:13::SCWBDomain::"Running Make libs in ps7_cortexa9_0/libsrc/scutimer_v2_4/src"

TRACE::2026-04-18.11:21:13::SCWBDomain::make -C ps7_cortexa9_0/libsrc/scutimer_v2_4/src -s libs  "SHELL=CMD" "COMPILER=arm-none-eabi-gcc" "ASSEMBLER=arm-none-eabi-as" 
TRACE::2026-04-18.11:21:13::SCWBDomain::"ARCHIVER=arm-none-eabi-ar" "COMPILER_FLAGS=  -O2 -c" "EXTRA_COMPILER_FLAGS=-mcpu=cortex-a9 -mfpu=vfpv3 -mfloat-abi=hard -nosta
TRACE::2026-04-18.11:21:13::SCWBDomain::rtfiles -g -Wall -Wextra -fno-tree-loop-distribute-patterns"

TRACE::2026-04-18.11:21:14::SCWBDomain::"Running Make libs in ps7_cortexa9_0/libsrc/scuwdt_v2_4/src"

TRACE::2026-04-18.11:21:14::SCWBDomain::make -C ps7_cortexa9_0/libsrc/scuwdt_v2_4/src -s libs  "SHELL=CMD" "COMPILER=arm-none-eabi-gcc" "ASSEMBLER=arm-none-eabi-as" "A
TRACE::2026-04-18.11:21:14::SCWBDomain::RCHIVER=arm-none-eabi-ar" "COMPILER_FLAGS=  -O2 -c" "EXTRA_COMPILER_FLAGS=-mcpu=cortex-a9 -mfpu=vfpv3 -mfloat-abi=hard -nostart
TRACE::2026-04-18.11:21:14::SCWBDomain::files -g -Wall -Wextra -fno-tree-loop-distribute-patterns"

TRACE::2026-04-18.11:21:14::SCWBDomain::"Running Make libs in ps7_cortexa9_0/libsrc/sdps_v4_1/src"

TRACE::2026-04-18.11:21:14::SCWBDomain::make -C ps7_cortexa9_0/libsrc/sdps_v4_1/src -s libs  "SHELL=CMD" "COMPILER=arm-none-eabi-gcc" "ASSEMBLER=arm-none-eabi-as" "ARC
TRACE::2026-04-18.11:21:14::SCWBDomain::HIVER=arm-none-eabi-ar" "COMPILER_FLAGS=  -O2 -c" "EXTRA_COMPILER_FLAGS=-mcpu=cortex-a9 -mfpu=vfpv3 -mfloat-abi=hard -nostartfi
TRACE::2026-04-18.11:21:14::SCWBDomain::les -g -Wall -Wextra -fno-tree-loop-distribute-patterns"

TRACE::2026-04-18.11:21:15::SCWBDomain::"Running Make libs in ps7_cortexa9_0/libsrc/standalone_v8_1/src"

TRACE::2026-04-18.11:21:15::SCWBDomain::make -C ps7_cortexa9_0/libsrc/standalone_v8_1/src -s libs  "SHELL=CMD" "COMPILER=arm-none-eabi-gcc" "ASSEMBLER=arm-none-eabi-as
TRACE::2026-04-18.11:21:15::SCWBDomain::" "ARCHIVER=arm-none-eabi-ar" "COMPILER_FLAGS=  -O2 -c" "EXTRA_COMPILER_FLAGS=-mcpu=cortex-a9 -mfpu=vfpv3 -mfloat-abi=hard -nos
TRACE::2026-04-18.11:21:15::SCWBDomain::tartfiles -g -Wall -Wextra -fno-tree-loop-distribute-patterns"

TRACE::2026-04-18.11:21:16::SCWBDomain::"Running Make libs in ps7_cortexa9_0/libsrc/uartps_v3_12/src"

TRACE::2026-04-18.11:21:16::SCWBDomain::make -C ps7_cortexa9_0/libsrc/uartps_v3_12/src -s libs  "SHELL=CMD" "COMPILER=arm-none-eabi-gcc" "ASSEMBLER=arm-none-eabi-as" "
TRACE::2026-04-18.11:21:16::SCWBDomain::ARCHIVER=arm-none-eabi-ar" "COMPILER_FLAGS=  -O2 -c" "EXTRA_COMPILER_FLAGS=-mcpu=cortex-a9 -mfpu=vfpv3 -mfloat-abi=hard -nostar
TRACE::2026-04-18.11:21:16::SCWBDomain::tfiles -g -Wall -Wextra -fno-tree-loop-distribute-patterns"

TRACE::2026-04-18.11:21:16::SCWBDomain::"Running Make libs in ps7_cortexa9_0/libsrc/usbps_v2_7/src"

TRACE::2026-04-18.11:21:16::SCWBDomain::make -C ps7_cortexa9_0/libsrc/usbps_v2_7/src -s libs  "SHELL=CMD" "COMPILER=arm-none-eabi-gcc" "ASSEMBLER=arm-none-eabi-as" "AR
TRACE::2026-04-18.11:21:16::SCWBDomain::CHIVER=arm-none-eabi-ar" "COMPILER_FLAGS=  -O2 -c" "EXTRA_COMPILER_FLAGS=-mcpu=cortex-a9 -mfpu=vfpv3 -mfloat-abi=hard -nostartf
TRACE::2026-04-18.11:21:16::SCWBDomain::iles -g -Wall -Wextra -fno-tree-loop-distribute-patterns"

TRACE::2026-04-18.11:21:17::SCWBDomain::"Running Make libs in ps7_cortexa9_0/libsrc/xadcps_v2_6/src"

TRACE::2026-04-18.11:21:17::SCWBDomain::make -C ps7_cortexa9_0/libsrc/xadcps_v2_6/src -s libs  "SHELL=CMD" "COMPILER=arm-none-eabi-gcc" "ASSEMBLER=arm-none-eabi-as" "A
TRACE::2026-04-18.11:21:17::SCWBDomain::RCHIVER=arm-none-eabi-ar" "COMPILER_FLAGS=  -O2 -c" "EXTRA_COMPILER_FLAGS=-mcpu=cortex-a9 -mfpu=vfpv3 -mfloat-abi=hard -nostart
TRACE::2026-04-18.11:21:17::SCWBDomain::files -g -Wall -Wextra -fno-tree-loop-distribute-patterns"

TRACE::2026-04-18.11:21:17::SCWBDomain::"Running Make libs in ps7_cortexa9_0/libsrc/xilffs_v5_0/src"

TRACE::2026-04-18.11:21:17::SCWBDomain::make -C ps7_cortexa9_0/libsrc/xilffs_v5_0/src -s libs  "SHELL=CMD" "COMPILER=arm-none-eabi-gcc" "ASSEMBLER=arm-none-eabi-as" "A
TRACE::2026-04-18.11:21:17::SCWBDomain::RCHIVER=arm-none-eabi-ar" "COMPILER_FLAGS=  -O2 -c" "EXTRA_COMPILER_FLAGS=-mcpu=cortex-a9 -mfpu=vfpv3 -mfloat-abi=hard -nostart
TRACE::2026-04-18.11:21:17::SCWBDomain::files -g -Wall -Wextra -fno-tree-loop-distribute-patterns"

TRACE::2026-04-18.11:21:22::SCWBDomain::'Finished building libraries parallelly.'

TRACE::2026-04-18.11:21:22::SCWBDomain::make --no-print-directory archive

TRACE::2026-04-18.11:21:22::SCWBDomain::arm-none-eabi-ar -r  ps7_cortexa9_0/lib/libxil.a ps7_cortexa9_0/lib/_exit.o ps7_cortexa9_0/lib/_open.o ps7_cortexa9_0/lib/_sbrk
TRACE::2026-04-18.11:21:22::SCWBDomain::.o ps7_cortexa9_0/lib/abort.o ps7_cortexa9_0/lib/asm_vectors.o ps7_cortexa9_0/lib/boot.o ps7_cortexa9_0/lib/close.o ps7_cortexa
TRACE::2026-04-18.11:21:22::SCWBDomain::9_0/lib/cpputest_time.o ps7_cortexa9_0/lib/cpu_init.o ps7_cortexa9_0/lib/errno.o ps7_cortexa9_0/lib/fcntl.o ps7_cortexa9_0/lib/
TRACE::2026-04-18.11:21:22::SCWBDomain::fstat.o ps7_cortexa9_0/lib/getentropy.o ps7_cortexa9_0/lib/getpid.o ps7_cortexa9_0/lib/inbyte.o ps7_cortexa9_0/lib/isatty.o ps7
TRACE::2026-04-18.11:21:22::SCWBDomain::_cortexa9_0/lib/kill.o ps7_cortexa9_0/lib/lseek.o ps7_cortexa9_0/lib/open.o ps7_cortexa9_0/lib/outbyte.o ps7_cortexa9_0/lib/pri
TRACE::2026-04-18.11:21:22::SCWBDomain::nt.o ps7_cortexa9_0/lib/putnum.o ps7_cortexa9_0/lib/read.o ps7_cortexa9_0/lib/sbrk.o ps7_cortexa9_0/lib/sleep.o ps7_cortexa9_0/
TRACE::2026-04-18.11:21:22::SCWBDomain::lib/time.o ps7_cortexa9_0/lib/translation_table.o ps7_cortexa9_0/lib/unlink.o ps7_cortexa9_0/lib/usleep.o ps7_cortexa9_0/lib/ve
TRACE::2026-04-18.11:21:22::SCWBDomain::ctors.o ps7_cortexa9_0/lib/write.o ps7_cortexa9_0/lib/xadcps.o ps7_cortexa9_0/lib/xadcps_g.o ps7_cortexa9_0/lib/xadcps_intr.o p
TRACE::2026-04-18.11:21:22::SCWBDomain::s7_cortexa9_0/lib/xadcps_selftest.o ps7_cortexa9_0/lib/xadcps_sinit.o ps7_cortexa9_0/lib/xcoresightpsdcc.o ps7_cortexa9_0/lib/x
TRACE::2026-04-18.11:21:22::SCWBDomain::devcfg.o ps7_cortexa9_0/lib/xdevcfg_g.o ps7_cortexa9_0/lib/xdevcfg_hw.o ps7_cortexa9_0/lib/xdevcfg_intr.o ps7_cortexa9_0/lib/xd
TRACE::2026-04-18.11:21:22::SCWBDomain::evcfg_selftest.o ps7_cortexa9_0/lib/xdevcfg_sinit.o ps7_cortexa9_0/lib/xdmaps.o ps7_cortexa9_0/lib/xdmaps_g.o ps7_cortexa9_0/li
TRACE::2026-04-18.11:21:22::SCWBDomain::b/xdmaps_hw.o ps7_cortexa9_0/lib/xdmaps_selftest.o ps7_cortexa9_0/lib/xdmaps_sinit.o ps7_cortexa9_0/lib/xemacps.o ps7_cortexa9_
TRACE::2026-04-18.11:21:22::SCWBDomain::0/lib/xemacps_bdring.o ps7_cortexa9_0/lib/xemacps_control.o ps7_cortexa9_0/lib/xemacps_g.o ps7_cortexa9_0/lib/xemacps_hw.o ps7_
TRACE::2026-04-18.11:21:22::SCWBDomain::cortexa9_0/lib/xemacps_intr.o ps7_cortexa9_0/lib/xemacps_sinit.o ps7_cortexa9_0/lib/xgpiops.o ps7_cortexa9_0/lib/xgpiops_g.o ps
TRACE::2026-04-18.11:21:22::SCWBDomain::7_cortexa9_0/lib/xgpiops_hw.o ps7_cortexa9_0/lib/xgpiops_intr.o ps7_cortexa9_0/lib/xgpiops_selftest.o ps7_cortexa9_0/lib/xgpiop
TRACE::2026-04-18.11:21:22::SCWBDomain::s_sinit.o ps7_cortexa9_0/lib/xiicps.o ps7_cortexa9_0/lib/xiicps_g.o ps7_cortexa9_0/lib/xiicps_hw.o ps7_cortexa9_0/lib/xiicps_in
TRACE::2026-04-18.11:21:22::SCWBDomain::tr.o ps7_cortexa9_0/lib/xiicps_master.o ps7_cortexa9_0/lib/xiicps_options.o ps7_cortexa9_0/lib/xiicps_selftest.o ps7_cortexa9_0
TRACE::2026-04-18.11:21:22::SCWBDomain::/lib/xiicps_sinit.o ps7_cortexa9_0/lib/xiicps_slave.o ps7_cortexa9_0/lib/xiicps_xfer.o ps7_cortexa9_0/lib/xil-crt0.o ps7_cortex
TRACE::2026-04-18.11:21:22::SCWBDomain::a9_0/lib/xil_assert.o ps7_cortexa9_0/lib/xil_cache.o ps7_cortexa9_0/lib/xil_clocking.o ps7_cortexa9_0/lib/xil_exception.o ps7_c
TRACE::2026-04-18.11:21:22::SCWBDomain::ortexa9_0/lib/xil_mem.o ps7_cortexa9_0/lib/xil_misc_psreset_api.o ps7_cortexa9_0/lib/xil_mmu.o ps7_cortexa9_0/lib/xil_printf.o 
TRACE::2026-04-18.11:21:22::SCWBDomain::ps7_cortexa9_0/lib/xil_sleepcommon.o ps7_cortexa9_0/lib/xil_sleeptimer.o ps7_cortexa9_0/lib/xil_spinlock.o ps7_cortexa9_0/lib/x
TRACE::2026-04-18.11:21:22::SCWBDomain::il_testcache.o ps7_cortexa9_0/lib/xil_testio.o ps7_cortexa9_0/lib/xil_testmem.o ps7_cortexa9_0/lib/xil_util.o ps7_cortexa9_0/li
TRACE::2026-04-18.11:21:22::SCWBDomain::b/xinterrupt_wrap.o ps7_cortexa9_0/lib/xl2cc_counter.o ps7_cortexa9_0/lib/xplatform_info.o ps7_cortexa9_0/lib/xpm_counter.o ps7
TRACE::2026-04-18.11:21:22::SCWBDomain::_cortexa9_0/lib/xqspips.o ps7_cortexa9_0/lib/xqspips_g.o ps7_cortexa9_0/lib/xqspips_hw.o ps7_cortexa9_0/lib/xqspips_options.o p
TRACE::2026-04-18.11:21:22::SCWBDomain::s7_cortexa9_0/lib/xqspips_selftest.o ps7_cortexa9_0/lib/xqspips_sinit.o ps7_cortexa9_0/lib/xscugic.o ps7_cortexa9_0/lib/xscugic
TRACE::2026-04-18.11:21:22::SCWBDomain::_g.o ps7_cortexa9_0/lib/xscugic_hw.o ps7_cortexa9_0/lib/xscugic_intr.o ps7_cortexa9_0/lib/xscugic_selftest.o ps7_cortexa9_0/lib
TRACE::2026-04-18.11:21:22::SCWBDomain::/xscugic_sinit.o ps7_cortexa9_0/lib/xscutimer.o ps7_cortexa9_0/lib/xscutimer_g.o ps7_cortexa9_0/lib/xscutimer_selftest.o ps7_co
TRACE::2026-04-18.11:21:22::SCWBDomain::rtexa9_0/lib/xscutimer_sinit.o ps7_cortexa9_0/lib/xscuwdt.o ps7_cortexa9_0/lib/xscuwdt_g.o ps7_cortexa9_0/lib/xscuwdt_selftest.
TRACE::2026-04-18.11:21:22::SCWBDomain::o ps7_cortexa9_0/lib/xscuwdt_sinit.o ps7_cortexa9_0/lib/xsdps.o ps7_cortexa9_0/lib/xsdps_card.o ps7_cortexa9_0/lib/xsdps_g.o ps
TRACE::2026-04-18.11:21:22::SCWBDomain::7_cortexa9_0/lib/xsdps_host.o ps7_cortexa9_0/lib/xsdps_options.o ps7_cortexa9_0/lib/xsdps_sinit.o ps7_cortexa9_0/lib/xtime_l.o 
TRACE::2026-04-18.11:21:22::SCWBDomain::ps7_cortexa9_0/lib/xuartps.o ps7_cortexa9_0/lib/xuartps_g.o ps7_cortexa9_0/lib/xuartps_hw.o ps7_cortexa9_0/lib/xuartps_intr.o p
TRACE::2026-04-18.11:21:22::SCWBDomain::s7_cortexa9_0/lib/xuartps_options.o ps7_cortexa9_0/lib/xuartps_selftest.o ps7_cortexa9_0/lib/xuartps_sinit.o ps7_cortexa9_0/lib
TRACE::2026-04-18.11:21:22::SCWBDomain::/xusbps.o ps7_cortexa9_0/lib/xusbps_endpoint.o ps7_cortexa9_0/lib/xusbps_g.o ps7_cortexa9_0/lib/xusbps_hw.o ps7_cortexa9_0/lib/
TRACE::2026-04-18.11:21:22::SCWBDomain::xusbps_intr.o ps7_cortexa9_0/lib/xusbps_sinit.o

TRACE::2026-04-18.11:21:22::SCWBDomain::'Finished building libraries'

TRACE::2026-04-18.11:21:22::SCWBDomain::make: Leaving directory 'C:/Users/kc10b/Vivado/ECE520L/FinalProject/project_1/project_1_vitis/project_1_plat1/zynq_fsbl/zynq_fs
TRACE::2026-04-18.11:21:22::SCWBDomain::bl_bsp'

TRACE::2026-04-18.11:21:22::SCWBDomain::arm-none-eabi-gcc  -O2 -c -MMD -MP       -mcpu=cortex-a9 -mfpu=vfpv3 -mfloat-abi=hard  -c sd.c -o sd.o -Izynq_fsbl_bsp/ps7_cort
TRACE::2026-04-18.11:21:22::SCWBDomain::exa9_0/include -I.

TRACE::2026-04-18.11:21:22::SCWBDomain::arm-none-eabi-gcc  -O2 -c -MMD -MP       -mcpu=cortex-a9 -mfpu=vfpv3 -mfloat-abi=hard  -c nand.c -o nand.o -Izynq_fsbl_bsp/ps7_
TRACE::2026-04-18.11:21:22::SCWBDomain::cortexa9_0/include -I.

TRACE::2026-04-18.11:21:23::SCWBDomain::arm-none-eabi-gcc  -O2 -c -MMD -MP       -mcpu=cortex-a9 -mfpu=vfpv3 -mfloat-abi=hard  -c nor.c -o nor.o -Izynq_fsbl_bsp/ps7_co
TRACE::2026-04-18.11:21:23::SCWBDomain::rtexa9_0/include -I.

TRACE::2026-04-18.11:21:23::SCWBDomain::arm-none-eabi-gcc  -O2 -c -MMD -MP       -mcpu=cortex-a9 -mfpu=vfpv3 -mfloat-abi=hard  -c image_mover.c -o image_mover.o -Izynq
TRACE::2026-04-18.11:21:23::SCWBDomain::_fsbl_bsp/ps7_cortexa9_0/include -I.

TRACE::2026-04-18.11:21:23::SCWBDomain::arm-none-eabi-gcc  -O2 -c -MMD -MP       -mcpu=cortex-a9 -mfpu=vfpv3 -mfloat-abi=hard  -c md5.c -o md5.o -Izynq_fsbl_bsp/ps7_co
TRACE::2026-04-18.11:21:23::SCWBDomain::rtexa9_0/include -I.

TRACE::2026-04-18.11:21:24::SCWBDomain::arm-none-eabi-gcc  -O2 -c -MMD -MP       -mcpu=cortex-a9 -mfpu=vfpv3 -mfloat-abi=hard  -c fsbl_hooks.c -o fsbl_hooks.o -Izynq_f
TRACE::2026-04-18.11:21:24::SCWBDomain::sbl_bsp/ps7_cortexa9_0/include -I.

TRACE::2026-04-18.11:21:24::SCWBDomain::arm-none-eabi-gcc  -O2 -c -MMD -MP       -mcpu=cortex-a9 -mfpu=vfpv3 -mfloat-abi=hard  -c main.c -o main.o -Izynq_fsbl_bsp/ps7_
TRACE::2026-04-18.11:21:24::SCWBDomain::cortexa9_0/include -I.

TRACE::2026-04-18.11:21:24::SCWBDomain::arm-none-eabi-gcc  -O2 -c -MMD -MP       -mcpu=cortex-a9 -mfpu=vfpv3 -mfloat-abi=hard  -c rsa.c -o rsa.o -Izynq_fsbl_bsp/ps7_co
TRACE::2026-04-18.11:21:24::SCWBDomain::rtexa9_0/include -I.

TRACE::2026-04-18.11:21:24::SCWBDomain::arm-none-eabi-gcc  -O2 -c -MMD -MP       -mcpu=cortex-a9 -mfpu=vfpv3 -mfloat-abi=hard  -c qspi.c -o qspi.o -Izynq_fsbl_bsp/ps7_
TRACE::2026-04-18.11:21:24::SCWBDomain::cortexa9_0/include -I.

TRACE::2026-04-18.11:21:25::SCWBDomain::arm-none-eabi-gcc  -O2 -c -MMD -MP       -mcpu=cortex-a9 -mfpu=vfpv3 -mfloat-abi=hard  -c ps7_init.c -o ps7_init.o -Izynq_fsbl_
TRACE::2026-04-18.11:21:25::SCWBDomain::bsp/ps7_cortexa9_0/include -I.

TRACE::2026-04-18.11:21:25::SCWBDomain::arm-none-eabi-gcc  -O2 -c -MMD -MP       -mcpu=cortex-a9 -mfpu=vfpv3 -mfloat-abi=hard  -c pcap.c -o pcap.o -Izynq_fsbl_bsp/ps7_
TRACE::2026-04-18.11:21:25::SCWBDomain::cortexa9_0/include -I.

TRACE::2026-04-18.11:21:25::SCWBDomain::arm-none-eabi-gcc  -O2 -c -MMD -MP       -mcpu=cortex-a9 -mfpu=vfpv3 -mfloat-abi=hard  -c fsbl_handoff.S -o fsbl_handoff.o -Izy
TRACE::2026-04-18.11:21:25::SCWBDomain::nq_fsbl_bsp/ps7_cortexa9_0/include -I.

TRACE::2026-04-18.11:21:25::SCWBDomain::arm-none-eabi-gcc -o fsbl.elf fsbl_handoff.o fsbl_hooks.o image_mover.o main.o md5.o nand.o nor.o pcap.o ps7_init.o qspi.o rsa.
TRACE::2026-04-18.11:21:25::SCWBDomain::o sd.o -MMD -MP       -mcpu=cortex-a9 -mfpu=vfpv3 -mfloat-abi=hard   -mcpu=cortex-a9 -mfpu=vfpv3 -mfloat-abi=hard -Wl,-build-id
TRACE::2026-04-18.11:21:25::SCWBDomain::=none -specs=Xilinx.spec  -lrsa -Wl,--start-group,-lxil,-lgcc,-lc,--end-group -Wl,--start-group,-lxilffs,-lxil,-lgcc,-lc,--end-
TRACE::2026-04-18.11:21:25::SCWBDomain::group -Wl,--start-group,-lrsa,-lxil,-lgcc,-lc,--end-group                                    -Wl,--gc-sections -Lzynq_fsbl_bsp/
TRACE::2026-04-18.11:21:25::SCWBDomain::ps7_cortexa9_0/lib -L./ -Tlscript.ld

LOG::2026-04-18.11:21:26::SCWSystem::Checking the domain standalone_domain
LOG::2026-04-18.11:21:26::SCWSystem::Not a boot domain 
LOG::2026-04-18.11:21:26::SCWSystem::Started Processing the domain standalone_domain
TRACE::2026-04-18.11:21:26::SCWDomain::Generating domain artifcats
TRACE::2026-04-18.11:21:26::SCWMssOS::Generating standalone artifcats
TRACE::2026-04-18.11:21:26::SCWMssOS::Copying the qemu file from  C:/Users/kc10b/Vivado/ECE520L/FinalProject/project_1/project_1_vitis/project_1_plat1/resources/project_1_plat1/standalone_domain/qemu_args.txt To C:/Users/kc10b/Vivado/ECE520L/FinalProject/project_1/project_1_vitis/project_1_plat1/export/project_1_plat1/sw/project_1_plat1/qemu/
TRACE::2026-04-18.11:21:26::SCWMssOS::Copying the qemu file from  C:/Users/kc10b/Vivado/ECE520L/FinalProject/project_1/project_1_vitis/project_1_plat1/resources/project_1_plat1/standalone_domain/qemu_args.txt To C:/Users/kc10b/Vivado/ECE520L/FinalProject/project_1/project_1_vitis/project_1_plat1/export/project_1_plat1/sw/project_1_plat1/standalone_domain/qemu/
TRACE::2026-04-18.11:21:26::SCWMssOS:: Copying the user libraries. 
TRACE::2026-04-18.11:21:26::SCWPlatform::Trying to open the hw design at C:/Users/kc10b/Vivado/ECE520L/FinalProject/project_1/project_1_vitis/project_1_plat1/hw/design_1_wrapper1.xsa
TRACE::2026-04-18.11:21:26::SCWPlatform::DSA given C:/Users/kc10b/Vivado/ECE520L/FinalProject/project_1/project_1_vitis/project_1_plat1/hw/design_1_wrapper1.xsa
TRACE::2026-04-18.11:21:26::SCWPlatform::DSA absoulate path C:/Users/kc10b/Vivado/ECE520L/FinalProject/project_1/project_1_vitis/project_1_plat1/hw/design_1_wrapper1.xsa
TRACE::2026-04-18.11:21:26::SCWPlatform::DSA directory C:/Users/kc10b/Vivado/ECE520L/FinalProject/project_1/project_1_vitis/project_1_plat1/hw
TRACE::2026-04-18.11:21:26::SCWPlatform:: Platform Path C:/Users/kc10b/Vivado/ECE520L/FinalProject/project_1/project_1_vitis/project_1_plat1/hw/design_1_wrapper1.xsa
TRACE::2026-04-18.11:21:26::SCWPlatform:: Unique name xilinx:zybo-z7-10::0.0
TRACE::2026-04-18.11:21:26::SCWPlatform::Trying to set the existing hwdb with name design_1_wrapper_6
TRACE::2026-04-18.11:21:26::SCWPlatform::Opened existing hwdb design_1_wrapper_6
TRACE::2026-04-18.11:21:26::SCWPlatform::Found the Hw Db part of the input DSA
TRACE::2026-04-18.11:21:26::SCWMssOS::Checking the sw design at  C:/Users/kc10b/Vivado/ECE520L/FinalProject/project_1/project_1_vitis/project_1_plat1/ps7_cortexa9_0/standalone_domain/bsp/system.mss
TRACE::2026-04-18.11:21:26::SCWMssOS::DEBUG:  swdes dump  C:/Users/kc10b/Vivado/ECE520L/FinalProject/project_1/project_1_vitis/project_1_plat/ps7_cortexa9_0/standalone_domain/bsp/system.mss|system_0||
C:/Users/kc10b/Vivado/ECE520L/FinalProject/project_1/project_1_vitis/project_1_plat/zynq_fsbl/zynq_fsbl_bsp/system.mss|system||
C:/Users/kc10b/Vivado/ECE520L/FinalProject/project_1/project_1_vitis/project_1_plat1/zynq_fsbl/zynq_fsbl_bsp/system.mss|system_2||

TRACE::2026-04-18.11:21:26::SCWMssOS::No sw design opened at  C:/Users/kc10b/Vivado/ECE520L/FinalProject/project_1/project_1_vitis/project_1_plat1/ps7_cortexa9_0/standalone_domain/bsp/system.mss
TRACE::2026-04-18.11:21:26::SCWMssOS::mss exists loading the mss file  C:/Users/kc10b/Vivado/ECE520L/FinalProject/project_1/project_1_vitis/project_1_plat1/ps7_cortexa9_0/standalone_domain/bsp/system.mss
TRACE::2026-04-18.11:21:26::SCWMssOS::Opened the sw design from mss  C:/Users/kc10b/Vivado/ECE520L/FinalProject/project_1/project_1_vitis/project_1_plat1/ps7_cortexa9_0/standalone_domain/bsp/system.mss
TRACE::2026-04-18.11:21:26::SCWMssOS::Adding the swdes entry C:/Users/kc10b/Vivado/ECE520L/FinalProject/project_1/project_1_vitis/project_1_plat1/ps7_cortexa9_0/standalone_domain/bsp/system.mss with des name system_1
TRACE::2026-04-18.11:21:26::SCWMssOS::updating the scw layer about changes
TRACE::2026-04-18.11:21:26::SCWMssOS::Opened the sw design.  C:/Users/kc10b/Vivado/ECE520L/FinalProject/project_1/project_1_vitis/project_1_plat1/ps7_cortexa9_0/standalone_domain/bsp/system.mss
TRACE::2026-04-18.11:21:26::SCWMssOS::Completed writing the mss file at C:/Users/kc10b/Vivado/ECE520L/FinalProject/project_1/project_1_vitis/project_1_plat1/ps7_cortexa9_0/standalone_domain/bsp
TRACE::2026-04-18.11:21:26::SCWMssOS::Mss edits present, copying mssfile into export location C:/Users/kc10b/Vivado/ECE520L/FinalProject/project_1/project_1_vitis/project_1_plat1/ps7_cortexa9_0/standalone_domain/bsp/system.mss
TRACE::2026-04-18.11:21:26::SCWMssOS::bsp generated is upto date with the mss file. Skipping bsp generation.
TRACE::2026-04-18.11:21:26::SCWMssOS::BSP is already built. skipping the bsp build ... 
TRACE::2026-04-18.11:21:26::SCWDomain::Building the domain as part of full build :  standalone_domain
TRACE::2026-04-18.11:21:26::SCWMssOS::doing bsp build ... 
TRACE::2026-04-18.11:21:26::SCWMssOS::System Command Ran  C: & cd  C:/Users/kc10b/Vivado/ECE520L/FinalProject/project_1/project_1_vitis/project_1_plat1/ps7_cortexa9_0/standalone_domain/bsp & make 
TRACE::2026-04-18.11:21:26::SCWMssOS::make --no-print-directory seq_libs

TRACE::2026-04-18.11:21:26::SCWMssOS::'Finished building libraries sequentially.'

TRACE::2026-04-18.11:21:26::SCWMssOS::make -j 14 --no-print-directory par_libs

TRACE::2026-04-18.11:21:26::SCWMssOS::"Running Make include in ps7_cortexa9_0/libsrc/coresightps_dcc_v1_8/src"

TRACE::2026-04-18.11:21:26::SCWMssOS::make -C ps7_cortexa9_0/libsrc/coresightps_dcc_v1_8/src -s include  "SHELL=CMD" "COMPILER=arm-none-eabi-gcc" "ASSEMBLER=arm-none
TRACE::2026-04-18.11:21:26::SCWMssOS::-eabi-as" "ARCHIVER=arm-none-eabi-ar" "COMPILER_FLAGS=  -O2 -c" "EXTRA_COMPILER_FLAGS=-mcpu=cortex-a9 -mfpu=vfpv3 -mfloat-abi=h
TRACE::2026-04-18.11:21:26::SCWMssOS::ard -nostartfiles -g -Wall -Wextra -fno-tree-loop-distribute-patterns"

TRACE::2026-04-18.11:21:26::SCWMssOS::"Running Make include in ps7_cortexa9_0/libsrc/cpu_cortexa9_v2_11/src"

TRACE::2026-04-18.11:21:26::SCWMssOS::make -C ps7_cortexa9_0/libsrc/cpu_cortexa9_v2_11/src -s include  "SHELL=CMD" "COMPILER=arm-none-eabi-gcc" "ASSEMBLER=arm-none-e
TRACE::2026-04-18.11:21:26::SCWMssOS::abi-as" "ARCHIVER=arm-none-eabi-ar" "COMPILER_FLAGS=  -O2 -c" "EXTRA_COMPILER_FLAGS=-mcpu=cortex-a9 -mfpu=vfpv3 -mfloat-abi=har
TRACE::2026-04-18.11:21:26::SCWMssOS::d -nostartfiles -g -Wall -Wextra -fno-tree-loop-distribute-patterns"

TRACE::2026-04-18.11:21:26::SCWMssOS::"Running Make include in ps7_cortexa9_0/libsrc/ddrps_v1_2/src"

TRACE::2026-04-18.11:21:27::SCWMssOS::make -C ps7_cortexa9_0/libsrc/ddrps_v1_2/src -s include  "SHELL=CMD" "COMPILER=arm-none-eabi-gcc" "ASSEMBLER=arm-none-eabi-as" 
TRACE::2026-04-18.11:21:27::SCWMssOS::"ARCHIVER=arm-none-eabi-ar" "COMPILER_FLAGS=  -O2 -c" "EXTRA_COMPILER_FLAGS=-mcpu=cortex-a9 -mfpu=vfpv3 -mfloat-abi=hard -nosta
TRACE::2026-04-18.11:21:27::SCWMssOS::rtfiles -g -Wall -Wextra -fno-tree-loop-distribute-patterns"

TRACE::2026-04-18.11:21:27::SCWMssOS::"Running Make include in ps7_cortexa9_0/libsrc/devcfg_v3_7/src"

TRACE::2026-04-18.11:21:27::SCWMssOS::make -C ps7_cortexa9_0/libsrc/devcfg_v3_7/src -s include  "SHELL=CMD" "COMPILER=arm-none-eabi-gcc" "ASSEMBLER=arm-none-eabi-as"
TRACE::2026-04-18.11:21:27::SCWMssOS:: "ARCHIVER=arm-none-eabi-ar" "COMPILER_FLAGS=  -O2 -c" "EXTRA_COMPILER_FLAGS=-mcpu=cortex-a9 -mfpu=vfpv3 -mfloat-abi=hard -nost
TRACE::2026-04-18.11:21:27::SCWMssOS::artfiles -g -Wall -Wextra -fno-tree-loop-distribute-patterns"

TRACE::2026-04-18.11:21:27::SCWMssOS::"Running Make include in ps7_cortexa9_0/libsrc/dmaps_v2_8/src"

TRACE::2026-04-18.11:21:27::SCWMssOS::make -C ps7_cortexa9_0/libsrc/dmaps_v2_8/src -s include  "SHELL=CMD" "COMPILER=arm-none-eabi-gcc" "ASSEMBLER=arm-none-eabi-as" 
TRACE::2026-04-18.11:21:27::SCWMssOS::"ARCHIVER=arm-none-eabi-ar" "COMPILER_FLAGS=  -O2 -c" "EXTRA_COMPILER_FLAGS=-mcpu=cortex-a9 -mfpu=vfpv3 -mfloat-abi=hard -nosta
TRACE::2026-04-18.11:21:27::SCWMssOS::rtfiles -g -Wall -Wextra -fno-tree-loop-distribute-patterns"

TRACE::2026-04-18.11:21:27::SCWMssOS::"Running Make include in ps7_cortexa9_0/libsrc/emacps_v3_18/src"

TRACE::2026-04-18.11:21:27::SCWMssOS::make -C ps7_cortexa9_0/libsrc/emacps_v3_18/src -s include  "SHELL=CMD" "COMPILER=arm-none-eabi-gcc" "ASSEMBLER=arm-none-eabi-as
TRACE::2026-04-18.11:21:27::SCWMssOS::" "ARCHIVER=arm-none-eabi-ar" "COMPILER_FLAGS=  -O2 -c" "EXTRA_COMPILER_FLAGS=-mcpu=cortex-a9 -mfpu=vfpv3 -mfloat-abi=hard -nos
TRACE::2026-04-18.11:21:27::SCWMssOS::tartfiles -g -Wall -Wextra -fno-tree-loop-distribute-patterns"

TRACE::2026-04-18.11:21:27::SCWMssOS::"Running Make include in ps7_cortexa9_0/libsrc/gpiops_v3_11/src"

TRACE::2026-04-18.11:21:27::SCWMssOS::make -C ps7_cortexa9_0/libsrc/gpiops_v3_11/src -s include  "SHELL=CMD" "COMPILER=arm-none-eabi-gcc" "ASSEMBLER=arm-none-eabi-as
TRACE::2026-04-18.11:21:27::SCWMssOS::" "ARCHIVER=arm-none-eabi-ar" "COMPILER_FLAGS=  -O2 -c" "EXTRA_COMPILER_FLAGS=-mcpu=cortex-a9 -mfpu=vfpv3 -mfloat-abi=hard -nos
TRACE::2026-04-18.11:21:27::SCWMssOS::tartfiles -g -Wall -Wextra -fno-tree-loop-distribute-patterns"

TRACE::2026-04-18.11:21:27::SCWMssOS::"Running Make include in ps7_cortexa9_0/libsrc/iicps_v3_17/src"

TRACE::2026-04-18.11:21:27::SCWMssOS::make -C ps7_cortexa9_0/libsrc/iicps_v3_17/src -s include  "SHELL=CMD" "COMPILER=arm-none-eabi-gcc" "ASSEMBLER=arm-none-eabi-as"
TRACE::2026-04-18.11:21:27::SCWMssOS:: "ARCHIVER=arm-none-eabi-ar" "COMPILER_FLAGS=  -O2 -c" "EXTRA_COMPILER_FLAGS=-mcpu=cortex-a9 -mfpu=vfpv3 -mfloat-abi=hard -nost
TRACE::2026-04-18.11:21:27::SCWMssOS::artfiles -g -Wall -Wextra -fno-tree-loop-distribute-patterns"

TRACE::2026-04-18.11:21:27::SCWMssOS::"Running Make include in ps7_cortexa9_0/libsrc/qspips_v3_10/src"

TRACE::2026-04-18.11:21:27::SCWMssOS::make -C ps7_cortexa9_0/libsrc/qspips_v3_10/src -s include  "SHELL=CMD" "COMPILER=arm-none-eabi-gcc" "ASSEMBLER=arm-none-eabi-as
TRACE::2026-04-18.11:21:27::SCWMssOS::" "ARCHIVER=arm-none-eabi-ar" "COMPILER_FLAGS=  -O2 -c" "EXTRA_COMPILER_FLAGS=-mcpu=cortex-a9 -mfpu=vfpv3 -mfloat-abi=hard -nos
TRACE::2026-04-18.11:21:27::SCWMssOS::tartfiles -g -Wall -Wextra -fno-tree-loop-distribute-patterns"

TRACE::2026-04-18.11:21:27::SCWMssOS::"Running Make include in ps7_cortexa9_0/libsrc/scugic_v5_1/src"

TRACE::2026-04-18.11:21:27::SCWMssOS::make -C ps7_cortexa9_0/libsrc/scugic_v5_1/src -s include  "SHELL=CMD" "COMPILER=arm-none-eabi-gcc" "ASSEMBLER=arm-none-eabi-as"
TRACE::2026-04-18.11:21:27::SCWMssOS:: "ARCHIVER=arm-none-eabi-ar" "COMPILER_FLAGS=  -O2 -c" "EXTRA_COMPILER_FLAGS=-mcpu=cortex-a9 -mfpu=vfpv3 -mfloat-abi=hard -nost
TRACE::2026-04-18.11:21:27::SCWMssOS::artfiles -g -Wall -Wextra -fno-tree-loop-distribute-patterns"

TRACE::2026-04-18.11:21:27::SCWMssOS::"Running Make include in ps7_cortexa9_0/libsrc/scutimer_v2_4/src"

TRACE::2026-04-18.11:21:28::SCWMssOS::make -C ps7_cortexa9_0/libsrc/scutimer_v2_4/src -s include  "SHELL=CMD" "COMPILER=arm-none-eabi-gcc" "ASSEMBLER=arm-none-eabi-a
TRACE::2026-04-18.11:21:28::SCWMssOS::s" "ARCHIVER=arm-none-eabi-ar" "COMPILER_FLAGS=  -O2 -c" "EXTRA_COMPILER_FLAGS=-mcpu=cortex-a9 -mfpu=vfpv3 -mfloat-abi=hard -no
TRACE::2026-04-18.11:21:28::SCWMssOS::startfiles -g -Wall -Wextra -fno-tree-loop-distribute-patterns"

TRACE::2026-04-18.11:21:28::SCWMssOS::"Running Make include in ps7_cortexa9_0/libsrc/scuwdt_v2_4/src"

TRACE::2026-04-18.11:21:28::SCWMssOS::make -C ps7_cortexa9_0/libsrc/scuwdt_v2_4/src -s include  "SHELL=CMD" "COMPILER=arm-none-eabi-gcc" "ASSEMBLER=arm-none-eabi-as"
TRACE::2026-04-18.11:21:28::SCWMssOS:: "ARCHIVER=arm-none-eabi-ar" "COMPILER_FLAGS=  -O2 -c" "EXTRA_COMPILER_FLAGS=-mcpu=cortex-a9 -mfpu=vfpv3 -mfloat-abi=hard -nost
TRACE::2026-04-18.11:21:28::SCWMssOS::artfiles -g -Wall -Wextra -fno-tree-loop-distribute-patterns"

TRACE::2026-04-18.11:21:28::SCWMssOS::"Running Make include in ps7_cortexa9_0/libsrc/sdps_v4_1/src"

TRACE::2026-04-18.11:21:28::SCWMssOS::make -C ps7_cortexa9_0/libsrc/sdps_v4_1/src -s include  "SHELL=CMD" "COMPILER=arm-none-eabi-gcc" "ASSEMBLER=arm-none-eabi-as" "
TRACE::2026-04-18.11:21:28::SCWMssOS::ARCHIVER=arm-none-eabi-ar" "COMPILER_FLAGS=  -O2 -c" "EXTRA_COMPILER_FLAGS=-mcpu=cortex-a9 -mfpu=vfpv3 -mfloat-abi=hard -nostar
TRACE::2026-04-18.11:21:28::SCWMssOS::tfiles -g -Wall -Wextra -fno-tree-loop-distribute-patterns"

TRACE::2026-04-18.11:21:28::SCWMssOS::"Running Make include in ps7_cortexa9_0/libsrc/standalone_v8_1/src"

TRACE::2026-04-18.11:21:28::SCWMssOS::make -C ps7_cortexa9_0/libsrc/standalone_v8_1/src -s include  "SHELL=CMD" "COMPILER=arm-none-eabi-gcc" "ASSEMBLER=arm-none-eabi
TRACE::2026-04-18.11:21:28::SCWMssOS::-as" "ARCHIVER=arm-none-eabi-ar" "COMPILER_FLAGS=  -O2 -c" "EXTRA_COMPILER_FLAGS=-mcpu=cortex-a9 -mfpu=vfpv3 -mfloat-abi=hard -
TRACE::2026-04-18.11:21:28::SCWMssOS::nostartfiles -g -Wall -Wextra -fno-tree-loop-distribute-patterns"

TRACE::2026-04-18.11:21:28::SCWMssOS::"Running Make include in ps7_cortexa9_0/libsrc/uartps_v3_12/src"

TRACE::2026-04-18.11:21:28::SCWMssOS::make -C ps7_cortexa9_0/libsrc/uartps_v3_12/src -s include  "SHELL=CMD" "COMPILER=arm-none-eabi-gcc" "ASSEMBLER=arm-none-eabi-as
TRACE::2026-04-18.11:21:28::SCWMssOS::" "ARCHIVER=arm-none-eabi-ar" "COMPILER_FLAGS=  -O2 -c" "EXTRA_COMPILER_FLAGS=-mcpu=cortex-a9 -mfpu=vfpv3 -mfloat-abi=hard -nos
TRACE::2026-04-18.11:21:28::SCWMssOS::tartfiles -g -Wall -Wextra -fno-tree-loop-distribute-patterns"

TRACE::2026-04-18.11:21:28::SCWMssOS::"Running Make include in ps7_cortexa9_0/libsrc/usbps_v2_7/src"

TRACE::2026-04-18.11:21:28::SCWMssOS::make -C ps7_cortexa9_0/libsrc/usbps_v2_7/src -s include  "SHELL=CMD" "COMPILER=arm-none-eabi-gcc" "ASSEMBLER=arm-none-eabi-as" 
TRACE::2026-04-18.11:21:28::SCWMssOS::"ARCHIVER=arm-none-eabi-ar" "COMPILER_FLAGS=  -O2 -c" "EXTRA_COMPILER_FLAGS=-mcpu=cortex-a9 -mfpu=vfpv3 -mfloat-abi=hard -nosta
TRACE::2026-04-18.11:21:28::SCWMssOS::rtfiles -g -Wall -Wextra -fno-tree-loop-distribute-patterns"

TRACE::2026-04-18.11:21:28::SCWMssOS::"Running Make include in ps7_cortexa9_0/libsrc/xadcps_v2_6/src"

TRACE::2026-04-18.11:21:28::SCWMssOS::make -C ps7_cortexa9_0/libsrc/xadcps_v2_6/src -s include  "SHELL=CMD" "COMPILER=arm-none-eabi-gcc" "ASSEMBLER=arm-none-eabi-as"
TRACE::2026-04-18.11:21:28::SCWMssOS:: "ARCHIVER=arm-none-eabi-ar" "COMPILER_FLAGS=  -O2 -c" "EXTRA_COMPILER_FLAGS=-mcpu=cortex-a9 -mfpu=vfpv3 -mfloat-abi=hard -nost
TRACE::2026-04-18.11:21:28::SCWMssOS::artfiles -g -Wall -Wextra -fno-tree-loop-distribute-patterns"

TRACE::2026-04-18.11:21:29::SCWMssOS::"Running Make libs in ps7_cortexa9_0/libsrc/coresightps_dcc_v1_8/src"

TRACE::2026-04-18.11:21:29::SCWMssOS::make -C ps7_cortexa9_0/libsrc/coresightps_dcc_v1_8/src -s libs  "SHELL=CMD" "COMPILER=arm-none-eabi-gcc" "ASSEMBLER=arm-none-ea
TRACE::2026-04-18.11:21:29::SCWMssOS::bi-as" "ARCHIVER=arm-none-eabi-ar" "COMPILER_FLAGS=  -O2 -c" "EXTRA_COMPILER_FLAGS=-mcpu=cortex-a9 -mfpu=vfpv3 -mfloat-abi=hard
TRACE::2026-04-18.11:21:29::SCWMssOS:: -nostartfiles -g -Wall -Wextra -fno-tree-loop-distribute-patterns"

TRACE::2026-04-18.11:21:29::SCWMssOS::"Running Make libs in ps7_cortexa9_0/libsrc/cpu_cortexa9_v2_11/src"

TRACE::2026-04-18.11:21:29::SCWMssOS::make -C ps7_cortexa9_0/libsrc/cpu_cortexa9_v2_11/src -s libs  "SHELL=CMD" "COMPILER=arm-none-eabi-gcc" "ASSEMBLER=arm-none-eabi
TRACE::2026-04-18.11:21:29::SCWMssOS::-as" "ARCHIVER=arm-none-eabi-ar" "COMPILER_FLAGS=  -O2 -c" "EXTRA_COMPILER_FLAGS=-mcpu=cortex-a9 -mfpu=vfpv3 -mfloat-abi=hard -
TRACE::2026-04-18.11:21:29::SCWMssOS::nostartfiles -g -Wall -Wextra -fno-tree-loop-distribute-patterns"

TRACE::2026-04-18.11:21:30::SCWMssOS::"Running Make libs in ps7_cortexa9_0/libsrc/ddrps_v1_2/src"

TRACE::2026-04-18.11:21:30::SCWMssOS::make -C ps7_cortexa9_0/libsrc/ddrps_v1_2/src -s libs  "SHELL=CMD" "COMPILER=arm-none-eabi-gcc" "ASSEMBLER=arm-none-eabi-as" "AR
TRACE::2026-04-18.11:21:30::SCWMssOS::CHIVER=arm-none-eabi-ar" "COMPILER_FLAGS=  -O2 -c" "EXTRA_COMPILER_FLAGS=-mcpu=cortex-a9 -mfpu=vfpv3 -mfloat-abi=hard -nostartf
TRACE::2026-04-18.11:21:30::SCWMssOS::iles -g -Wall -Wextra -fno-tree-loop-distribute-patterns"

TRACE::2026-04-18.11:21:30::SCWMssOS::"Running Make libs in ps7_cortexa9_0/libsrc/devcfg_v3_7/src"

TRACE::2026-04-18.11:21:30::SCWMssOS::make -C ps7_cortexa9_0/libsrc/devcfg_v3_7/src -s libs  "SHELL=CMD" "COMPILER=arm-none-eabi-gcc" "ASSEMBLER=arm-none-eabi-as" "A
TRACE::2026-04-18.11:21:30::SCWMssOS::RCHIVER=arm-none-eabi-ar" "COMPILER_FLAGS=  -O2 -c" "EXTRA_COMPILER_FLAGS=-mcpu=cortex-a9 -mfpu=vfpv3 -mfloat-abi=hard -nostart
TRACE::2026-04-18.11:21:30::SCWMssOS::files -g -Wall -Wextra -fno-tree-loop-distribute-patterns"

TRACE::2026-04-18.11:21:30::SCWMssOS::"Running Make libs in ps7_cortexa9_0/libsrc/dmaps_v2_8/src"

TRACE::2026-04-18.11:21:30::SCWMssOS::make -C ps7_cortexa9_0/libsrc/dmaps_v2_8/src -s libs  "SHELL=CMD" "COMPILER=arm-none-eabi-gcc" "ASSEMBLER=arm-none-eabi-as" "AR
TRACE::2026-04-18.11:21:30::SCWMssOS::CHIVER=arm-none-eabi-ar" "COMPILER_FLAGS=  -O2 -c" "EXTRA_COMPILER_FLAGS=-mcpu=cortex-a9 -mfpu=vfpv3 -mfloat-abi=hard -nostartf
TRACE::2026-04-18.11:21:30::SCWMssOS::iles -g -Wall -Wextra -fno-tree-loop-distribute-patterns"

TRACE::2026-04-18.11:21:30::SCWMssOS::"Running Make libs in ps7_cortexa9_0/libsrc/emacps_v3_18/src"

TRACE::2026-04-18.11:21:30::SCWMssOS::make -C ps7_cortexa9_0/libsrc/emacps_v3_18/src -s libs  "SHELL=CMD" "COMPILER=arm-none-eabi-gcc" "ASSEMBLER=arm-none-eabi-as" "
TRACE::2026-04-18.11:21:30::SCWMssOS::ARCHIVER=arm-none-eabi-ar" "COMPILER_FLAGS=  -O2 -c" "EXTRA_COMPILER_FLAGS=-mcpu=cortex-a9 -mfpu=vfpv3 -mfloat-abi=hard -nostar
TRACE::2026-04-18.11:21:30::SCWMssOS::tfiles -g -Wall -Wextra -fno-tree-loop-distribute-patterns"

TRACE::2026-04-18.11:21:30::SCWMssOS::"Running Make libs in ps7_cortexa9_0/libsrc/gpiops_v3_11/src"

TRACE::2026-04-18.11:21:30::SCWMssOS::make -C ps7_cortexa9_0/libsrc/gpiops_v3_11/src -s libs  "SHELL=CMD" "COMPILER=arm-none-eabi-gcc" "ASSEMBLER=arm-none-eabi-as" "
TRACE::2026-04-18.11:21:30::SCWMssOS::ARCHIVER=arm-none-eabi-ar" "COMPILER_FLAGS=  -O2 -c" "EXTRA_COMPILER_FLAGS=-mcpu=cortex-a9 -mfpu=vfpv3 -mfloat-abi=hard -nostar
TRACE::2026-04-18.11:21:30::SCWMssOS::tfiles -g -Wall -Wextra -fno-tree-loop-distribute-patterns"

TRACE::2026-04-18.11:21:30::SCWMssOS::"Running Make libs in ps7_cortexa9_0/libsrc/iicps_v3_17/src"

TRACE::2026-04-18.11:21:30::SCWMssOS::make -C ps7_cortexa9_0/libsrc/iicps_v3_17/src -s libs  "SHELL=CMD" "COMPILER=arm-none-eabi-gcc" "ASSEMBLER=arm-none-eabi-as" "A
TRACE::2026-04-18.11:21:30::SCWMssOS::RCHIVER=arm-none-eabi-ar" "COMPILER_FLAGS=  -O2 -c" "EXTRA_COMPILER_FLAGS=-mcpu=cortex-a9 -mfpu=vfpv3 -mfloat-abi=hard -nostart
TRACE::2026-04-18.11:21:30::SCWMssOS::files -g -Wall -Wextra -fno-tree-loop-distribute-patterns"

TRACE::2026-04-18.11:21:31::SCWMssOS::"Running Make libs in ps7_cortexa9_0/libsrc/qspips_v3_10/src"

TRACE::2026-04-18.11:21:31::SCWMssOS::make -C ps7_cortexa9_0/libsrc/qspips_v3_10/src -s libs  "SHELL=CMD" "COMPILER=arm-none-eabi-gcc" "ASSEMBLER=arm-none-eabi-as" "
TRACE::2026-04-18.11:21:31::SCWMssOS::ARCHIVER=arm-none-eabi-ar" "COMPILER_FLAGS=  -O2 -c" "EXTRA_COMPILER_FLAGS=-mcpu=cortex-a9 -mfpu=vfpv3 -mfloat-abi=hard -nostar
TRACE::2026-04-18.11:21:31::SCWMssOS::tfiles -g -Wall -Wextra -fno-tree-loop-distribute-patterns"

TRACE::2026-04-18.11:21:32::SCWMssOS::"Running Make libs in ps7_cortexa9_0/libsrc/scugic_v5_1/src"

TRACE::2026-04-18.11:21:32::SCWMssOS::make -C ps7_cortexa9_0/libsrc/scugic_v5_1/src -s libs  "SHELL=CMD" "COMPILER=arm-none-eabi-gcc" "ASSEMBLER=arm-none-eabi-as" "A
TRACE::2026-04-18.11:21:32::SCWMssOS::RCHIVER=arm-none-eabi-ar" "COMPILER_FLAGS=  -O2 -c" "EXTRA_COMPILER_FLAGS=-mcpu=cortex-a9 -mfpu=vfpv3 -mfloat-abi=hard -nostart
TRACE::2026-04-18.11:21:32::SCWMssOS::files -g -Wall -Wextra -fno-tree-loop-distribute-patterns"

TRACE::2026-04-18.11:21:33::SCWMssOS::"Running Make libs in ps7_cortexa9_0/libsrc/scutimer_v2_4/src"

TRACE::2026-04-18.11:21:33::SCWMssOS::make -C ps7_cortexa9_0/libsrc/scutimer_v2_4/src -s libs  "SHELL=CMD" "COMPILER=arm-none-eabi-gcc" "ASSEMBLER=arm-none-eabi-as" 
TRACE::2026-04-18.11:21:33::SCWMssOS::"ARCHIVER=arm-none-eabi-ar" "COMPILER_FLAGS=  -O2 -c" "EXTRA_COMPILER_FLAGS=-mcpu=cortex-a9 -mfpu=vfpv3 -mfloat-abi=hard -nosta
TRACE::2026-04-18.11:21:33::SCWMssOS::rtfiles -g -Wall -Wextra -fno-tree-loop-distribute-patterns"

TRACE::2026-04-18.11:21:33::SCWMssOS::"Running Make libs in ps7_cortexa9_0/libsrc/scuwdt_v2_4/src"

TRACE::2026-04-18.11:21:33::SCWMssOS::make -C ps7_cortexa9_0/libsrc/scuwdt_v2_4/src -s libs  "SHELL=CMD" "COMPILER=arm-none-eabi-gcc" "ASSEMBLER=arm-none-eabi-as" "A
TRACE::2026-04-18.11:21:33::SCWMssOS::RCHIVER=arm-none-eabi-ar" "COMPILER_FLAGS=  -O2 -c" "EXTRA_COMPILER_FLAGS=-mcpu=cortex-a9 -mfpu=vfpv3 -mfloat-abi=hard -nostart
TRACE::2026-04-18.11:21:33::SCWMssOS::files -g -Wall -Wextra -fno-tree-loop-distribute-patterns"

TRACE::2026-04-18.11:21:33::SCWMssOS::"Running Make libs in ps7_cortexa9_0/libsrc/sdps_v4_1/src"

TRACE::2026-04-18.11:21:33::SCWMssOS::make -C ps7_cortexa9_0/libsrc/sdps_v4_1/src -s libs  "SHELL=CMD" "COMPILER=arm-none-eabi-gcc" "ASSEMBLER=arm-none-eabi-as" "ARC
TRACE::2026-04-18.11:21:33::SCWMssOS::HIVER=arm-none-eabi-ar" "COMPILER_FLAGS=  -O2 -c" "EXTRA_COMPILER_FLAGS=-mcpu=cortex-a9 -mfpu=vfpv3 -mfloat-abi=hard -nostartfi
TRACE::2026-04-18.11:21:33::SCWMssOS::les -g -Wall -Wextra -fno-tree-loop-distribute-patterns"

TRACE::2026-04-18.11:21:34::SCWMssOS::"Running Make libs in ps7_cortexa9_0/libsrc/standalone_v8_1/src"

TRACE::2026-04-18.11:21:34::SCWMssOS::make -C ps7_cortexa9_0/libsrc/standalone_v8_1/src -s libs  "SHELL=CMD" "COMPILER=arm-none-eabi-gcc" "ASSEMBLER=arm-none-eabi-as
TRACE::2026-04-18.11:21:34::SCWMssOS::" "ARCHIVER=arm-none-eabi-ar" "COMPILER_FLAGS=  -O2 -c" "EXTRA_COMPILER_FLAGS=-mcpu=cortex-a9 -mfpu=vfpv3 -mfloat-abi=hard -nos
TRACE::2026-04-18.11:21:34::SCWMssOS::tartfiles -g -Wall -Wextra -fno-tree-loop-distribute-patterns"

TRACE::2026-04-18.11:21:34::SCWMssOS::"Running Make libs in ps7_cortexa9_0/libsrc/uartps_v3_12/src"

TRACE::2026-04-18.11:21:34::SCWMssOS::make -C ps7_cortexa9_0/libsrc/uartps_v3_12/src -s libs  "SHELL=CMD" "COMPILER=arm-none-eabi-gcc" "ASSEMBLER=arm-none-eabi-as" "
TRACE::2026-04-18.11:21:34::SCWMssOS::ARCHIVER=arm-none-eabi-ar" "COMPILER_FLAGS=  -O2 -c" "EXTRA_COMPILER_FLAGS=-mcpu=cortex-a9 -mfpu=vfpv3 -mfloat-abi=hard -nostar
TRACE::2026-04-18.11:21:34::SCWMssOS::tfiles -g -Wall -Wextra -fno-tree-loop-distribute-patterns"

TRACE::2026-04-18.11:21:35::SCWMssOS::"Running Make libs in ps7_cortexa9_0/libsrc/usbps_v2_7/src"

TRACE::2026-04-18.11:21:35::SCWMssOS::make -C ps7_cortexa9_0/libsrc/usbps_v2_7/src -s libs  "SHELL=CMD" "COMPILER=arm-none-eabi-gcc" "ASSEMBLER=arm-none-eabi-as" "AR
TRACE::2026-04-18.11:21:35::SCWMssOS::CHIVER=arm-none-eabi-ar" "COMPILER_FLAGS=  -O2 -c" "EXTRA_COMPILER_FLAGS=-mcpu=cortex-a9 -mfpu=vfpv3 -mfloat-abi=hard -nostartf
TRACE::2026-04-18.11:21:35::SCWMssOS::iles -g -Wall -Wextra -fno-tree-loop-distribute-patterns"

TRACE::2026-04-18.11:21:35::SCWMssOS::"Running Make libs in ps7_cortexa9_0/libsrc/xadcps_v2_6/src"

TRACE::2026-04-18.11:21:35::SCWMssOS::make -C ps7_cortexa9_0/libsrc/xadcps_v2_6/src -s libs  "SHELL=CMD" "COMPILER=arm-none-eabi-gcc" "ASSEMBLER=arm-none-eabi-as" "A
TRACE::2026-04-18.11:21:35::SCWMssOS::RCHIVER=arm-none-eabi-ar" "COMPILER_FLAGS=  -O2 -c" "EXTRA_COMPILER_FLAGS=-mcpu=cortex-a9 -mfpu=vfpv3 -mfloat-abi=hard -nostart
TRACE::2026-04-18.11:21:35::SCWMssOS::files -g -Wall -Wextra -fno-tree-loop-distribute-patterns"

TRACE::2026-04-18.11:21:40::SCWMssOS::'Finished building libraries parallelly.'

TRACE::2026-04-18.11:21:40::SCWMssOS::make --no-print-directory archive

TRACE::2026-04-18.11:21:40::SCWMssOS::arm-none-eabi-ar -r  ps7_cortexa9_0/lib/libxil.a ps7_cortexa9_0/lib/_exit.o ps7_cortexa9_0/lib/_open.o ps7_cortexa9_0/lib/_sbrk
TRACE::2026-04-18.11:21:40::SCWMssOS::.o ps7_cortexa9_0/lib/abort.o ps7_cortexa9_0/lib/asm_vectors.o ps7_cortexa9_0/lib/boot.o ps7_cortexa9_0/lib/close.o ps7_cortexa
TRACE::2026-04-18.11:21:40::SCWMssOS::9_0/lib/cpputest_time.o ps7_cortexa9_0/lib/cpu_init.o ps7_cortexa9_0/lib/errno.o ps7_cortexa9_0/lib/fcntl.o ps7_cortexa9_0/lib/
TRACE::2026-04-18.11:21:40::SCWMssOS::fstat.o ps7_cortexa9_0/lib/getentropy.o ps7_cortexa9_0/lib/getpid.o ps7_cortexa9_0/lib/inbyte.o ps7_cortexa9_0/lib/isatty.o ps7
TRACE::2026-04-18.11:21:40::SCWMssOS::_cortexa9_0/lib/kill.o ps7_cortexa9_0/lib/lseek.o ps7_cortexa9_0/lib/open.o ps7_cortexa9_0/lib/outbyte.o ps7_cortexa9_0/lib/pri
TRACE::2026-04-18.11:21:40::SCWMssOS::nt.o ps7_cortexa9_0/lib/putnum.o ps7_cortexa9_0/lib/read.o ps7_cortexa9_0/lib/sbrk.o ps7_cortexa9_0/lib/sleep.o ps7_cortexa9_0/
TRACE::2026-04-18.11:21:40::SCWMssOS::lib/time.o ps7_cortexa9_0/lib/translation_table.o ps7_cortexa9_0/lib/unlink.o ps7_cortexa9_0/lib/usleep.o ps7_cortexa9_0/lib/ve
TRACE::2026-04-18.11:21:40::SCWMssOS::ctors.o ps7_cortexa9_0/lib/write.o ps7_cortexa9_0/lib/xadcps.o ps7_cortexa9_0/lib/xadcps_g.o ps7_cortexa9_0/lib/xadcps_intr.o p
TRACE::2026-04-18.11:21:40::SCWMssOS::s7_cortexa9_0/lib/xadcps_selftest.o ps7_cortexa9_0/lib/xadcps_sinit.o ps7_cortexa9_0/lib/xcoresightpsdcc.o ps7_cortexa9_0/lib/x
TRACE::2026-04-18.11:21:40::SCWMssOS::devcfg.o ps7_cortexa9_0/lib/xdevcfg_g.o ps7_cortexa9_0/lib/xdevcfg_hw.o ps7_cortexa9_0/lib/xdevcfg_intr.o ps7_cortexa9_0/lib/xd
TRACE::2026-04-18.11:21:40::SCWMssOS::evcfg_selftest.o ps7_cortexa9_0/lib/xdevcfg_sinit.o ps7_cortexa9_0/lib/xdmaps.o ps7_cortexa9_0/lib/xdmaps_g.o ps7_cortexa9_0/li
TRACE::2026-04-18.11:21:40::SCWMssOS::b/xdmaps_hw.o ps7_cortexa9_0/lib/xdmaps_selftest.o ps7_cortexa9_0/lib/xdmaps_sinit.o ps7_cortexa9_0/lib/xemacps.o ps7_cortexa9_
TRACE::2026-04-18.11:21:40::SCWMssOS::0/lib/xemacps_bdring.o ps7_cortexa9_0/lib/xemacps_control.o ps7_cortexa9_0/lib/xemacps_g.o ps7_cortexa9_0/lib/xemacps_hw.o ps7_
TRACE::2026-04-18.11:21:40::SCWMssOS::cortexa9_0/lib/xemacps_intr.o ps7_cortexa9_0/lib/xemacps_sinit.o ps7_cortexa9_0/lib/xgpiops.o ps7_cortexa9_0/lib/xgpiops_g.o ps
TRACE::2026-04-18.11:21:40::SCWMssOS::7_cortexa9_0/lib/xgpiops_hw.o ps7_cortexa9_0/lib/xgpiops_intr.o ps7_cortexa9_0/lib/xgpiops_selftest.o ps7_cortexa9_0/lib/xgpiop
TRACE::2026-04-18.11:21:40::SCWMssOS::s_sinit.o ps7_cortexa9_0/lib/xiicps.o ps7_cortexa9_0/lib/xiicps_g.o ps7_cortexa9_0/lib/xiicps_hw.o ps7_cortexa9_0/lib/xiicps_in
TRACE::2026-04-18.11:21:40::SCWMssOS::tr.o ps7_cortexa9_0/lib/xiicps_master.o ps7_cortexa9_0/lib/xiicps_options.o ps7_cortexa9_0/lib/xiicps_selftest.o ps7_cortexa9_0
TRACE::2026-04-18.11:21:40::SCWMssOS::/lib/xiicps_sinit.o ps7_cortexa9_0/lib/xiicps_slave.o ps7_cortexa9_0/lib/xiicps_xfer.o ps7_cortexa9_0/lib/xil-crt0.o ps7_cortex
TRACE::2026-04-18.11:21:40::SCWMssOS::a9_0/lib/xil_assert.o ps7_cortexa9_0/lib/xil_cache.o ps7_cortexa9_0/lib/xil_clocking.o ps7_cortexa9_0/lib/xil_exception.o ps7_c
TRACE::2026-04-18.11:21:40::SCWMssOS::ortexa9_0/lib/xil_mem.o ps7_cortexa9_0/lib/xil_misc_psreset_api.o ps7_cortexa9_0/lib/xil_mmu.o ps7_cortexa9_0/lib/xil_printf.o 
TRACE::2026-04-18.11:21:40::SCWMssOS::ps7_cortexa9_0/lib/xil_sleepcommon.o ps7_cortexa9_0/lib/xil_sleeptimer.o ps7_cortexa9_0/lib/xil_spinlock.o ps7_cortexa9_0/lib/x
TRACE::2026-04-18.11:21:40::SCWMssOS::il_testcache.o ps7_cortexa9_0/lib/xil_testio.o ps7_cortexa9_0/lib/xil_testmem.o ps7_cortexa9_0/lib/xil_util.o ps7_cortexa9_0/li
TRACE::2026-04-18.11:21:40::SCWMssOS::b/xinterrupt_wrap.o ps7_cortexa9_0/lib/xl2cc_counter.o ps7_cortexa9_0/lib/xplatform_info.o ps7_cortexa9_0/lib/xpm_counter.o ps7
TRACE::2026-04-18.11:21:40::SCWMssOS::_cortexa9_0/lib/xqspips.o ps7_cortexa9_0/lib/xqspips_g.o ps7_cortexa9_0/lib/xqspips_hw.o ps7_cortexa9_0/lib/xqspips_options.o p
TRACE::2026-04-18.11:21:40::SCWMssOS::s7_cortexa9_0/lib/xqspips_selftest.o ps7_cortexa9_0/lib/xqspips_sinit.o ps7_cortexa9_0/lib/xscugic.o ps7_cortexa9_0/lib/xscugic
TRACE::2026-04-18.11:21:40::SCWMssOS::_g.o ps7_cortexa9_0/lib/xscugic_hw.o ps7_cortexa9_0/lib/xscugic_intr.o ps7_cortexa9_0/lib/xscugic_selftest.o ps7_cortexa9_0/lib
TRACE::2026-04-18.11:21:40::SCWMssOS::/xscugic_sinit.o ps7_cortexa9_0/lib/xscutimer.o ps7_cortexa9_0/lib/xscutimer_g.o ps7_cortexa9_0/lib/xscutimer_selftest.o ps7_co
TRACE::2026-04-18.11:21:40::SCWMssOS::rtexa9_0/lib/xscutimer_sinit.o ps7_cortexa9_0/lib/xscuwdt.o ps7_cortexa9_0/lib/xscuwdt_g.o ps7_cortexa9_0/lib/xscuwdt_selftest.
TRACE::2026-04-18.11:21:40::SCWMssOS::o ps7_cortexa9_0/lib/xscuwdt_sinit.o ps7_cortexa9_0/lib/xsdps.o ps7_cortexa9_0/lib/xsdps_card.o ps7_cortexa9_0/lib/xsdps_g.o ps
TRACE::2026-04-18.11:21:40::SCWMssOS::7_cortexa9_0/lib/xsdps_host.o ps7_cortexa9_0/lib/xsdps_options.o ps7_cortexa9_0/lib/xsdps_sinit.o ps7_cortexa9_0/lib/xtime_l.o 
TRACE::2026-04-18.11:21:40::SCWMssOS::ps7_cortexa9_0/lib/xuartps.o ps7_cortexa9_0/lib/xuartps_g.o ps7_cortexa9_0/lib/xuartps_hw.o ps7_cortexa9_0/lib/xuartps_intr.o p
TRACE::2026-04-18.11:21:40::SCWMssOS::s7_cortexa9_0/lib/xuartps_options.o ps7_cortexa9_0/lib/xuartps_selftest.o ps7_cortexa9_0/lib/xuartps_sinit.o ps7_cortexa9_0/lib
TRACE::2026-04-18.11:21:40::SCWMssOS::/xusbps.o ps7_cortexa9_0/lib/xusbps_endpoint.o ps7_cortexa9_0/lib/xusbps_g.o ps7_cortexa9_0/lib/xusbps_hw.o ps7_cortexa9_0/lib/
TRACE::2026-04-18.11:21:40::SCWMssOS::xusbps_intr.o ps7_cortexa9_0/lib/xusbps_sinit.o

TRACE::2026-04-18.11:21:40::SCWMssOS::'Finished building libraries'

TRACE::2026-04-18.11:21:41::SCWMssOS::Copying to export directory.
TRACE::2026-04-18.11:21:41::SCWMssOS:: Checking if to create the Supporting Applications
TRACE::2026-04-18.11:21:41::SCWMssOS:: No Linux domain exists, trying to generate FSBL 
LOG::2026-04-18.11:21:41::SCWSystem::Completed Processing the domain standalone_domain
LOG::2026-04-18.11:21:41::SCWSystem::Completed Processing the sysconfig project_1_plat1
LOG::2026-04-18.11:21:41::SCWPlatform::Completed generating the artifacts for system configuration project_1_plat1
TRACE::2026-04-18.11:21:41::SCWPlatform::Started preparing the platform 
TRACE::2026-04-18.11:21:41::SCWSystem::Writing the bif file for system config project_1_plat1
TRACE::2026-04-18.11:21:41::SCWSystem::dir created 
TRACE::2026-04-18.11:21:41::SCWSystem::Writing the bif 
TRACE::2026-04-18.11:21:41::SCWPlatform::Started writing the spfm file 
TRACE::2026-04-18.11:21:41::SCWPlatform::Started writing the xpfm file 
TRACE::2026-04-18.11:21:41::SCWPlatform::Completed generating the platform
TRACE::2026-04-18.11:21:41::SCWMssOS::Saving the mss changes C:/Users/kc10b/Vivado/ECE520L/FinalProject/project_1/project_1_vitis/project_1_plat1/zynq_fsbl/zynq_fsbl_bsp/system.mss
TRACE::2026-04-18.11:21:41::SCWMssOS::Found a swdesign opened with the mssfile.
TRACE::2026-04-18.11:21:41::SCWMssOS::Completed writemss as part of save.
TRACE::2026-04-18.11:21:41::SCWMssOS::Commit changes completed.
TRACE::2026-04-18.11:21:41::SCWMssOS::Saving the mss changes C:/Users/kc10b/Vivado/ECE520L/FinalProject/project_1/project_1_vitis/project_1_plat1/ps7_cortexa9_0/standalone_domain/bsp/system.mss
TRACE::2026-04-18.11:21:41::SCWMssOS::Found a swdesign opened with the mssfile.
TRACE::2026-04-18.11:21:41::SCWMssOS::Completed writemss as part of save.
TRACE::2026-04-18.11:21:41::SCWMssOS::Commit changes completed.
TRACE::2026-04-18.11:21:41::SCWPlatform::Trying to open the hw design at C:/Users/kc10b/Vivado/ECE520L/FinalProject/project_1/project_1_vitis/project_1_plat1/hw/design_1_wrapper1.xsa
TRACE::2026-04-18.11:21:41::SCWPlatform::DSA given C:/Users/kc10b/Vivado/ECE520L/FinalProject/project_1/project_1_vitis/project_1_plat1/hw/design_1_wrapper1.xsa
TRACE::2026-04-18.11:21:41::SCWPlatform::DSA absoulate path C:/Users/kc10b/Vivado/ECE520L/FinalProject/project_1/project_1_vitis/project_1_plat1/hw/design_1_wrapper1.xsa
TRACE::2026-04-18.11:21:41::SCWPlatform::DSA directory C:/Users/kc10b/Vivado/ECE520L/FinalProject/project_1/project_1_vitis/project_1_plat1/hw
TRACE::2026-04-18.11:21:41::SCWPlatform:: Platform Path C:/Users/kc10b/Vivado/ECE520L/FinalProject/project_1/project_1_vitis/project_1_plat1/hw/design_1_wrapper1.xsa
TRACE::2026-04-18.11:21:41::SCWPlatform:: Unique name xilinx:zybo-z7-10::0.0
TRACE::2026-04-18.11:21:41::SCWPlatform::Trying to set the existing hwdb with name design_1_wrapper_6
TRACE::2026-04-18.11:21:41::SCWPlatform::Opened existing hwdb design_1_wrapper_6
TRACE::2026-04-18.11:21:41::SCWPlatform::Found the Hw Db part of the input DSA
TRACE::2026-04-18.11:21:41::SCWMssOS::Checking the sw design at  C:/Users/kc10b/Vivado/ECE520L/FinalProject/project_1/project_1_vitis/project_1_plat1/zynq_fsbl/zynq_fsbl_bsp/system.mss
TRACE::2026-04-18.11:21:41::SCWMssOS::DEBUG:  swdes dump  C:/Users/kc10b/Vivado/ECE520L/FinalProject/project_1/project_1_vitis/project_1_plat/ps7_cortexa9_0/standalone_domain/bsp/system.mss|system_0||
C:/Users/kc10b/Vivado/ECE520L/FinalProject/project_1/project_1_vitis/project_1_plat/zynq_fsbl/zynq_fsbl_bsp/system.mss|system||
C:/Users/kc10b/Vivado/ECE520L/FinalProject/project_1/project_1_vitis/project_1_plat1/ps7_cortexa9_0/standalone_domain/bsp/system.mss|system_1||
C:/Users/kc10b/Vivado/ECE520L/FinalProject/project_1/project_1_vitis/project_1_plat1/zynq_fsbl/zynq_fsbl_bsp/system.mss|system_2||

TRACE::2026-04-18.11:21:41::SCWMssOS::Sw design exists and opened at  C:/Users/kc10b/Vivado/ECE520L/FinalProject/project_1/project_1_vitis/project_1_plat1/zynq_fsbl/zynq_fsbl_bsp/system.mss
TRACE::2026-04-18.11:21:41::SCWPlatform::Trying to open the hw design at C:/Users/kc10b/Vivado/ECE520L/FinalProject/project_1/project_1_vitis/project_1_plat1/hw/design_1_wrapper1.xsa
TRACE::2026-04-18.11:21:41::SCWPlatform::DSA given C:/Users/kc10b/Vivado/ECE520L/FinalProject/project_1/project_1_vitis/project_1_plat1/hw/design_1_wrapper1.xsa
TRACE::2026-04-18.11:21:41::SCWPlatform::DSA absoulate path C:/Users/kc10b/Vivado/ECE520L/FinalProject/project_1/project_1_vitis/project_1_plat1/hw/design_1_wrapper1.xsa
TRACE::2026-04-18.11:21:41::SCWPlatform::DSA directory C:/Users/kc10b/Vivado/ECE520L/FinalProject/project_1/project_1_vitis/project_1_plat1/hw
TRACE::2026-04-18.11:21:41::SCWPlatform:: Platform Path C:/Users/kc10b/Vivado/ECE520L/FinalProject/project_1/project_1_vitis/project_1_plat1/hw/design_1_wrapper1.xsa
TRACE::2026-04-18.11:21:41::SCWPlatform:: Unique name xilinx:zybo-z7-10::0.0
TRACE::2026-04-18.11:21:41::SCWPlatform::Trying to set the existing hwdb with name design_1_wrapper_6
TRACE::2026-04-18.11:21:41::SCWPlatform::Opened existing hwdb design_1_wrapper_6
TRACE::2026-04-18.11:21:41::SCWPlatform::Found the Hw Db part of the input DSA
TRACE::2026-04-18.11:21:41::SCWMssOS::Checking the sw design at  C:/Users/kc10b/Vivado/ECE520L/FinalProject/project_1/project_1_vitis/project_1_plat1/ps7_cortexa9_0/standalone_domain/bsp/system.mss
TRACE::2026-04-18.11:21:41::SCWMssOS::DEBUG:  swdes dump  C:/Users/kc10b/Vivado/ECE520L/FinalProject/project_1/project_1_vitis/project_1_plat/ps7_cortexa9_0/standalone_domain/bsp/system.mss|system_0||
C:/Users/kc10b/Vivado/ECE520L/FinalProject/project_1/project_1_vitis/project_1_plat/zynq_fsbl/zynq_fsbl_bsp/system.mss|system||
C:/Users/kc10b/Vivado/ECE520L/FinalProject/project_1/project_1_vitis/project_1_plat1/ps7_cortexa9_0/standalone_domain/bsp/system.mss|system_1||
C:/Users/kc10b/Vivado/ECE520L/FinalProject/project_1/project_1_vitis/project_1_plat1/zynq_fsbl/zynq_fsbl_bsp/system.mss|system_2||

TRACE::2026-04-18.11:21:41::SCWMssOS::Sw design exists and opened at  C:/Users/kc10b/Vivado/ECE520L/FinalProject/project_1/project_1_vitis/project_1_plat1/ps7_cortexa9_0/standalone_domain/bsp/system.mss
TRACE::2026-04-18.11:21:41::SCWWriter::formatted JSON is {
	"platformName":	"project_1_plat1",
	"sprVersion":	"2.0",
	"mode":	"gui",
	"dsaType":	"Fixed",
	"platformDesc":	"project_1_plat1",
	"platHandOff":	"C:/Users/kc10b/Vivado/ECE520L/FinalProject/project_1/design_1_wrapper1.xsa",
	"platIntHandOff":	"<platformDir>/hw/design_1_wrapper1.xsa",
	"deviceType":	"zynq",
	"platIsPrebuiltAutogen":	"false",
	"platIsNoBootBsp":	"false",
	"hasFsblMakeHasChanges":	"false",
	"hasPmufwMakeHasChanges":	"false",
	"fsblExtraCompilerFlags":	"-MMD -MP       -mcpu=cortex-a9 -mfpu=vfpv3 -mfloat-abi=hard ",
	"platPreBuiltFlag":	false,
	"platformSamplesDir":	"",
	"platActiveSys":	"project_1_plat1",
	"systems":	[{
			"systemName":	"project_1_plat1",
			"systemDesc":	"project_1_plat1",
			"sysIsBootAutoGen":	"true",
			"systemDispName":	"project_1_plat1",
			"sysActiveDom":	"standalone_domain",
			"sysDefaultDom":	"standalone_domain",
			"domains":	[{
					"domainName":	"zynq_fsbl",
					"domainDispName":	"zynq_fsbl",
					"domainDesc":	"FSBL Application BSP - Auto Generated.",
					"processors":	"ps7_cortexa9_0",
					"os":	"standalone",
					"sdxOs":	"standalone",
					"debugEnable":	"",
					"domRuntimes":	["cpp"],
					"swRepo":	"",
					"mssOsVer":	"8.1",
					"mssFile":	"",
					"md5Digest":	"220e880f0e95da936ca4d2fda7e55439",
					"compatibleApp":	"zynq_fsbl",
					"domType":	"bootDomain",
					"arch":	"32-bit",
					"appSettings":	{
						"appCompilerFlags":	"",
						"appLinkerFlags":	""
					},
					"addedLibs":	["xilffs:5.0", "xilrsa:1.6"],
					"libOptions":	{
						"libsContainingOptions":	[]
					},
					"changedDrivers":	{
						"axi_gpio_0":	"none:",
						"changedCells":	["axi_gpio_0"]
					},
					"prebuiltLibs":	{
						"prebuiltIncPath":	[],
						"prebuiltLibPath":	[]
					},
					"isolation":	{
					}
				}, {
					"domainName":	"standalone_domain",
					"domainDispName":	"standalone on ps7_cortexa9_0",
					"domainDesc":	"standalone_domain",
					"processors":	"ps7_cortexa9_0",
					"os":	"standalone",
					"sdxOs":	"standalone",
					"qemuArgs":	"<platformDir>/resources/project_1_plat1/standalone_domain/qemu_args.txt",
					"qemuData":	"<platformDir>/resources/project_1_plat1/standalone_domain/qemu",
					"debugEnable":	"False",
					"domRuntimes":	["cpp"],
					"swRepo":	"",
					"mssOsVer":	"8.1",
					"mssFile":	"",
					"md5Digest":	"413498c9eefe058ad8948b4db997813c",
					"compatibleApp":	"",
					"domType":	"mssDomain",
					"appSettings":	{
						"appCompilerFlags":	"",
						"appLinkerFlags":	""
					},
					"addedLibs":	[],
					"libOptions":	{
						"libsContainingOptions":	[]
					},
					"changedDrivers":	{
						"axi_gpio_0":	"none:",
						"changedCells":	["axi_gpio_0"]
					},
					"prebuiltLibs":	{
						"prebuiltIncPath":	[],
						"prebuiltLibPath":	[]
					},
					"isolation":	{
					}
				}]
		}]
}
KEYINFO::2026-04-18.11:21:41::SCWPlatform::updated the xpfm file.
TRACE::2026-04-18.11:21:43::SCWPlatform::Trying to open the hw design at C:/Users/kc10b/Vivado/ECE520L/FinalProject/project_1/project_1_vitis/project_1_plat1/hw/design_1_wrapper1.xsa
TRACE::2026-04-18.11:21:43::SCWPlatform::DSA given C:/Users/kc10b/Vivado/ECE520L/FinalProject/project_1/project_1_vitis/project_1_plat1/hw/design_1_wrapper1.xsa
TRACE::2026-04-18.11:21:43::SCWPlatform::DSA absoulate path C:/Users/kc10b/Vivado/ECE520L/FinalProject/project_1/project_1_vitis/project_1_plat1/hw/design_1_wrapper1.xsa
TRACE::2026-04-18.11:21:43::SCWPlatform::DSA directory C:/Users/kc10b/Vivado/ECE520L/FinalProject/project_1/project_1_vitis/project_1_plat1/hw
TRACE::2026-04-18.11:21:43::SCWPlatform:: Platform Path C:/Users/kc10b/Vivado/ECE520L/FinalProject/project_1/project_1_vitis/project_1_plat1/hw/design_1_wrapper1.xsa
TRACE::2026-04-18.11:21:43::SCWPlatform:: Unique name xilinx:zybo-z7-10::0.0
TRACE::2026-04-18.11:21:43::SCWPlatform::Trying to set the existing hwdb with name design_1_wrapper_6
TRACE::2026-04-18.11:21:43::SCWPlatform::Opened existing hwdb design_1_wrapper_6
TRACE::2026-04-18.11:21:43::SCWPlatform::Found the Hw Db part of the input DSA
TRACE::2026-04-18.11:21:43::SCWMssOS::Checking the sw design at  C:/Users/kc10b/Vivado/ECE520L/FinalProject/project_1/project_1_vitis/project_1_plat1/ps7_cortexa9_0/standalone_domain/bsp/system.mss
TRACE::2026-04-18.11:21:43::SCWMssOS::DEBUG:  swdes dump  C:/Users/kc10b/Vivado/ECE520L/FinalProject/project_1/project_1_vitis/project_1_plat/ps7_cortexa9_0/standalone_domain/bsp/system.mss|system_0||
C:/Users/kc10b/Vivado/ECE520L/FinalProject/project_1/project_1_vitis/project_1_plat/zynq_fsbl/zynq_fsbl_bsp/system.mss|system||
C:/Users/kc10b/Vivado/ECE520L/FinalProject/project_1/project_1_vitis/project_1_plat1/ps7_cortexa9_0/standalone_domain/bsp/system.mss|system_1||
C:/Users/kc10b/Vivado/ECE520L/FinalProject/project_1/project_1_vitis/project_1_plat1/zynq_fsbl/zynq_fsbl_bsp/system.mss|system_2||

TRACE::2026-04-18.11:21:43::SCWMssOS::Sw design exists and opened at  C:/Users/kc10b/Vivado/ECE520L/FinalProject/project_1/project_1_vitis/project_1_plat1/ps7_cortexa9_0/standalone_domain/bsp/system.mss
