TRACE::2026-04-18.10:47:29::SCWPlatform::Trying to open the hw design at C:/Users/kc10b/Vivado/ECE520L/FinalProject/project_1/project_1_vitis/project_1_plat/hw/design_1_wrapper.xsa
TRACE::2026-04-18.10:47:29::SCWPlatform::DSA given C:/Users/kc10b/Vivado/ECE520L/FinalProject/project_1/project_1_vitis/project_1_plat/hw/design_1_wrapper.xsa
TRACE::2026-04-18.10:47:29::SCWPlatform::DSA absoulate path C:/Users/kc10b/Vivado/ECE520L/FinalProject/project_1/project_1_vitis/project_1_plat/hw/design_1_wrapper.xsa
TRACE::2026-04-18.10:47:31::SCWPlatform::DSA directory C:/Users/kc10b/Vivado/ECE520L/FinalProject/project_1/project_1_vitis/project_1_plat/hw
TRACE::2026-04-18.10:47:31::SCWPlatform:: Platform Path C:/Users/kc10b/Vivado/ECE520L/FinalProject/project_1/project_1_vitis/project_1_plat/hw/design_1_wrapper.xsa
TRACE::2026-04-18.10:47:31::SCWPlatform:: Unique name xilinx:zybo-z7-10::0.0
TRACE::2026-04-18.10:47:31::SCWPlatform::Do not have an existing db opened. 
TRACE::2026-04-18.10:47:32::SCWPlatform::Opened new HwDB with name design_1_wrapper_0
TRACE::2026-04-18.10:47:32::SCWWriter::formatted JSON is {
	"platformName":	"project_1_plat",
	"sprVersion":	"2.0",
	"mode":	"gui",
	"dsaType":	"Fixed",
	"platformDesc":	"project_1_plat",
	"platHandOff":	"C:/Users/kc10b/Vivado/ECE520L/FinalProject/project_1/design_1_wrapper.xsa",
	"platIntHandOff":	"<platformDir>/hw/design_1_wrapper.xsa",
	"deviceType":	"zynq",
	"platIsPrebuiltAutogen":	"false",
	"platIsNoBootBsp":	"false",
	"hasFsblMakeHasChanges":	"false",
	"hasPmufwMakeHasChanges":	"false",
	"platPreBuiltFlag":	false,
	"platformSamplesDir":	""
}
TRACE::2026-04-18.10:47:32::SCWWriter::formatted JSON is {
	"platformName":	"project_1_plat",
	"sprVersion":	"2.0",
	"mode":	"gui",
	"dsaType":	"Fixed",
	"platformDesc":	"project_1_plat",
	"platHandOff":	"C:/Users/kc10b/Vivado/ECE520L/FinalProject/project_1/design_1_wrapper.xsa",
	"platIntHandOff":	"<platformDir>/hw/design_1_wrapper.xsa",
	"deviceType":	"zynq",
	"platIsPrebuiltAutogen":	"false",
	"platIsNoBootBsp":	"false",
	"hasFsblMakeHasChanges":	"false",
	"hasPmufwMakeHasChanges":	"false",
	"platPreBuiltFlag":	false,
	"platformSamplesDir":	"",
	"platActiveSys":	"project_1_plat",
	"systems":	[{
			"systemName":	"project_1_plat",
			"systemDesc":	"project_1_plat",
			"sysIsBootAutoGen":	"true",
			"systemDispName":	"project_1_plat"
		}]
}
TRACE::2026-04-18.10:47:32::SCWPlatform::Boot application domains not present, creating them
TRACE::2026-04-18.10:47:32::SCWDomain::checking for install qemu data   : 
TRACE::2026-04-18.10:47:32::SCWDomain:: Using the QEMU Data from install at  : C:/Xilinx/Vitis/2023.1/data/emulation/platforms/zynq/sw/a9_standalone/qemu/
TRACE::2026-04-18.10:47:32::SCWDomain:: Using the QEMU args  from install at  : C:/Xilinx/Vitis/2023.1/data/emulation/platforms/zynq/sw/a9_standalone/qemu/qemu_args.txt
TRACE::2026-04-18.10:47:32::SCWPlatform::Trying to open the hw design at C:/Users/kc10b/Vivado/ECE520L/FinalProject/project_1/project_1_vitis/project_1_plat/hw/design_1_wrapper.xsa
TRACE::2026-04-18.10:47:32::SCWPlatform::DSA given C:/Users/kc10b/Vivado/ECE520L/FinalProject/project_1/project_1_vitis/project_1_plat/hw/design_1_wrapper.xsa
TRACE::2026-04-18.10:47:32::SCWPlatform::DSA absoulate path C:/Users/kc10b/Vivado/ECE520L/FinalProject/project_1/project_1_vitis/project_1_plat/hw/design_1_wrapper.xsa
TRACE::2026-04-18.10:47:32::SCWPlatform::DSA directory C:/Users/kc10b/Vivado/ECE520L/FinalProject/project_1/project_1_vitis/project_1_plat/hw
TRACE::2026-04-18.10:47:32::SCWPlatform:: Platform Path C:/Users/kc10b/Vivado/ECE520L/FinalProject/project_1/project_1_vitis/project_1_plat/hw/design_1_wrapper.xsa
TRACE::2026-04-18.10:47:32::SCWPlatform:: Unique name xilinx:zybo-z7-10::0.0
TRACE::2026-04-18.10:47:32::SCWPlatform::Trying to set the existing hwdb with name design_1_wrapper_0
TRACE::2026-04-18.10:47:32::SCWPlatform::Opened existing hwdb design_1_wrapper_0
TRACE::2026-04-18.10:47:32::SCWPlatform::Found the Hw Db part of the input DSA
TRACE::2026-04-18.10:47:32::SCWPlatform::Trying to open the hw design at C:/Users/kc10b/Vivado/ECE520L/FinalProject/project_1/project_1_vitis/project_1_plat/hw/design_1_wrapper.xsa
TRACE::2026-04-18.10:47:32::SCWPlatform::DSA given C:/Users/kc10b/Vivado/ECE520L/FinalProject/project_1/project_1_vitis/project_1_plat/hw/design_1_wrapper.xsa
TRACE::2026-04-18.10:47:32::SCWPlatform::DSA absoulate path C:/Users/kc10b/Vivado/ECE520L/FinalProject/project_1/project_1_vitis/project_1_plat/hw/design_1_wrapper.xsa
TRACE::2026-04-18.10:47:32::SCWPlatform::DSA directory C:/Users/kc10b/Vivado/ECE520L/FinalProject/project_1/project_1_vitis/project_1_plat/hw
TRACE::2026-04-18.10:47:32::SCWPlatform:: Platform Path C:/Users/kc10b/Vivado/ECE520L/FinalProject/project_1/project_1_vitis/project_1_plat/hw/design_1_wrapper.xsa
TRACE::2026-04-18.10:47:32::SCWPlatform:: Unique name xilinx:zybo-z7-10::0.0
TRACE::2026-04-18.10:47:32::SCWPlatform::Trying to set the existing hwdb with name design_1_wrapper_0
TRACE::2026-04-18.10:47:32::SCWPlatform::Opened existing hwdb design_1_wrapper_0
TRACE::2026-04-18.10:47:32::SCWPlatform::Found the Hw Db part of the input DSA
TRACE::2026-04-18.10:47:32::SCWPlatform::Trying to open the hw design at C:/Users/kc10b/Vivado/ECE520L/FinalProject/project_1/project_1_vitis/project_1_plat/hw/design_1_wrapper.xsa
TRACE::2026-04-18.10:47:32::SCWPlatform::DSA given C:/Users/kc10b/Vivado/ECE520L/FinalProject/project_1/project_1_vitis/project_1_plat/hw/design_1_wrapper.xsa
TRACE::2026-04-18.10:47:32::SCWPlatform::DSA absoulate path C:/Users/kc10b/Vivado/ECE520L/FinalProject/project_1/project_1_vitis/project_1_plat/hw/design_1_wrapper.xsa
TRACE::2026-04-18.10:47:32::SCWPlatform::DSA directory C:/Users/kc10b/Vivado/ECE520L/FinalProject/project_1/project_1_vitis/project_1_plat/hw
TRACE::2026-04-18.10:47:32::SCWPlatform:: Platform Path C:/Users/kc10b/Vivado/ECE520L/FinalProject/project_1/project_1_vitis/project_1_plat/hw/design_1_wrapper.xsa
TRACE::2026-04-18.10:47:32::SCWPlatform:: Unique name xilinx:zybo-z7-10::0.0
TRACE::2026-04-18.10:47:32::SCWPlatform::Trying to set the existing hwdb with name design_1_wrapper_0
TRACE::2026-04-18.10:47:32::SCWPlatform::Opened existing hwdb design_1_wrapper_0
TRACE::2026-04-18.10:47:32::SCWPlatform::Found the Hw Db part of the input DSA
TRACE::2026-04-18.10:47:32::SCWPlatform::Boot application domain added for zynq_fsbl
TRACE::2026-04-18.10:47:32::SCWPlatform::Generating the sources  .
TRACE::2026-04-18.10:47:32::SCWBDomain::Generating boot domain sources.
TRACE::2026-04-18.10:47:32::SCWBDomain:: Generating the zynq_fsbl Application.
TRACE::2026-04-18.10:47:32::SCWPlatform::Trying to open the hw design at C:/Users/kc10b/Vivado/ECE520L/FinalProject/project_1/project_1_vitis/project_1_plat/hw/design_1_wrapper.xsa
TRACE::2026-04-18.10:47:32::SCWPlatform::DSA given C:/Users/kc10b/Vivado/ECE520L/FinalProject/project_1/project_1_vitis/project_1_plat/hw/design_1_wrapper.xsa
TRACE::2026-04-18.10:47:32::SCWPlatform::DSA absoulate path C:/Users/kc10b/Vivado/ECE520L/FinalProject/project_1/project_1_vitis/project_1_plat/hw/design_1_wrapper.xsa
TRACE::2026-04-18.10:47:32::SCWPlatform::DSA directory C:/Users/kc10b/Vivado/ECE520L/FinalProject/project_1/project_1_vitis/project_1_plat/hw
TRACE::2026-04-18.10:47:32::SCWPlatform:: Platform Path C:/Users/kc10b/Vivado/ECE520L/FinalProject/project_1/project_1_vitis/project_1_plat/hw/design_1_wrapper.xsa
TRACE::2026-04-18.10:47:32::SCWPlatform:: Unique name xilinx:zybo-z7-10::0.0
TRACE::2026-04-18.10:47:32::SCWPlatform::Trying to set the existing hwdb with name design_1_wrapper_0
TRACE::2026-04-18.10:47:32::SCWPlatform::Opened existing hwdb design_1_wrapper_0
TRACE::2026-04-18.10:47:32::SCWPlatform::Found the Hw Db part of the input DSA
TRACE::2026-04-18.10:47:32::SCWMssOS::Checking the sw design at  C:/Users/kc10b/Vivado/ECE520L/FinalProject/project_1/project_1_vitis/project_1_plat/zynq_fsbl/zynq_fsbl_bsp/system.mss
TRACE::2026-04-18.10:47:32::SCWMssOS::DEBUG:  swdes dump  
TRACE::2026-04-18.10:47:32::SCWMssOS::No sw design opened at  C:/Users/kc10b/Vivado/ECE520L/FinalProject/project_1/project_1_vitis/project_1_plat/zynq_fsbl/zynq_fsbl_bsp/system.mss
TRACE::2026-04-18.10:47:32::SCWMssOS::mss does not exists at C:/Users/kc10b/Vivado/ECE520L/FinalProject/project_1/project_1_vitis/project_1_plat/zynq_fsbl/zynq_fsbl_bsp/system.mss
TRACE::2026-04-18.10:47:32::SCWMssOS::Creating sw design at  C:/Users/kc10b/Vivado/ECE520L/FinalProject/project_1/project_1_vitis/project_1_plat/zynq_fsbl/zynq_fsbl_bsp/system.mss
TRACE::2026-04-18.10:47:32::SCWMssOS::Adding the swdes entry, created swdb C:/Users/kc10b/Vivado/ECE520L/FinalProject/project_1/project_1_vitis/project_1_plat/zynq_fsbl/zynq_fsbl_bsp/system.mss with des name C:/Users/kc10b/Vivado/ECE520L/FinalProject/project_1/project_1_vitis/project_1_plat/zynq_fsbl/zynq_fsbl_bsp/system.mss
TRACE::2026-04-18.10:47:32::SCWMssOS::updating the scw layer changes to swdes at   C:/Users/kc10b/Vivado/ECE520L/FinalProject/project_1/project_1_vitis/project_1_plat/zynq_fsbl/zynq_fsbl_bsp/system.mss
TRACE::2026-04-18.10:47:32::SCWMssOS::Writing mss at C:/Users/kc10b/Vivado/ECE520L/FinalProject/project_1/project_1_vitis/project_1_plat/zynq_fsbl/zynq_fsbl_bsp/system.mss
TRACE::2026-04-18.10:47:32::SCWMssOS::Completed writing the mss file at C:/Users/kc10b/Vivado/ECE520L/FinalProject/project_1/project_1_vitis/project_1_plat/zynq_fsbl/zynq_fsbl_bsp
TRACE::2026-04-18.10:47:32::SCWMssOS::Picking up changes from newly written mss file into SCW Layer. 
TRACE::2026-04-18.10:47:32::SCWMssOS::Updated the changes from newly written mss file into SCW Layer. 
TRACE::2026-04-18.10:47:32::SCWBDomain::Completed writing the mss file at C:/Users/kc10b/Vivado/ECE520L/FinalProject/project_1/project_1_vitis/project_1_plat/zynq_fsbl/zynq_fsbl_bsp
TRACE::2026-04-18.10:47:38::SCWPlatform::Generating sources Done.
TRACE::2026-04-18.10:47:38::SCWPlatform::Trying to open the hw design at C:/Users/kc10b/Vivado/ECE520L/FinalProject/project_1/project_1_vitis/project_1_plat/hw/design_1_wrapper.xsa
TRACE::2026-04-18.10:47:38::SCWPlatform::DSA given C:/Users/kc10b/Vivado/ECE520L/FinalProject/project_1/project_1_vitis/project_1_plat/hw/design_1_wrapper.xsa
TRACE::2026-04-18.10:47:38::SCWPlatform::DSA absoulate path C:/Users/kc10b/Vivado/ECE520L/FinalProject/project_1/project_1_vitis/project_1_plat/hw/design_1_wrapper.xsa
TRACE::2026-04-18.10:47:38::SCWPlatform::DSA directory C:/Users/kc10b/Vivado/ECE520L/FinalProject/project_1/project_1_vitis/project_1_plat/hw
TRACE::2026-04-18.10:47:38::SCWPlatform:: Platform Path C:/Users/kc10b/Vivado/ECE520L/FinalProject/project_1/project_1_vitis/project_1_plat/hw/design_1_wrapper.xsa
TRACE::2026-04-18.10:47:38::SCWPlatform:: Unique name xilinx:zybo-z7-10::0.0
TRACE::2026-04-18.10:47:38::SCWPlatform::Trying to set the existing hwdb with name design_1_wrapper_0
TRACE::2026-04-18.10:47:38::SCWPlatform::Opened existing hwdb design_1_wrapper_0
TRACE::2026-04-18.10:47:38::SCWPlatform::Found the Hw Db part of the input DSA
TRACE::2026-04-18.10:47:38::SCWMssOS::Checking the sw design at  C:/Users/kc10b/Vivado/ECE520L/FinalProject/project_1/project_1_vitis/project_1_plat/zynq_fsbl/zynq_fsbl_bsp/system.mss
TRACE::2026-04-18.10:47:38::SCWMssOS::DEBUG:  swdes dump  
TRACE::2026-04-18.10:47:38::SCWMssOS::No sw design opened at  C:/Users/kc10b/Vivado/ECE520L/FinalProject/project_1/project_1_vitis/project_1_plat/zynq_fsbl/zynq_fsbl_bsp/system.mss
TRACE::2026-04-18.10:47:38::SCWMssOS::mss exists loading the mss file  C:/Users/kc10b/Vivado/ECE520L/FinalProject/project_1/project_1_vitis/project_1_plat/zynq_fsbl/zynq_fsbl_bsp/system.mss
TRACE::2026-04-18.10:47:38::SCWMssOS::Opened the sw design from mss  C:/Users/kc10b/Vivado/ECE520L/FinalProject/project_1/project_1_vitis/project_1_plat/zynq_fsbl/zynq_fsbl_bsp/system.mss
TRACE::2026-04-18.10:47:38::SCWMssOS::Adding the swdes entry C:/Users/kc10b/Vivado/ECE520L/FinalProject/project_1/project_1_vitis/project_1_plat/zynq_fsbl/zynq_fsbl_bsp/system.mss with des name system
TRACE::2026-04-18.10:47:38::SCWMssOS::updating the scw layer about changes
TRACE::2026-04-18.10:47:39::SCWMssOS::Opened the sw design.  C:/Users/kc10b/Vivado/ECE520L/FinalProject/project_1/project_1_vitis/project_1_plat/zynq_fsbl/zynq_fsbl_bsp/system.mss
TRACE::2026-04-18.10:47:39::SCWMssOS::Saving the mss changes C:/Users/kc10b/Vivado/ECE520L/FinalProject/project_1/project_1_vitis/project_1_plat/zynq_fsbl/zynq_fsbl_bsp/system.mss
TRACE::2026-04-18.10:47:39::SCWMssOS::Found a swdesign opened with the mssfile.
TRACE::2026-04-18.10:47:39::SCWMssOS::Completed writemss as part of save.
TRACE::2026-04-18.10:47:39::SCWMssOS::Commit changes completed.
TRACE::2026-04-18.10:47:39::SCWPlatform::Trying to open the hw design at C:/Users/kc10b/Vivado/ECE520L/FinalProject/project_1/project_1_vitis/project_1_plat/hw/design_1_wrapper.xsa
TRACE::2026-04-18.10:47:39::SCWPlatform::DSA given C:/Users/kc10b/Vivado/ECE520L/FinalProject/project_1/project_1_vitis/project_1_plat/hw/design_1_wrapper.xsa
TRACE::2026-04-18.10:47:39::SCWPlatform::DSA absoulate path C:/Users/kc10b/Vivado/ECE520L/FinalProject/project_1/project_1_vitis/project_1_plat/hw/design_1_wrapper.xsa
TRACE::2026-04-18.10:47:39::SCWPlatform::DSA directory C:/Users/kc10b/Vivado/ECE520L/FinalProject/project_1/project_1_vitis/project_1_plat/hw
TRACE::2026-04-18.10:47:39::SCWPlatform:: Platform Path C:/Users/kc10b/Vivado/ECE520L/FinalProject/project_1/project_1_vitis/project_1_plat/hw/design_1_wrapper.xsa
TRACE::2026-04-18.10:47:39::SCWPlatform:: Unique name xilinx:zybo-z7-10::0.0
TRACE::2026-04-18.10:47:39::SCWPlatform::Trying to set the existing hwdb with name design_1_wrapper_0
TRACE::2026-04-18.10:47:39::SCWPlatform::Opened existing hwdb design_1_wrapper_0
TRACE::2026-04-18.10:47:39::SCWPlatform::Found the Hw Db part of the input DSA
TRACE::2026-04-18.10:47:39::SCWMssOS::Checking the sw design at  C:/Users/kc10b/Vivado/ECE520L/FinalProject/project_1/project_1_vitis/project_1_plat/zynq_fsbl/zynq_fsbl_bsp/system.mss
TRACE::2026-04-18.10:47:39::SCWMssOS::DEBUG:  swdes dump  C:/Users/kc10b/Vivado/ECE520L/FinalProject/project_1/project_1_vitis/project_1_plat/zynq_fsbl/zynq_fsbl_bsp/system.mss|system||

TRACE::2026-04-18.10:47:39::SCWMssOS::Sw design exists and opened at  C:/Users/kc10b/Vivado/ECE520L/FinalProject/project_1/project_1_vitis/project_1_plat/zynq_fsbl/zynq_fsbl_bsp/system.mss
TRACE::2026-04-18.10:47:39::SCWPlatform::Trying to open the hw design at C:/Users/kc10b/Vivado/ECE520L/FinalProject/project_1/project_1_vitis/project_1_plat/hw/design_1_wrapper.xsa
TRACE::2026-04-18.10:47:39::SCWPlatform::DSA given C:/Users/kc10b/Vivado/ECE520L/FinalProject/project_1/project_1_vitis/project_1_plat/hw/design_1_wrapper.xsa
TRACE::2026-04-18.10:47:39::SCWPlatform::DSA absoulate path C:/Users/kc10b/Vivado/ECE520L/FinalProject/project_1/project_1_vitis/project_1_plat/hw/design_1_wrapper.xsa
TRACE::2026-04-18.10:47:39::SCWPlatform::DSA directory C:/Users/kc10b/Vivado/ECE520L/FinalProject/project_1/project_1_vitis/project_1_plat/hw
TRACE::2026-04-18.10:47:39::SCWPlatform:: Platform Path C:/Users/kc10b/Vivado/ECE520L/FinalProject/project_1/project_1_vitis/project_1_plat/hw/design_1_wrapper.xsa
TRACE::2026-04-18.10:47:39::SCWPlatform:: Unique name xilinx:zybo-z7-10::0.0
TRACE::2026-04-18.10:47:39::SCWPlatform::Trying to set the existing hwdb with name design_1_wrapper_0
TRACE::2026-04-18.10:47:39::SCWPlatform::Opened existing hwdb design_1_wrapper_0
TRACE::2026-04-18.10:47:39::SCWPlatform::Found the Hw Db part of the input DSA
TRACE::2026-04-18.10:47:39::SCWMssOS::Checking the sw design at  C:/Users/kc10b/Vivado/ECE520L/FinalProject/project_1/project_1_vitis/project_1_plat/zynq_fsbl/zynq_fsbl_bsp/system.mss
TRACE::2026-04-18.10:47:39::SCWMssOS::DEBUG:  swdes dump  C:/Users/kc10b/Vivado/ECE520L/FinalProject/project_1/project_1_vitis/project_1_plat/zynq_fsbl/zynq_fsbl_bsp/system.mss|system||

TRACE::2026-04-18.10:47:39::SCWMssOS::Sw design exists and opened at  C:/Users/kc10b/Vivado/ECE520L/FinalProject/project_1/project_1_vitis/project_1_plat/zynq_fsbl/zynq_fsbl_bsp/system.mss
TRACE::2026-04-18.10:47:39::SCWPlatform::Trying to open the hw design at C:/Users/kc10b/Vivado/ECE520L/FinalProject/project_1/project_1_vitis/project_1_plat/hw/design_1_wrapper.xsa
TRACE::2026-04-18.10:47:39::SCWPlatform::DSA given C:/Users/kc10b/Vivado/ECE520L/FinalProject/project_1/project_1_vitis/project_1_plat/hw/design_1_wrapper.xsa
TRACE::2026-04-18.10:47:39::SCWPlatform::DSA absoulate path C:/Users/kc10b/Vivado/ECE520L/FinalProject/project_1/project_1_vitis/project_1_plat/hw/design_1_wrapper.xsa
TRACE::2026-04-18.10:47:39::SCWPlatform::DSA directory C:/Users/kc10b/Vivado/ECE520L/FinalProject/project_1/project_1_vitis/project_1_plat/hw
TRACE::2026-04-18.10:47:39::SCWPlatform:: Platform Path C:/Users/kc10b/Vivado/ECE520L/FinalProject/project_1/project_1_vitis/project_1_plat/hw/design_1_wrapper.xsa
TRACE::2026-04-18.10:47:39::SCWPlatform:: Unique name xilinx:zybo-z7-10::0.0
TRACE::2026-04-18.10:47:39::SCWPlatform::Trying to set the existing hwdb with name design_1_wrapper_0
TRACE::2026-04-18.10:47:39::SCWPlatform::Opened existing hwdb design_1_wrapper_0
TRACE::2026-04-18.10:47:39::SCWPlatform::Found the Hw Db part of the input DSA
TRACE::2026-04-18.10:47:39::SCWMssOS::Checking the sw design at  C:/Users/kc10b/Vivado/ECE520L/FinalProject/project_1/project_1_vitis/project_1_plat/zynq_fsbl/zynq_fsbl_bsp/system.mss
TRACE::2026-04-18.10:47:39::SCWMssOS::DEBUG:  swdes dump  C:/Users/kc10b/Vivado/ECE520L/FinalProject/project_1/project_1_vitis/project_1_plat/zynq_fsbl/zynq_fsbl_bsp/system.mss|system||

TRACE::2026-04-18.10:47:39::SCWMssOS::Sw design exists and opened at  C:/Users/kc10b/Vivado/ECE520L/FinalProject/project_1/project_1_vitis/project_1_plat/zynq_fsbl/zynq_fsbl_bsp/system.mss
TRACE::2026-04-18.10:47:39::SCWWriter::formatted JSON is {
	"platformName":	"project_1_plat",
	"sprVersion":	"2.0",
	"mode":	"gui",
	"dsaType":	"Fixed",
	"platformDesc":	"project_1_plat",
	"platHandOff":	"C:/Users/kc10b/Vivado/ECE520L/FinalProject/project_1/design_1_wrapper.xsa",
	"platIntHandOff":	"<platformDir>/hw/design_1_wrapper.xsa",
	"deviceType":	"zynq",
	"platIsPrebuiltAutogen":	"false",
	"platIsNoBootBsp":	"false",
	"platFsblTarget":	"ps7_cortexa9_0",
	"hasFsblMakeHasChanges":	"false",
	"hasPmufwMakeHasChanges":	"false",
	"fsblExtraCompilerFlags":	"-MMD -MP       -mcpu=cortex-a9 -mfpu=vfpv3 -mfloat-abi=hard ",
	"platPreBuiltFlag":	false,
	"platformSamplesDir":	"",
	"platActiveSys":	"project_1_plat",
	"systems":	[{
			"systemName":	"project_1_plat",
			"systemDesc":	"project_1_plat",
			"sysIsBootAutoGen":	"true",
			"systemDispName":	"project_1_plat",
			"sysActiveDom":	"zynq_fsbl",
			"sysDefaultDom":	"",
			"domains":	[{
					"domainName":	"zynq_fsbl",
					"domainDispName":	"zynq_fsbl",
					"domainDesc":	"FSBL Application BSP - Auto Generated.",
					"processors":	"ps7_cortexa9_0",
					"os":	"standalone",
					"sdxOs":	"standalone",
					"debugEnable":	"",
					"domRuntimes":	["cpp"],
					"swRepo":	"",
					"mssOsVer":	"8.1",
					"mssFile":	"",
					"md5Digest":	"1323684c4095fbbc921b32dcc7efd326",
					"compatibleApp":	"zynq_fsbl",
					"domType":	"bootDomain",
					"arch":	"32-bit",
					"appSettings":	{
						"appCompilerFlags":	"",
						"appLinkerFlags":	""
					},
					"addedLibs":	["xilffs:5.0", "xilrsa:1.6"],
					"libOptions":	{
						"libsContainingOptions":	[]
					},
					"prebuiltLibs":	{
						"prebuiltIncPath":	[],
						"prebuiltLibPath":	[]
					},
					"isolation":	{
					}
				}]
		}]
}
TRACE::2026-04-18.10:47:39::SCWPlatform::Trying to open the hw design at C:/Users/kc10b/Vivado/ECE520L/FinalProject/project_1/project_1_vitis/project_1_plat/hw/design_1_wrapper.xsa
TRACE::2026-04-18.10:47:39::SCWPlatform::DSA given C:/Users/kc10b/Vivado/ECE520L/FinalProject/project_1/project_1_vitis/project_1_plat/hw/design_1_wrapper.xsa
TRACE::2026-04-18.10:47:39::SCWPlatform::DSA absoulate path C:/Users/kc10b/Vivado/ECE520L/FinalProject/project_1/project_1_vitis/project_1_plat/hw/design_1_wrapper.xsa
TRACE::2026-04-18.10:47:39::SCWPlatform::DSA directory C:/Users/kc10b/Vivado/ECE520L/FinalProject/project_1/project_1_vitis/project_1_plat/hw
TRACE::2026-04-18.10:47:39::SCWPlatform:: Platform Path C:/Users/kc10b/Vivado/ECE520L/FinalProject/project_1/project_1_vitis/project_1_plat/hw/design_1_wrapper.xsa
TRACE::2026-04-18.10:47:39::SCWPlatform:: Unique name xilinx:zybo-z7-10::0.0
TRACE::2026-04-18.10:47:39::SCWPlatform::Trying to set the existing hwdb with name design_1_wrapper_0
TRACE::2026-04-18.10:47:39::SCWPlatform::Opened existing hwdb design_1_wrapper_0
TRACE::2026-04-18.10:47:39::SCWPlatform::Found the Hw Db part of the input DSA
TRACE::2026-04-18.10:47:39::SCWPlatform::Trying to open the hw design at C:/Users/kc10b/Vivado/ECE520L/FinalProject/project_1/project_1_vitis/project_1_plat/hw/design_1_wrapper.xsa
TRACE::2026-04-18.10:47:39::SCWPlatform::DSA given C:/Users/kc10b/Vivado/ECE520L/FinalProject/project_1/project_1_vitis/project_1_plat/hw/design_1_wrapper.xsa
TRACE::2026-04-18.10:47:39::SCWPlatform::DSA absoulate path C:/Users/kc10b/Vivado/ECE520L/FinalProject/project_1/project_1_vitis/project_1_plat/hw/design_1_wrapper.xsa
TRACE::2026-04-18.10:47:39::SCWPlatform::DSA directory C:/Users/kc10b/Vivado/ECE520L/FinalProject/project_1/project_1_vitis/project_1_plat/hw
TRACE::2026-04-18.10:47:39::SCWPlatform:: Platform Path C:/Users/kc10b/Vivado/ECE520L/FinalProject/project_1/project_1_vitis/project_1_plat/hw/design_1_wrapper.xsa
TRACE::2026-04-18.10:47:39::SCWPlatform:: Unique name xilinx:zybo-z7-10::0.0
TRACE::2026-04-18.10:47:39::SCWPlatform::Trying to set the existing hwdb with name design_1_wrapper_0
TRACE::2026-04-18.10:47:39::SCWPlatform::Opened existing hwdb design_1_wrapper_0
TRACE::2026-04-18.10:47:39::SCWPlatform::Found the Hw Db part of the input DSA
TRACE::2026-04-18.10:47:39::SCWDomain::checking for install qemu data   : 
TRACE::2026-04-18.10:47:39::SCWDomain:: Using the QEMU Data from install at  : C:/Xilinx/Vitis/2023.1/data/emulation/platforms/zynq/sw/a9_standalone/qemu/
TRACE::2026-04-18.10:47:39::SCWDomain:: Using the QEMU args  from install at  : C:/Xilinx/Vitis/2023.1/data/emulation/platforms/zynq/sw/a9_standalone/qemu/qemu_args.txt
TRACE::2026-04-18.10:47:39::SCWPlatform::Trying to open the hw design at C:/Users/kc10b/Vivado/ECE520L/FinalProject/project_1/project_1_vitis/project_1_plat/hw/design_1_wrapper.xsa
TRACE::2026-04-18.10:47:39::SCWPlatform::DSA given C:/Users/kc10b/Vivado/ECE520L/FinalProject/project_1/project_1_vitis/project_1_plat/hw/design_1_wrapper.xsa
TRACE::2026-04-18.10:47:39::SCWPlatform::DSA absoulate path C:/Users/kc10b/Vivado/ECE520L/FinalProject/project_1/project_1_vitis/project_1_plat/hw/design_1_wrapper.xsa
TRACE::2026-04-18.10:47:39::SCWPlatform::DSA directory C:/Users/kc10b/Vivado/ECE520L/FinalProject/project_1/project_1_vitis/project_1_plat/hw
TRACE::2026-04-18.10:47:39::SCWPlatform:: Platform Path C:/Users/kc10b/Vivado/ECE520L/FinalProject/project_1/project_1_vitis/project_1_plat/hw/design_1_wrapper.xsa
TRACE::2026-04-18.10:47:39::SCWPlatform:: Unique name xilinx:zybo-z7-10::0.0
TRACE::2026-04-18.10:47:39::SCWPlatform::Trying to set the existing hwdb with name design_1_wrapper_0
TRACE::2026-04-18.10:47:39::SCWPlatform::Opened existing hwdb design_1_wrapper_0
TRACE::2026-04-18.10:47:39::SCWPlatform::Found the Hw Db part of the input DSA
TRACE::2026-04-18.10:47:39::SCWPlatform::Trying to open the hw design at C:/Users/kc10b/Vivado/ECE520L/FinalProject/project_1/project_1_vitis/project_1_plat/hw/design_1_wrapper.xsa
TRACE::2026-04-18.10:47:39::SCWPlatform::DSA given C:/Users/kc10b/Vivado/ECE520L/FinalProject/project_1/project_1_vitis/project_1_plat/hw/design_1_wrapper.xsa
TRACE::2026-04-18.10:47:39::SCWPlatform::DSA absoulate path C:/Users/kc10b/Vivado/ECE520L/FinalProject/project_1/project_1_vitis/project_1_plat/hw/design_1_wrapper.xsa
TRACE::2026-04-18.10:47:39::SCWPlatform::DSA directory C:/Users/kc10b/Vivado/ECE520L/FinalProject/project_1/project_1_vitis/project_1_plat/hw
TRACE::2026-04-18.10:47:39::SCWPlatform:: Platform Path C:/Users/kc10b/Vivado/ECE520L/FinalProject/project_1/project_1_vitis/project_1_plat/hw/design_1_wrapper.xsa
TRACE::2026-04-18.10:47:39::SCWPlatform:: Unique name xilinx:zybo-z7-10::0.0
TRACE::2026-04-18.10:47:39::SCWPlatform::Trying to set the existing hwdb with name design_1_wrapper_0
TRACE::2026-04-18.10:47:39::SCWPlatform::Opened existing hwdb design_1_wrapper_0
TRACE::2026-04-18.10:47:39::SCWPlatform::Found the Hw Db part of the input DSA
TRACE::2026-04-18.10:47:39::SCWDomain::Qemu Directory name is changed from "" to "qemu"
TRACE::2026-04-18.10:47:39::SCWPlatform::Trying to open the hw design at C:/Users/kc10b/Vivado/ECE520L/FinalProject/project_1/project_1_vitis/project_1_plat/hw/design_1_wrapper.xsa
TRACE::2026-04-18.10:47:39::SCWPlatform::DSA given C:/Users/kc10b/Vivado/ECE520L/FinalProject/project_1/project_1_vitis/project_1_plat/hw/design_1_wrapper.xsa
TRACE::2026-04-18.10:47:39::SCWPlatform::DSA absoulate path C:/Users/kc10b/Vivado/ECE520L/FinalProject/project_1/project_1_vitis/project_1_plat/hw/design_1_wrapper.xsa
TRACE::2026-04-18.10:47:39::SCWPlatform::DSA directory C:/Users/kc10b/Vivado/ECE520L/FinalProject/project_1/project_1_vitis/project_1_plat/hw
TRACE::2026-04-18.10:47:39::SCWPlatform:: Platform Path C:/Users/kc10b/Vivado/ECE520L/FinalProject/project_1/project_1_vitis/project_1_plat/hw/design_1_wrapper.xsa
TRACE::2026-04-18.10:47:39::SCWPlatform:: Unique name xilinx:zybo-z7-10::0.0
TRACE::2026-04-18.10:47:39::SCWPlatform::Trying to set the existing hwdb with name design_1_wrapper_0
TRACE::2026-04-18.10:47:39::SCWPlatform::Opened existing hwdb design_1_wrapper_0
TRACE::2026-04-18.10:47:39::SCWPlatform::Found the Hw Db part of the input DSA
TRACE::2026-04-18.10:47:39::SCWMssOS::Checking the sw design at  C:/Users/kc10b/Vivado/ECE520L/FinalProject/project_1/project_1_vitis/project_1_plat/ps7_cortexa9_0/standalone_domain/bsp/system.mss
TRACE::2026-04-18.10:47:39::SCWMssOS::DEBUG:  swdes dump  C:/Users/kc10b/Vivado/ECE520L/FinalProject/project_1/project_1_vitis/project_1_plat/zynq_fsbl/zynq_fsbl_bsp/system.mss|system||

TRACE::2026-04-18.10:47:39::SCWMssOS::No sw design opened at  C:/Users/kc10b/Vivado/ECE520L/FinalProject/project_1/project_1_vitis/project_1_plat/ps7_cortexa9_0/standalone_domain/bsp/system.mss
TRACE::2026-04-18.10:47:39::SCWMssOS::mss does not exists at C:/Users/kc10b/Vivado/ECE520L/FinalProject/project_1/project_1_vitis/project_1_plat/ps7_cortexa9_0/standalone_domain/bsp/system.mss
TRACE::2026-04-18.10:47:39::SCWMssOS::Creating sw design at  C:/Users/kc10b/Vivado/ECE520L/FinalProject/project_1/project_1_vitis/project_1_plat/ps7_cortexa9_0/standalone_domain/bsp/system.mss
TRACE::2026-04-18.10:47:39::SCWMssOS::Adding the swdes entry, created swdb C:/Users/kc10b/Vivado/ECE520L/FinalProject/project_1/project_1_vitis/project_1_plat/ps7_cortexa9_0/standalone_domain/bsp/system.mss with des name C:/Users/kc10b/Vivado/ECE520L/FinalProject/project_1/project_1_vitis/project_1_plat/ps7_cortexa9_0/standalone_domain/bsp/system.mss
TRACE::2026-04-18.10:47:39::SCWMssOS::updating the scw layer changes to swdes at   C:/Users/kc10b/Vivado/ECE520L/FinalProject/project_1/project_1_vitis/project_1_plat/ps7_cortexa9_0/standalone_domain/bsp/system.mss
TRACE::2026-04-18.10:47:39::SCWMssOS::Writing mss at C:/Users/kc10b/Vivado/ECE520L/FinalProject/project_1/project_1_vitis/project_1_plat/ps7_cortexa9_0/standalone_domain/bsp/system.mss
TRACE::2026-04-18.10:47:39::SCWMssOS::Completed writing the mss file at C:/Users/kc10b/Vivado/ECE520L/FinalProject/project_1/project_1_vitis/project_1_plat/ps7_cortexa9_0/standalone_domain/bsp
TRACE::2026-04-18.10:47:39::SCWMssOS::Picking up changes from newly written mss file into SCW Layer. 
TRACE::2026-04-18.10:47:39::SCWMssOS::Updated the changes from newly written mss file into SCW Layer. 
TRACE::2026-04-18.10:47:39::SCWMssOS::Completed writing the mss file at C:/Users/kc10b/Vivado/ECE520L/FinalProject/project_1/project_1_vitis/project_1_plat/ps7_cortexa9_0/standalone_domain/bsp
TRACE::2026-04-18.10:47:39::SCWMssOS::Forcing BSP Sources regeneration.
TRACE::2026-04-18.10:47:40::SCWMssOS::Saving the mss changes C:/Users/kc10b/Vivado/ECE520L/FinalProject/project_1/project_1_vitis/project_1_plat/zynq_fsbl/zynq_fsbl_bsp/system.mss
TRACE::2026-04-18.10:47:40::SCWMssOS::Found a swdesign opened with the mssfile.
TRACE::2026-04-18.10:47:40::SCWMssOS::Completed writemss as part of save.
TRACE::2026-04-18.10:47:40::SCWMssOS::Commit changes completed.
TRACE::2026-04-18.10:47:40::SCWMssOS::Saving the mss changes C:/Users/kc10b/Vivado/ECE520L/FinalProject/project_1/project_1_vitis/project_1_plat/ps7_cortexa9_0/standalone_domain/bsp/system.mss
TRACE::2026-04-18.10:47:40::SCWMssOS::Adding the swdes entry, mss present, able to open swdb C:/Users/kc10b/Vivado/ECE520L/FinalProject/project_1/project_1_vitis/project_1_plat/ps7_cortexa9_0/standalone_domain/bsp/system.mss with des name system_0
TRACE::2026-04-18.10:47:40::SCWMssOS::Writing the mss file completed C:/Users/kc10b/Vivado/ECE520L/FinalProject/project_1/project_1_vitis/project_1_plat/ps7_cortexa9_0/standalone_domain/bsp/system.mss
TRACE::2026-04-18.10:47:40::SCWMssOS::Commit changes completed.
TRACE::2026-04-18.10:47:40::SCWPlatform::Trying to open the hw design at C:/Users/kc10b/Vivado/ECE520L/FinalProject/project_1/project_1_vitis/project_1_plat/hw/design_1_wrapper.xsa
TRACE::2026-04-18.10:47:40::SCWPlatform::DSA given C:/Users/kc10b/Vivado/ECE520L/FinalProject/project_1/project_1_vitis/project_1_plat/hw/design_1_wrapper.xsa
TRACE::2026-04-18.10:47:40::SCWPlatform::DSA absoulate path C:/Users/kc10b/Vivado/ECE520L/FinalProject/project_1/project_1_vitis/project_1_plat/hw/design_1_wrapper.xsa
TRACE::2026-04-18.10:47:40::SCWPlatform::DSA directory C:/Users/kc10b/Vivado/ECE520L/FinalProject/project_1/project_1_vitis/project_1_plat/hw
TRACE::2026-04-18.10:47:40::SCWPlatform:: Platform Path C:/Users/kc10b/Vivado/ECE520L/FinalProject/project_1/project_1_vitis/project_1_plat/hw/design_1_wrapper.xsa
TRACE::2026-04-18.10:47:40::SCWPlatform:: Unique name xilinx:zybo-z7-10::0.0
TRACE::2026-04-18.10:47:40::SCWPlatform::Trying to set the existing hwdb with name design_1_wrapper_0
TRACE::2026-04-18.10:47:40::SCWPlatform::Opened existing hwdb design_1_wrapper_0
TRACE::2026-04-18.10:47:40::SCWPlatform::Found the Hw Db part of the input DSA
TRACE::2026-04-18.10:47:40::SCWMssOS::Checking the sw design at  C:/Users/kc10b/Vivado/ECE520L/FinalProject/project_1/project_1_vitis/project_1_plat/zynq_fsbl/zynq_fsbl_bsp/system.mss
TRACE::2026-04-18.10:47:40::SCWMssOS::DEBUG:  swdes dump  C:/Users/kc10b/Vivado/ECE520L/FinalProject/project_1/project_1_vitis/project_1_plat/ps7_cortexa9_0/standalone_domain/bsp/system.mss|system_0||
C:/Users/kc10b/Vivado/ECE520L/FinalProject/project_1/project_1_vitis/project_1_plat/zynq_fsbl/zynq_fsbl_bsp/system.mss|system||

TRACE::2026-04-18.10:47:40::SCWMssOS::Sw design exists and opened at  C:/Users/kc10b/Vivado/ECE520L/FinalProject/project_1/project_1_vitis/project_1_plat/zynq_fsbl/zynq_fsbl_bsp/system.mss
TRACE::2026-04-18.10:47:40::SCWPlatform::Trying to open the hw design at C:/Users/kc10b/Vivado/ECE520L/FinalProject/project_1/project_1_vitis/project_1_plat/hw/design_1_wrapper.xsa
TRACE::2026-04-18.10:47:40::SCWPlatform::DSA given C:/Users/kc10b/Vivado/ECE520L/FinalProject/project_1/project_1_vitis/project_1_plat/hw/design_1_wrapper.xsa
TRACE::2026-04-18.10:47:40::SCWPlatform::DSA absoulate path C:/Users/kc10b/Vivado/ECE520L/FinalProject/project_1/project_1_vitis/project_1_plat/hw/design_1_wrapper.xsa
TRACE::2026-04-18.10:47:40::SCWPlatform::DSA directory C:/Users/kc10b/Vivado/ECE520L/FinalProject/project_1/project_1_vitis/project_1_plat/hw
TRACE::2026-04-18.10:47:40::SCWPlatform:: Platform Path C:/Users/kc10b/Vivado/ECE520L/FinalProject/project_1/project_1_vitis/project_1_plat/hw/design_1_wrapper.xsa
TRACE::2026-04-18.10:47:40::SCWPlatform:: Unique name xilinx:zybo-z7-10::0.0
TRACE::2026-04-18.10:47:40::SCWPlatform::Trying to set the existing hwdb with name design_1_wrapper_0
TRACE::2026-04-18.10:47:40::SCWPlatform::Opened existing hwdb design_1_wrapper_0
TRACE::2026-04-18.10:47:40::SCWPlatform::Found the Hw Db part of the input DSA
TRACE::2026-04-18.10:47:40::SCWMssOS::Checking the sw design at  C:/Users/kc10b/Vivado/ECE520L/FinalProject/project_1/project_1_vitis/project_1_plat/zynq_fsbl/zynq_fsbl_bsp/system.mss
TRACE::2026-04-18.10:47:40::SCWMssOS::DEBUG:  swdes dump  C:/Users/kc10b/Vivado/ECE520L/FinalProject/project_1/project_1_vitis/project_1_plat/ps7_cortexa9_0/standalone_domain/bsp/system.mss|system_0||
C:/Users/kc10b/Vivado/ECE520L/FinalProject/project_1/project_1_vitis/project_1_plat/zynq_fsbl/zynq_fsbl_bsp/system.mss|system||

TRACE::2026-04-18.10:47:40::SCWMssOS::Sw design exists and opened at  C:/Users/kc10b/Vivado/ECE520L/FinalProject/project_1/project_1_vitis/project_1_plat/zynq_fsbl/zynq_fsbl_bsp/system.mss
TRACE::2026-04-18.10:47:40::SCWPlatform::Trying to open the hw design at C:/Users/kc10b/Vivado/ECE520L/FinalProject/project_1/project_1_vitis/project_1_plat/hw/design_1_wrapper.xsa
TRACE::2026-04-18.10:47:40::SCWPlatform::DSA given C:/Users/kc10b/Vivado/ECE520L/FinalProject/project_1/project_1_vitis/project_1_plat/hw/design_1_wrapper.xsa
TRACE::2026-04-18.10:47:40::SCWPlatform::DSA absoulate path C:/Users/kc10b/Vivado/ECE520L/FinalProject/project_1/project_1_vitis/project_1_plat/hw/design_1_wrapper.xsa
TRACE::2026-04-18.10:47:40::SCWPlatform::DSA directory C:/Users/kc10b/Vivado/ECE520L/FinalProject/project_1/project_1_vitis/project_1_plat/hw
TRACE::2026-04-18.10:47:40::SCWPlatform:: Platform Path C:/Users/kc10b/Vivado/ECE520L/FinalProject/project_1/project_1_vitis/project_1_plat/hw/design_1_wrapper.xsa
TRACE::2026-04-18.10:47:40::SCWPlatform:: Unique name xilinx:zybo-z7-10::0.0
TRACE::2026-04-18.10:47:40::SCWPlatform::Trying to set the existing hwdb with name design_1_wrapper_0
TRACE::2026-04-18.10:47:40::SCWPlatform::Opened existing hwdb design_1_wrapper_0
TRACE::2026-04-18.10:47:40::SCWPlatform::Found the Hw Db part of the input DSA
TRACE::2026-04-18.10:47:40::SCWMssOS::Checking the sw design at  C:/Users/kc10b/Vivado/ECE520L/FinalProject/project_1/project_1_vitis/project_1_plat/zynq_fsbl/zynq_fsbl_bsp/system.mss
TRACE::2026-04-18.10:47:40::SCWMssOS::DEBUG:  swdes dump  C:/Users/kc10b/Vivado/ECE520L/FinalProject/project_1/project_1_vitis/project_1_plat/ps7_cortexa9_0/standalone_domain/bsp/system.mss|system_0||
C:/Users/kc10b/Vivado/ECE520L/FinalProject/project_1/project_1_vitis/project_1_plat/zynq_fsbl/zynq_fsbl_bsp/system.mss|system||

TRACE::2026-04-18.10:47:40::SCWMssOS::Sw design exists and opened at  C:/Users/kc10b/Vivado/ECE520L/FinalProject/project_1/project_1_vitis/project_1_plat/zynq_fsbl/zynq_fsbl_bsp/system.mss
TRACE::2026-04-18.10:47:40::SCWPlatform::Trying to open the hw design at C:/Users/kc10b/Vivado/ECE520L/FinalProject/project_1/project_1_vitis/project_1_plat/hw/design_1_wrapper.xsa
TRACE::2026-04-18.10:47:40::SCWPlatform::DSA given C:/Users/kc10b/Vivado/ECE520L/FinalProject/project_1/project_1_vitis/project_1_plat/hw/design_1_wrapper.xsa
TRACE::2026-04-18.10:47:40::SCWPlatform::DSA absoulate path C:/Users/kc10b/Vivado/ECE520L/FinalProject/project_1/project_1_vitis/project_1_plat/hw/design_1_wrapper.xsa
TRACE::2026-04-18.10:47:40::SCWPlatform::DSA directory C:/Users/kc10b/Vivado/ECE520L/FinalProject/project_1/project_1_vitis/project_1_plat/hw
TRACE::2026-04-18.10:47:40::SCWPlatform:: Platform Path C:/Users/kc10b/Vivado/ECE520L/FinalProject/project_1/project_1_vitis/project_1_plat/hw/design_1_wrapper.xsa
TRACE::2026-04-18.10:47:40::SCWPlatform:: Unique name xilinx:zybo-z7-10::0.0
TRACE::2026-04-18.10:47:40::SCWPlatform::Trying to set the existing hwdb with name design_1_wrapper_0
TRACE::2026-04-18.10:47:40::SCWPlatform::Opened existing hwdb design_1_wrapper_0
TRACE::2026-04-18.10:47:40::SCWPlatform::Found the Hw Db part of the input DSA
TRACE::2026-04-18.10:47:40::SCWMssOS::Checking the sw design at  C:/Users/kc10b/Vivado/ECE520L/FinalProject/project_1/project_1_vitis/project_1_plat/ps7_cortexa9_0/standalone_domain/bsp/system.mss
TRACE::2026-04-18.10:47:40::SCWMssOS::DEBUG:  swdes dump  C:/Users/kc10b/Vivado/ECE520L/FinalProject/project_1/project_1_vitis/project_1_plat/ps7_cortexa9_0/standalone_domain/bsp/system.mss|system_0||
C:/Users/kc10b/Vivado/ECE520L/FinalProject/project_1/project_1_vitis/project_1_plat/zynq_fsbl/zynq_fsbl_bsp/system.mss|system||

TRACE::2026-04-18.10:47:40::SCWMssOS::Sw design exists and opened at  C:/Users/kc10b/Vivado/ECE520L/FinalProject/project_1/project_1_vitis/project_1_plat/ps7_cortexa9_0/standalone_domain/bsp/system.mss
TRACE::2026-04-18.10:47:40::SCWPlatform::Trying to open the hw design at C:/Users/kc10b/Vivado/ECE520L/FinalProject/project_1/project_1_vitis/project_1_plat/hw/design_1_wrapper.xsa
TRACE::2026-04-18.10:47:40::SCWPlatform::DSA given C:/Users/kc10b/Vivado/ECE520L/FinalProject/project_1/project_1_vitis/project_1_plat/hw/design_1_wrapper.xsa
TRACE::2026-04-18.10:47:40::SCWPlatform::DSA absoulate path C:/Users/kc10b/Vivado/ECE520L/FinalProject/project_1/project_1_vitis/project_1_plat/hw/design_1_wrapper.xsa
TRACE::2026-04-18.10:47:40::SCWPlatform::DSA directory C:/Users/kc10b/Vivado/ECE520L/FinalProject/project_1/project_1_vitis/project_1_plat/hw
TRACE::2026-04-18.10:47:40::SCWPlatform:: Platform Path C:/Users/kc10b/Vivado/ECE520L/FinalProject/project_1/project_1_vitis/project_1_plat/hw/design_1_wrapper.xsa
TRACE::2026-04-18.10:47:40::SCWPlatform:: Unique name xilinx:zybo-z7-10::0.0
TRACE::2026-04-18.10:47:40::SCWPlatform::Trying to set the existing hwdb with name design_1_wrapper_0
TRACE::2026-04-18.10:47:40::SCWPlatform::Opened existing hwdb design_1_wrapper_0
TRACE::2026-04-18.10:47:40::SCWPlatform::Found the Hw Db part of the input DSA
TRACE::2026-04-18.10:47:40::SCWMssOS::Checking the sw design at  C:/Users/kc10b/Vivado/ECE520L/FinalProject/project_1/project_1_vitis/project_1_plat/ps7_cortexa9_0/standalone_domain/bsp/system.mss
TRACE::2026-04-18.10:47:40::SCWMssOS::DEBUG:  swdes dump  C:/Users/kc10b/Vivado/ECE520L/FinalProject/project_1/project_1_vitis/project_1_plat/ps7_cortexa9_0/standalone_domain/bsp/system.mss|system_0||
C:/Users/kc10b/Vivado/ECE520L/FinalProject/project_1/project_1_vitis/project_1_plat/zynq_fsbl/zynq_fsbl_bsp/system.mss|system||

TRACE::2026-04-18.10:47:40::SCWMssOS::Sw design exists and opened at  C:/Users/kc10b/Vivado/ECE520L/FinalProject/project_1/project_1_vitis/project_1_plat/ps7_cortexa9_0/standalone_domain/bsp/system.mss
TRACE::2026-04-18.10:47:40::SCWPlatform::Trying to open the hw design at C:/Users/kc10b/Vivado/ECE520L/FinalProject/project_1/project_1_vitis/project_1_plat/hw/design_1_wrapper.xsa
TRACE::2026-04-18.10:47:40::SCWPlatform::DSA given C:/Users/kc10b/Vivado/ECE520L/FinalProject/project_1/project_1_vitis/project_1_plat/hw/design_1_wrapper.xsa
TRACE::2026-04-18.10:47:40::SCWPlatform::DSA absoulate path C:/Users/kc10b/Vivado/ECE520L/FinalProject/project_1/project_1_vitis/project_1_plat/hw/design_1_wrapper.xsa
TRACE::2026-04-18.10:47:40::SCWPlatform::DSA directory C:/Users/kc10b/Vivado/ECE520L/FinalProject/project_1/project_1_vitis/project_1_plat/hw
TRACE::2026-04-18.10:47:40::SCWPlatform:: Platform Path C:/Users/kc10b/Vivado/ECE520L/FinalProject/project_1/project_1_vitis/project_1_plat/hw/design_1_wrapper.xsa
TRACE::2026-04-18.10:47:40::SCWPlatform:: Unique name xilinx:zybo-z7-10::0.0
TRACE::2026-04-18.10:47:40::SCWPlatform::Trying to set the existing hwdb with name design_1_wrapper_0
TRACE::2026-04-18.10:47:40::SCWPlatform::Opened existing hwdb design_1_wrapper_0
TRACE::2026-04-18.10:47:40::SCWPlatform::Found the Hw Db part of the input DSA
TRACE::2026-04-18.10:47:40::SCWMssOS::Checking the sw design at  C:/Users/kc10b/Vivado/ECE520L/FinalProject/project_1/project_1_vitis/project_1_plat/ps7_cortexa9_0/standalone_domain/bsp/system.mss
TRACE::2026-04-18.10:47:40::SCWMssOS::DEBUG:  swdes dump  C:/Users/kc10b/Vivado/ECE520L/FinalProject/project_1/project_1_vitis/project_1_plat/ps7_cortexa9_0/standalone_domain/bsp/system.mss|system_0||
C:/Users/kc10b/Vivado/ECE520L/FinalProject/project_1/project_1_vitis/project_1_plat/zynq_fsbl/zynq_fsbl_bsp/system.mss|system||

TRACE::2026-04-18.10:47:40::SCWMssOS::Sw design exists and opened at  C:/Users/kc10b/Vivado/ECE520L/FinalProject/project_1/project_1_vitis/project_1_plat/ps7_cortexa9_0/standalone_domain/bsp/system.mss
TRACE::2026-04-18.10:47:40::SCWWriter::formatted JSON is {
	"platformName":	"project_1_plat",
	"sprVersion":	"2.0",
	"mode":	"gui",
	"dsaType":	"Fixed",
	"platformDesc":	"project_1_plat",
	"platHandOff":	"C:/Users/kc10b/Vivado/ECE520L/FinalProject/project_1/design_1_wrapper.xsa",
	"platIntHandOff":	"<platformDir>/hw/design_1_wrapper.xsa",
	"deviceType":	"zynq",
	"platIsPrebuiltAutogen":	"false",
	"platIsNoBootBsp":	"false",
	"platFsblTarget":	"ps7_cortexa9_0",
	"hasFsblMakeHasChanges":	"false",
	"hasPmufwMakeHasChanges":	"false",
	"fsblExtraCompilerFlags":	"-MMD -MP       -mcpu=cortex-a9 -mfpu=vfpv3 -mfloat-abi=hard ",
	"platPreBuiltFlag":	false,
	"platformSamplesDir":	"",
	"platActiveSys":	"project_1_plat",
	"systems":	[{
			"systemName":	"project_1_plat",
			"systemDesc":	"project_1_plat",
			"sysIsBootAutoGen":	"true",
			"systemDispName":	"project_1_plat",
			"sysActiveDom":	"standalone_domain",
			"sysDefaultDom":	"standalone_domain",
			"domains":	[{
					"domainName":	"zynq_fsbl",
					"domainDispName":	"zynq_fsbl",
					"domainDesc":	"FSBL Application BSP - Auto Generated.",
					"processors":	"ps7_cortexa9_0",
					"os":	"standalone",
					"sdxOs":	"standalone",
					"debugEnable":	"",
					"domRuntimes":	["cpp"],
					"swRepo":	"",
					"mssOsVer":	"8.1",
					"mssFile":	"",
					"md5Digest":	"1323684c4095fbbc921b32dcc7efd326",
					"compatibleApp":	"zynq_fsbl",
					"domType":	"bootDomain",
					"arch":	"32-bit",
					"appSettings":	{
						"appCompilerFlags":	"",
						"appLinkerFlags":	""
					},
					"addedLibs":	["xilffs:5.0", "xilrsa:1.6"],
					"libOptions":	{
						"libsContainingOptions":	[]
					},
					"prebuiltLibs":	{
						"prebuiltIncPath":	[],
						"prebuiltLibPath":	[]
					},
					"isolation":	{
					}
				}, {
					"domainName":	"standalone_domain",
					"domainDispName":	"standalone_domain",
					"domainDesc":	"standalone_domain",
					"processors":	"ps7_cortexa9_0",
					"os":	"standalone",
					"sdxOs":	"standalone",
					"qemuArgs":	"<platformDir>/resources/project_1_plat/standalone_domain/qemu_args.txt",
					"qemuData":	"<platformDir>/resources/project_1_plat/standalone_domain/qemu",
					"debugEnable":	"False",
					"domRuntimes":	["cpp"],
					"swRepo":	"",
					"mssOsVer":	"8.1",
					"mssFile":	"",
					"md5Digest":	"fe2128fe8c5b487e39e1c2948b2870c6",
					"compatibleApp":	"",
					"domType":	"mssDomain",
					"appSettings":	{
						"appCompilerFlags":	"",
						"appLinkerFlags":	""
					},
					"addedLibs":	[],
					"libOptions":	{
						"libsContainingOptions":	[]
					},
					"prebuiltLibs":	{
						"prebuiltIncPath":	[],
						"prebuiltLibPath":	[]
					},
					"isolation":	{
					}
				}]
		}]
}
LOG::2026-04-18.10:47:40::SCWPlatform::Started generating the artifacts platform project_1_plat
TRACE::2026-04-18.10:47:40::SCWPlatform::Sanity checking of platform is completed
LOG::2026-04-18.10:47:40::SCWPlatform::Started generating the artifacts for system configuration project_1_plat
LOG::2026-04-18.10:47:40::SCWSystem::Checking the domain zynq_fsbl
LOG::2026-04-18.10:47:40::SCWSystem::Doing application build for :  zynq_fsbl
TRACE::2026-04-18.10:47:40::SCWBDomain::Not a forced makefile updation, No changes are present. 
TRACE::2026-04-18.10:47:40::SCWDomain::Skipping the build for domain :  zynq_fsbl
LOG::2026-04-18.10:47:40::SCWSystem::Checking the domain standalone_domain
LOG::2026-04-18.10:47:40::SCWSystem::Not a boot domain 
LOG::2026-04-18.10:47:40::SCWSystem::Started Processing the domain standalone_domain
TRACE::2026-04-18.10:47:40::SCWDomain::Generating domain artifcats
TRACE::2026-04-18.10:47:40::SCWMssOS::Generating standalone artifcats
TRACE::2026-04-18.10:47:40::SCWMssOS::Copying the qemu file from  C:/Users/kc10b/Vivado/ECE520L/FinalProject/project_1/project_1_vitis/project_1_plat/resources/project_1_plat/standalone_domain/qemu_args.txt To C:/Users/kc10b/Vivado/ECE520L/FinalProject/project_1/project_1_vitis/project_1_plat/export/project_1_plat/sw/project_1_plat/qemu/
TRACE::2026-04-18.10:47:40::SCWMssOS::Copying the qemu file from  C:/Users/kc10b/Vivado/ECE520L/FinalProject/project_1/project_1_vitis/project_1_plat/resources/project_1_plat/standalone_domain/qemu_args.txt To C:/Users/kc10b/Vivado/ECE520L/FinalProject/project_1/project_1_vitis/project_1_plat/export/project_1_plat/sw/project_1_plat/standalone_domain/qemu/
TRACE::2026-04-18.10:47:40::SCWMssOS:: Copying the user libraries. 
TRACE::2026-04-18.10:47:40::SCWPlatform::Trying to open the hw design at C:/Users/kc10b/Vivado/ECE520L/FinalProject/project_1/project_1_vitis/project_1_plat/hw/design_1_wrapper.xsa
TRACE::2026-04-18.10:47:40::SCWPlatform::DSA given C:/Users/kc10b/Vivado/ECE520L/FinalProject/project_1/project_1_vitis/project_1_plat/hw/design_1_wrapper.xsa
TRACE::2026-04-18.10:47:40::SCWPlatform::DSA absoulate path C:/Users/kc10b/Vivado/ECE520L/FinalProject/project_1/project_1_vitis/project_1_plat/hw/design_1_wrapper.xsa
TRACE::2026-04-18.10:47:40::SCWPlatform::DSA directory C:/Users/kc10b/Vivado/ECE520L/FinalProject/project_1/project_1_vitis/project_1_plat/hw
TRACE::2026-04-18.10:47:40::SCWPlatform:: Platform Path C:/Users/kc10b/Vivado/ECE520L/FinalProject/project_1/project_1_vitis/project_1_plat/hw/design_1_wrapper.xsa
TRACE::2026-04-18.10:47:40::SCWPlatform:: Unique name xilinx:zybo-z7-10::0.0
TRACE::2026-04-18.10:47:40::SCWPlatform::Trying to set the existing hwdb with name design_1_wrapper_0
TRACE::2026-04-18.10:47:40::SCWPlatform::Opened existing hwdb design_1_wrapper_0
TRACE::2026-04-18.10:47:40::SCWPlatform::Found the Hw Db part of the input DSA
TRACE::2026-04-18.10:47:40::SCWMssOS::Checking the sw design at  C:/Users/kc10b/Vivado/ECE520L/FinalProject/project_1/project_1_vitis/project_1_plat/ps7_cortexa9_0/standalone_domain/bsp/system.mss
TRACE::2026-04-18.10:47:40::SCWMssOS::DEBUG:  swdes dump  C:/Users/kc10b/Vivado/ECE520L/FinalProject/project_1/project_1_vitis/project_1_plat/ps7_cortexa9_0/standalone_domain/bsp/system.mss|system_0||
C:/Users/kc10b/Vivado/ECE520L/FinalProject/project_1/project_1_vitis/project_1_plat/zynq_fsbl/zynq_fsbl_bsp/system.mss|system||

TRACE::2026-04-18.10:47:40::SCWMssOS::Sw design exists and opened at  C:/Users/kc10b/Vivado/ECE520L/FinalProject/project_1/project_1_vitis/project_1_plat/ps7_cortexa9_0/standalone_domain/bsp/system.mss
TRACE::2026-04-18.10:47:40::SCWMssOS::Completed writing the mss file at C:/Users/kc10b/Vivado/ECE520L/FinalProject/project_1/project_1_vitis/project_1_plat/ps7_cortexa9_0/standalone_domain/bsp
TRACE::2026-04-18.10:47:40::SCWMssOS::Mss edits present, copying mssfile into export location C:/Users/kc10b/Vivado/ECE520L/FinalProject/project_1/project_1_vitis/project_1_plat/ps7_cortexa9_0/standalone_domain/bsp/system.mss
TRACE::2026-04-18.10:47:40::SCWMssOS::bsp generated is upto date with the mss file. Skipping bsp generation.
TRACE::2026-04-18.10:47:40::SCWMssOS::BSP is already built. skipping the bsp build ... 
TRACE::2026-04-18.10:47:40::SCWDomain::Skipping the build for domain :  standalone_domain
TRACE::2026-04-18.10:47:40::SCWMssOS::skipping the bsp build ... 
TRACE::2026-04-18.10:47:40::SCWMssOS::Copying to export directory.
TRACE::2026-04-18.10:47:40::SCWMssOS:: Checking if to create the Supporting Applications
TRACE::2026-04-18.10:47:40::SCWMssOS:: No Linux domain exists, trying to generate FSBL 
TRACE::2026-04-18.10:47:40::SCWMssOS:: Completed Standalone Artifacts creation 
LOG::2026-04-18.10:47:40::SCWSystem::Completed Processing the domain standalone_domain
LOG::2026-04-18.10:47:40::SCWSystem::Completed Processing the sysconfig project_1_plat
LOG::2026-04-18.10:47:40::SCWPlatform::Completed generating the artifacts for system configuration project_1_plat
TRACE::2026-04-18.10:47:40::SCWPlatform::Started preparing the platform 
TRACE::2026-04-18.10:47:40::SCWSystem::Writing the bif file for system config project_1_plat
TRACE::2026-04-18.10:47:40::SCWSystem::dir created 
TRACE::2026-04-18.10:47:40::SCWSystem::Writing the bif 
TRACE::2026-04-18.10:47:40::SCWPlatform::Started writing the spfm file 
TRACE::2026-04-18.10:47:40::SCWPlatform::Started writing the xpfm file 
TRACE::2026-04-18.10:47:40::SCWPlatform::Completed generating the platform
TRACE::2026-04-18.10:47:40::SCWMssOS::Saving the mss changes C:/Users/kc10b/Vivado/ECE520L/FinalProject/project_1/project_1_vitis/project_1_plat/zynq_fsbl/zynq_fsbl_bsp/system.mss
TRACE::2026-04-18.10:47:40::SCWMssOS::Found a swdesign opened with the mssfile.
TRACE::2026-04-18.10:47:40::SCWMssOS::Completed writemss as part of save.
TRACE::2026-04-18.10:47:40::SCWMssOS::Commit changes completed.
TRACE::2026-04-18.10:47:40::SCWMssOS::Saving the mss changes C:/Users/kc10b/Vivado/ECE520L/FinalProject/project_1/project_1_vitis/project_1_plat/ps7_cortexa9_0/standalone_domain/bsp/system.mss
TRACE::2026-04-18.10:47:40::SCWMssOS::Found a swdesign opened with the mssfile.
TRACE::2026-04-18.10:47:40::SCWMssOS::Completed writemss as part of save.
TRACE::2026-04-18.10:47:40::SCWMssOS::Commit changes completed.
TRACE::2026-04-18.10:47:40::SCWPlatform::Trying to open the hw design at C:/Users/kc10b/Vivado/ECE520L/FinalProject/project_1/project_1_vitis/project_1_plat/hw/design_1_wrapper.xsa
TRACE::2026-04-18.10:47:40::SCWPlatform::DSA given C:/Users/kc10b/Vivado/ECE520L/FinalProject/project_1/project_1_vitis/project_1_plat/hw/design_1_wrapper.xsa
TRACE::2026-04-18.10:47:40::SCWPlatform::DSA absoulate path C:/Users/kc10b/Vivado/ECE520L/FinalProject/project_1/project_1_vitis/project_1_plat/hw/design_1_wrapper.xsa
TRACE::2026-04-18.10:47:40::SCWPlatform::DSA directory C:/Users/kc10b/Vivado/ECE520L/FinalProject/project_1/project_1_vitis/project_1_plat/hw
TRACE::2026-04-18.10:47:40::SCWPlatform:: Platform Path C:/Users/kc10b/Vivado/ECE520L/FinalProject/project_1/project_1_vitis/project_1_plat/hw/design_1_wrapper.xsa
TRACE::2026-04-18.10:47:40::SCWPlatform:: Unique name xilinx:zybo-z7-10::0.0
TRACE::2026-04-18.10:47:40::SCWPlatform::Trying to set the existing hwdb with name design_1_wrapper_0
TRACE::2026-04-18.10:47:40::SCWPlatform::Opened existing hwdb design_1_wrapper_0
TRACE::2026-04-18.10:47:40::SCWPlatform::Found the Hw Db part of the input DSA
TRACE::2026-04-18.10:47:40::SCWMssOS::Checking the sw design at  C:/Users/kc10b/Vivado/ECE520L/FinalProject/project_1/project_1_vitis/project_1_plat/zynq_fsbl/zynq_fsbl_bsp/system.mss
TRACE::2026-04-18.10:47:40::SCWMssOS::DEBUG:  swdes dump  C:/Users/kc10b/Vivado/ECE520L/FinalProject/project_1/project_1_vitis/project_1_plat/ps7_cortexa9_0/standalone_domain/bsp/system.mss|system_0||
C:/Users/kc10b/Vivado/ECE520L/FinalProject/project_1/project_1_vitis/project_1_plat/zynq_fsbl/zynq_fsbl_bsp/system.mss|system||

TRACE::2026-04-18.10:47:40::SCWMssOS::Sw design exists and opened at  C:/Users/kc10b/Vivado/ECE520L/FinalProject/project_1/project_1_vitis/project_1_plat/zynq_fsbl/zynq_fsbl_bsp/system.mss
TRACE::2026-04-18.10:47:40::SCWPlatform::Trying to open the hw design at C:/Users/kc10b/Vivado/ECE520L/FinalProject/project_1/project_1_vitis/project_1_plat/hw/design_1_wrapper.xsa
TRACE::2026-04-18.10:47:40::SCWPlatform::DSA given C:/Users/kc10b/Vivado/ECE520L/FinalProject/project_1/project_1_vitis/project_1_plat/hw/design_1_wrapper.xsa
TRACE::2026-04-18.10:47:40::SCWPlatform::DSA absoulate path C:/Users/kc10b/Vivado/ECE520L/FinalProject/project_1/project_1_vitis/project_1_plat/hw/design_1_wrapper.xsa
TRACE::2026-04-18.10:47:40::SCWPlatform::DSA directory C:/Users/kc10b/Vivado/ECE520L/FinalProject/project_1/project_1_vitis/project_1_plat/hw
TRACE::2026-04-18.10:47:40::SCWPlatform:: Platform Path C:/Users/kc10b/Vivado/ECE520L/FinalProject/project_1/project_1_vitis/project_1_plat/hw/design_1_wrapper.xsa
TRACE::2026-04-18.10:47:40::SCWPlatform:: Unique name xilinx:zybo-z7-10::0.0
TRACE::2026-04-18.10:47:40::SCWPlatform::Trying to set the existing hwdb with name design_1_wrapper_0
TRACE::2026-04-18.10:47:40::SCWPlatform::Opened existing hwdb design_1_wrapper_0
TRACE::2026-04-18.10:47:40::SCWPlatform::Found the Hw Db part of the input DSA
TRACE::2026-04-18.10:47:40::SCWMssOS::Checking the sw design at  C:/Users/kc10b/Vivado/ECE520L/FinalProject/project_1/project_1_vitis/project_1_plat/zynq_fsbl/zynq_fsbl_bsp/system.mss
TRACE::2026-04-18.10:47:40::SCWMssOS::DEBUG:  swdes dump  C:/Users/kc10b/Vivado/ECE520L/FinalProject/project_1/project_1_vitis/project_1_plat/ps7_cortexa9_0/standalone_domain/bsp/system.mss|system_0||
C:/Users/kc10b/Vivado/ECE520L/FinalProject/project_1/project_1_vitis/project_1_plat/zynq_fsbl/zynq_fsbl_bsp/system.mss|system||

TRACE::2026-04-18.10:47:40::SCWMssOS::Sw design exists and opened at  C:/Users/kc10b/Vivado/ECE520L/FinalProject/project_1/project_1_vitis/project_1_plat/zynq_fsbl/zynq_fsbl_bsp/system.mss
TRACE::2026-04-18.10:47:40::SCWPlatform::Trying to open the hw design at C:/Users/kc10b/Vivado/ECE520L/FinalProject/project_1/project_1_vitis/project_1_plat/hw/design_1_wrapper.xsa
TRACE::2026-04-18.10:47:40::SCWPlatform::DSA given C:/Users/kc10b/Vivado/ECE520L/FinalProject/project_1/project_1_vitis/project_1_plat/hw/design_1_wrapper.xsa
TRACE::2026-04-18.10:47:40::SCWPlatform::DSA absoulate path C:/Users/kc10b/Vivado/ECE520L/FinalProject/project_1/project_1_vitis/project_1_plat/hw/design_1_wrapper.xsa
TRACE::2026-04-18.10:47:40::SCWPlatform::DSA directory C:/Users/kc10b/Vivado/ECE520L/FinalProject/project_1/project_1_vitis/project_1_plat/hw
TRACE::2026-04-18.10:47:40::SCWPlatform:: Platform Path C:/Users/kc10b/Vivado/ECE520L/FinalProject/project_1/project_1_vitis/project_1_plat/hw/design_1_wrapper.xsa
TRACE::2026-04-18.10:47:40::SCWPlatform:: Unique name xilinx:zybo-z7-10::0.0
TRACE::2026-04-18.10:47:40::SCWPlatform::Trying to set the existing hwdb with name design_1_wrapper_0
TRACE::2026-04-18.10:47:40::SCWPlatform::Opened existing hwdb design_1_wrapper_0
TRACE::2026-04-18.10:47:40::SCWPlatform::Found the Hw Db part of the input DSA
TRACE::2026-04-18.10:47:40::SCWMssOS::Checking the sw design at  C:/Users/kc10b/Vivado/ECE520L/FinalProject/project_1/project_1_vitis/project_1_plat/zynq_fsbl/zynq_fsbl_bsp/system.mss
TRACE::2026-04-18.10:47:40::SCWMssOS::DEBUG:  swdes dump  C:/Users/kc10b/Vivado/ECE520L/FinalProject/project_1/project_1_vitis/project_1_plat/ps7_cortexa9_0/standalone_domain/bsp/system.mss|system_0||
C:/Users/kc10b/Vivado/ECE520L/FinalProject/project_1/project_1_vitis/project_1_plat/zynq_fsbl/zynq_fsbl_bsp/system.mss|system||

TRACE::2026-04-18.10:47:40::SCWMssOS::Sw design exists and opened at  C:/Users/kc10b/Vivado/ECE520L/FinalProject/project_1/project_1_vitis/project_1_plat/zynq_fsbl/zynq_fsbl_bsp/system.mss
TRACE::2026-04-18.10:47:40::SCWPlatform::Trying to open the hw design at C:/Users/kc10b/Vivado/ECE520L/FinalProject/project_1/project_1_vitis/project_1_plat/hw/design_1_wrapper.xsa
TRACE::2026-04-18.10:47:40::SCWPlatform::DSA given C:/Users/kc10b/Vivado/ECE520L/FinalProject/project_1/project_1_vitis/project_1_plat/hw/design_1_wrapper.xsa
TRACE::2026-04-18.10:47:40::SCWPlatform::DSA absoulate path C:/Users/kc10b/Vivado/ECE520L/FinalProject/project_1/project_1_vitis/project_1_plat/hw/design_1_wrapper.xsa
TRACE::2026-04-18.10:47:40::SCWPlatform::DSA directory C:/Users/kc10b/Vivado/ECE520L/FinalProject/project_1/project_1_vitis/project_1_plat/hw
TRACE::2026-04-18.10:47:40::SCWPlatform:: Platform Path C:/Users/kc10b/Vivado/ECE520L/FinalProject/project_1/project_1_vitis/project_1_plat/hw/design_1_wrapper.xsa
TRACE::2026-04-18.10:47:40::SCWPlatform:: Unique name xilinx:zybo-z7-10::0.0
TRACE::2026-04-18.10:47:40::SCWPlatform::Trying to set the existing hwdb with name design_1_wrapper_0
TRACE::2026-04-18.10:47:40::SCWPlatform::Opened existing hwdb design_1_wrapper_0
TRACE::2026-04-18.10:47:40::SCWPlatform::Found the Hw Db part of the input DSA
TRACE::2026-04-18.10:47:40::SCWMssOS::Checking the sw design at  C:/Users/kc10b/Vivado/ECE520L/FinalProject/project_1/project_1_vitis/project_1_plat/ps7_cortexa9_0/standalone_domain/bsp/system.mss
TRACE::2026-04-18.10:47:40::SCWMssOS::DEBUG:  swdes dump  C:/Users/kc10b/Vivado/ECE520L/FinalProject/project_1/project_1_vitis/project_1_plat/ps7_cortexa9_0/standalone_domain/bsp/system.mss|system_0||
C:/Users/kc10b/Vivado/ECE520L/FinalProject/project_1/project_1_vitis/project_1_plat/zynq_fsbl/zynq_fsbl_bsp/system.mss|system||

TRACE::2026-04-18.10:47:40::SCWMssOS::Sw design exists and opened at  C:/Users/kc10b/Vivado/ECE520L/FinalProject/project_1/project_1_vitis/project_1_plat/ps7_cortexa9_0/standalone_domain/bsp/system.mss
TRACE::2026-04-18.10:47:40::SCWPlatform::Trying to open the hw design at C:/Users/kc10b/Vivado/ECE520L/FinalProject/project_1/project_1_vitis/project_1_plat/hw/design_1_wrapper.xsa
TRACE::2026-04-18.10:47:40::SCWPlatform::DSA given C:/Users/kc10b/Vivado/ECE520L/FinalProject/project_1/project_1_vitis/project_1_plat/hw/design_1_wrapper.xsa
TRACE::2026-04-18.10:47:40::SCWPlatform::DSA absoulate path C:/Users/kc10b/Vivado/ECE520L/FinalProject/project_1/project_1_vitis/project_1_plat/hw/design_1_wrapper.xsa
TRACE::2026-04-18.10:47:40::SCWPlatform::DSA directory C:/Users/kc10b/Vivado/ECE520L/FinalProject/project_1/project_1_vitis/project_1_plat/hw
TRACE::2026-04-18.10:47:40::SCWPlatform:: Platform Path C:/Users/kc10b/Vivado/ECE520L/FinalProject/project_1/project_1_vitis/project_1_plat/hw/design_1_wrapper.xsa
TRACE::2026-04-18.10:47:40::SCWPlatform:: Unique name xilinx:zybo-z7-10::0.0
TRACE::2026-04-18.10:47:40::SCWPlatform::Trying to set the existing hwdb with name design_1_wrapper_0
TRACE::2026-04-18.10:47:40::SCWPlatform::Opened existing hwdb design_1_wrapper_0
TRACE::2026-04-18.10:47:40::SCWPlatform::Found the Hw Db part of the input DSA
TRACE::2026-04-18.10:47:40::SCWMssOS::Checking the sw design at  C:/Users/kc10b/Vivado/ECE520L/FinalProject/project_1/project_1_vitis/project_1_plat/ps7_cortexa9_0/standalone_domain/bsp/system.mss
TRACE::2026-04-18.10:47:40::SCWMssOS::DEBUG:  swdes dump  C:/Users/kc10b/Vivado/ECE520L/FinalProject/project_1/project_1_vitis/project_1_plat/ps7_cortexa9_0/standalone_domain/bsp/system.mss|system_0||
C:/Users/kc10b/Vivado/ECE520L/FinalProject/project_1/project_1_vitis/project_1_plat/zynq_fsbl/zynq_fsbl_bsp/system.mss|system||

TRACE::2026-04-18.10:47:40::SCWMssOS::Sw design exists and opened at  C:/Users/kc10b/Vivado/ECE520L/FinalProject/project_1/project_1_vitis/project_1_plat/ps7_cortexa9_0/standalone_domain/bsp/system.mss
TRACE::2026-04-18.10:47:40::SCWPlatform::Trying to open the hw design at C:/Users/kc10b/Vivado/ECE520L/FinalProject/project_1/project_1_vitis/project_1_plat/hw/design_1_wrapper.xsa
TRACE::2026-04-18.10:47:40::SCWPlatform::DSA given C:/Users/kc10b/Vivado/ECE520L/FinalProject/project_1/project_1_vitis/project_1_plat/hw/design_1_wrapper.xsa
TRACE::2026-04-18.10:47:40::SCWPlatform::DSA absoulate path C:/Users/kc10b/Vivado/ECE520L/FinalProject/project_1/project_1_vitis/project_1_plat/hw/design_1_wrapper.xsa
TRACE::2026-04-18.10:47:40::SCWPlatform::DSA directory C:/Users/kc10b/Vivado/ECE520L/FinalProject/project_1/project_1_vitis/project_1_plat/hw
TRACE::2026-04-18.10:47:40::SCWPlatform:: Platform Path C:/Users/kc10b/Vivado/ECE520L/FinalProject/project_1/project_1_vitis/project_1_plat/hw/design_1_wrapper.xsa
TRACE::2026-04-18.10:47:40::SCWPlatform:: Unique name xilinx:zybo-z7-10::0.0
TRACE::2026-04-18.10:47:40::SCWPlatform::Trying to set the existing hwdb with name design_1_wrapper_0
TRACE::2026-04-18.10:47:40::SCWPlatform::Opened existing hwdb design_1_wrapper_0
TRACE::2026-04-18.10:47:40::SCWPlatform::Found the Hw Db part of the input DSA
TRACE::2026-04-18.10:47:40::SCWMssOS::Checking the sw design at  C:/Users/kc10b/Vivado/ECE520L/FinalProject/project_1/project_1_vitis/project_1_plat/ps7_cortexa9_0/standalone_domain/bsp/system.mss
TRACE::2026-04-18.10:47:40::SCWMssOS::DEBUG:  swdes dump  C:/Users/kc10b/Vivado/ECE520L/FinalProject/project_1/project_1_vitis/project_1_plat/ps7_cortexa9_0/standalone_domain/bsp/system.mss|system_0||
C:/Users/kc10b/Vivado/ECE520L/FinalProject/project_1/project_1_vitis/project_1_plat/zynq_fsbl/zynq_fsbl_bsp/system.mss|system||

TRACE::2026-04-18.10:47:40::SCWMssOS::Sw design exists and opened at  C:/Users/kc10b/Vivado/ECE520L/FinalProject/project_1/project_1_vitis/project_1_plat/ps7_cortexa9_0/standalone_domain/bsp/system.mss
TRACE::2026-04-18.10:47:40::SCWWriter::formatted JSON is {
	"platformName":	"project_1_plat",
	"sprVersion":	"2.0",
	"mode":	"gui",
	"dsaType":	"Fixed",
	"platformDesc":	"project_1_plat",
	"platHandOff":	"C:/Users/kc10b/Vivado/ECE520L/FinalProject/project_1/design_1_wrapper.xsa",
	"platIntHandOff":	"<platformDir>/hw/design_1_wrapper.xsa",
	"deviceType":	"zynq",
	"platIsPrebuiltAutogen":	"false",
	"platIsNoBootBsp":	"false",
	"platFsblTarget":	"ps7_cortexa9_0",
	"hasFsblMakeHasChanges":	"false",
	"hasPmufwMakeHasChanges":	"false",
	"fsblExtraCompilerFlags":	"-MMD -MP       -mcpu=cortex-a9 -mfpu=vfpv3 -mfloat-abi=hard ",
	"platPreBuiltFlag":	false,
	"platformSamplesDir":	"",
	"platActiveSys":	"project_1_plat",
	"systems":	[{
			"systemName":	"project_1_plat",
			"systemDesc":	"project_1_plat",
			"sysIsBootAutoGen":	"true",
			"systemDispName":	"project_1_plat",
			"sysActiveDom":	"standalone_domain",
			"sysDefaultDom":	"standalone_domain",
			"domains":	[{
					"domainName":	"zynq_fsbl",
					"domainDispName":	"zynq_fsbl",
					"domainDesc":	"FSBL Application BSP - Auto Generated.",
					"processors":	"ps7_cortexa9_0",
					"os":	"standalone",
					"sdxOs":	"standalone",
					"debugEnable":	"",
					"domRuntimes":	["cpp"],
					"swRepo":	"",
					"mssOsVer":	"8.1",
					"mssFile":	"",
					"md5Digest":	"1323684c4095fbbc921b32dcc7efd326",
					"compatibleApp":	"zynq_fsbl",
					"domType":	"bootDomain",
					"arch":	"32-bit",
					"appSettings":	{
						"appCompilerFlags":	"",
						"appLinkerFlags":	""
					},
					"addedLibs":	["xilffs:5.0", "xilrsa:1.6"],
					"libOptions":	{
						"libsContainingOptions":	[]
					},
					"prebuiltLibs":	{
						"prebuiltIncPath":	[],
						"prebuiltLibPath":	[]
					},
					"isolation":	{
					}
				}, {
					"domainName":	"standalone_domain",
					"domainDispName":	"standalone_domain",
					"domainDesc":	"standalone_domain",
					"processors":	"ps7_cortexa9_0",
					"os":	"standalone",
					"sdxOs":	"standalone",
					"qemuArgs":	"<platformDir>/resources/project_1_plat/standalone_domain/qemu_args.txt",
					"qemuData":	"<platformDir>/resources/project_1_plat/standalone_domain/qemu",
					"debugEnable":	"False",
					"domRuntimes":	["cpp"],
					"swRepo":	"",
					"mssOsVer":	"8.1",
					"mssFile":	"",
					"md5Digest":	"fe2128fe8c5b487e39e1c2948b2870c6",
					"compatibleApp":	"",
					"domType":	"mssDomain",
					"appSettings":	{
						"appCompilerFlags":	"",
						"appLinkerFlags":	""
					},
					"addedLibs":	[],
					"libOptions":	{
						"libsContainingOptions":	[]
					},
					"prebuiltLibs":	{
						"prebuiltIncPath":	[],
						"prebuiltLibPath":	[]
					},
					"isolation":	{
					}
				}]
		}]
}
KEYINFO::2026-04-18.10:47:40::SCWPlatform::updated the xpfm file.
TRACE::2026-04-18.10:47:40::SCWPlatform::Trying to open the hw design at C:/Users/kc10b/Vivado/ECE520L/FinalProject/project_1/project_1_vitis/project_1_plat/hw/design_1_wrapper.xsa
TRACE::2026-04-18.10:47:40::SCWPlatform::DSA given C:/Users/kc10b/Vivado/ECE520L/FinalProject/project_1/project_1_vitis/project_1_plat/hw/design_1_wrapper.xsa
TRACE::2026-04-18.10:47:40::SCWPlatform::DSA absoulate path C:/Users/kc10b/Vivado/ECE520L/FinalProject/project_1/project_1_vitis/project_1_plat/hw/design_1_wrapper.xsa
TRACE::2026-04-18.10:47:40::SCWPlatform::DSA directory C:/Users/kc10b/Vivado/ECE520L/FinalProject/project_1/project_1_vitis/project_1_plat/hw
TRACE::2026-04-18.10:47:40::SCWPlatform:: Platform Path C:/Users/kc10b/Vivado/ECE520L/FinalProject/project_1/project_1_vitis/project_1_plat/hw/design_1_wrapper.xsa
TRACE::2026-04-18.10:47:40::SCWPlatform:: Unique name xilinx:zybo-z7-10::0.0
TRACE::2026-04-18.10:47:40::SCWPlatform::Trying to set the existing hwdb with name design_1_wrapper_0
TRACE::2026-04-18.10:47:40::SCWPlatform::Opened existing hwdb design_1_wrapper_0
TRACE::2026-04-18.10:47:40::SCWPlatform::Found the Hw Db part of the input DSA
TRACE::2026-04-18.10:47:40::SCWMssOS::Checking the sw design at  C:/Users/kc10b/Vivado/ECE520L/FinalProject/project_1/project_1_vitis/project_1_plat/ps7_cortexa9_0/standalone_domain/bsp/system.mss
TRACE::2026-04-18.10:47:40::SCWMssOS::DEBUG:  swdes dump  C:/Users/kc10b/Vivado/ECE520L/FinalProject/project_1/project_1_vitis/project_1_plat/ps7_cortexa9_0/standalone_domain/bsp/system.mss|system_0||
C:/Users/kc10b/Vivado/ECE520L/FinalProject/project_1/project_1_vitis/project_1_plat/zynq_fsbl/zynq_fsbl_bsp/system.mss|system||

TRACE::2026-04-18.10:47:40::SCWMssOS::Sw design exists and opened at  C:/Users/kc10b/Vivado/ECE520L/FinalProject/project_1/project_1_vitis/project_1_plat/ps7_cortexa9_0/standalone_domain/bsp/system.mss
TRACE::2026-04-18.10:47:40::SCWMssOS::Saving the mss changes C:/Users/kc10b/Vivado/ECE520L/FinalProject/project_1/project_1_vitis/project_1_plat/zynq_fsbl/zynq_fsbl_bsp/system.mss
TRACE::2026-04-18.10:47:40::SCWMssOS::Found a swdesign opened with the mssfile.
TRACE::2026-04-18.10:47:40::SCWMssOS::Completed writemss as part of save.
TRACE::2026-04-18.10:47:40::SCWMssOS::Commit changes completed.
TRACE::2026-04-18.10:47:40::SCWMssOS::Saving the mss changes C:/Users/kc10b/Vivado/ECE520L/FinalProject/project_1/project_1_vitis/project_1_plat/ps7_cortexa9_0/standalone_domain/bsp/system.mss
TRACE::2026-04-18.10:47:40::SCWMssOS::Found a swdesign opened with the mssfile.
TRACE::2026-04-18.10:47:40::SCWMssOS::Completed writemss as part of save.
TRACE::2026-04-18.10:47:40::SCWMssOS::Commit changes completed.
TRACE::2026-04-18.10:47:40::SCWPlatform::Trying to open the hw design at C:/Users/kc10b/Vivado/ECE520L/FinalProject/project_1/project_1_vitis/project_1_plat/hw/design_1_wrapper.xsa
TRACE::2026-04-18.10:47:40::SCWPlatform::DSA given C:/Users/kc10b/Vivado/ECE520L/FinalProject/project_1/project_1_vitis/project_1_plat/hw/design_1_wrapper.xsa
TRACE::2026-04-18.10:47:40::SCWPlatform::DSA absoulate path C:/Users/kc10b/Vivado/ECE520L/FinalProject/project_1/project_1_vitis/project_1_plat/hw/design_1_wrapper.xsa
TRACE::2026-04-18.10:47:40::SCWPlatform::DSA directory C:/Users/kc10b/Vivado/ECE520L/FinalProject/project_1/project_1_vitis/project_1_plat/hw
TRACE::2026-04-18.10:47:40::SCWPlatform:: Platform Path C:/Users/kc10b/Vivado/ECE520L/FinalProject/project_1/project_1_vitis/project_1_plat/hw/design_1_wrapper.xsa
TRACE::2026-04-18.10:47:40::SCWPlatform:: Unique name xilinx:zybo-z7-10::0.0
TRACE::2026-04-18.10:47:40::SCWPlatform::Trying to set the existing hwdb with name design_1_wrapper_0
TRACE::2026-04-18.10:47:40::SCWPlatform::Opened existing hwdb design_1_wrapper_0
TRACE::2026-04-18.10:47:40::SCWPlatform::Found the Hw Db part of the input DSA
TRACE::2026-04-18.10:47:40::SCWMssOS::Checking the sw design at  C:/Users/kc10b/Vivado/ECE520L/FinalProject/project_1/project_1_vitis/project_1_plat/zynq_fsbl/zynq_fsbl_bsp/system.mss
TRACE::2026-04-18.10:47:40::SCWMssOS::DEBUG:  swdes dump  C:/Users/kc10b/Vivado/ECE520L/FinalProject/project_1/project_1_vitis/project_1_plat/ps7_cortexa9_0/standalone_domain/bsp/system.mss|system_0||
C:/Users/kc10b/Vivado/ECE520L/FinalProject/project_1/project_1_vitis/project_1_plat/zynq_fsbl/zynq_fsbl_bsp/system.mss|system||

TRACE::2026-04-18.10:47:40::SCWMssOS::Sw design exists and opened at  C:/Users/kc10b/Vivado/ECE520L/FinalProject/project_1/project_1_vitis/project_1_plat/zynq_fsbl/zynq_fsbl_bsp/system.mss
TRACE::2026-04-18.10:47:40::SCWPlatform::Trying to open the hw design at C:/Users/kc10b/Vivado/ECE520L/FinalProject/project_1/project_1_vitis/project_1_plat/hw/design_1_wrapper.xsa
TRACE::2026-04-18.10:47:40::SCWPlatform::DSA given C:/Users/kc10b/Vivado/ECE520L/FinalProject/project_1/project_1_vitis/project_1_plat/hw/design_1_wrapper.xsa
TRACE::2026-04-18.10:47:40::SCWPlatform::DSA absoulate path C:/Users/kc10b/Vivado/ECE520L/FinalProject/project_1/project_1_vitis/project_1_plat/hw/design_1_wrapper.xsa
TRACE::2026-04-18.10:47:40::SCWPlatform::DSA directory C:/Users/kc10b/Vivado/ECE520L/FinalProject/project_1/project_1_vitis/project_1_plat/hw
TRACE::2026-04-18.10:47:40::SCWPlatform:: Platform Path C:/Users/kc10b/Vivado/ECE520L/FinalProject/project_1/project_1_vitis/project_1_plat/hw/design_1_wrapper.xsa
TRACE::2026-04-18.10:47:40::SCWPlatform:: Unique name xilinx:zybo-z7-10::0.0
TRACE::2026-04-18.10:47:40::SCWPlatform::Trying to set the existing hwdb with name design_1_wrapper_0
TRACE::2026-04-18.10:47:40::SCWPlatform::Opened existing hwdb design_1_wrapper_0
TRACE::2026-04-18.10:47:40::SCWPlatform::Found the Hw Db part of the input DSA
TRACE::2026-04-18.10:47:40::SCWMssOS::Checking the sw design at  C:/Users/kc10b/Vivado/ECE520L/FinalProject/project_1/project_1_vitis/project_1_plat/zynq_fsbl/zynq_fsbl_bsp/system.mss
TRACE::2026-04-18.10:47:40::SCWMssOS::DEBUG:  swdes dump  C:/Users/kc10b/Vivado/ECE520L/FinalProject/project_1/project_1_vitis/project_1_plat/ps7_cortexa9_0/standalone_domain/bsp/system.mss|system_0||
C:/Users/kc10b/Vivado/ECE520L/FinalProject/project_1/project_1_vitis/project_1_plat/zynq_fsbl/zynq_fsbl_bsp/system.mss|system||

TRACE::2026-04-18.10:47:40::SCWMssOS::Sw design exists and opened at  C:/Users/kc10b/Vivado/ECE520L/FinalProject/project_1/project_1_vitis/project_1_plat/zynq_fsbl/zynq_fsbl_bsp/system.mss
TRACE::2026-04-18.10:47:40::SCWPlatform::Trying to open the hw design at C:/Users/kc10b/Vivado/ECE520L/FinalProject/project_1/project_1_vitis/project_1_plat/hw/design_1_wrapper.xsa
TRACE::2026-04-18.10:47:40::SCWPlatform::DSA given C:/Users/kc10b/Vivado/ECE520L/FinalProject/project_1/project_1_vitis/project_1_plat/hw/design_1_wrapper.xsa
TRACE::2026-04-18.10:47:40::SCWPlatform::DSA absoulate path C:/Users/kc10b/Vivado/ECE520L/FinalProject/project_1/project_1_vitis/project_1_plat/hw/design_1_wrapper.xsa
TRACE::2026-04-18.10:47:40::SCWPlatform::DSA directory C:/Users/kc10b/Vivado/ECE520L/FinalProject/project_1/project_1_vitis/project_1_plat/hw
TRACE::2026-04-18.10:47:40::SCWPlatform:: Platform Path C:/Users/kc10b/Vivado/ECE520L/FinalProject/project_1/project_1_vitis/project_1_plat/hw/design_1_wrapper.xsa
TRACE::2026-04-18.10:47:40::SCWPlatform:: Unique name xilinx:zybo-z7-10::0.0
TRACE::2026-04-18.10:47:40::SCWPlatform::Trying to set the existing hwdb with name design_1_wrapper_0
TRACE::2026-04-18.10:47:40::SCWPlatform::Opened existing hwdb design_1_wrapper_0
TRACE::2026-04-18.10:47:40::SCWPlatform::Found the Hw Db part of the input DSA
TRACE::2026-04-18.10:47:40::SCWMssOS::Checking the sw design at  C:/Users/kc10b/Vivado/ECE520L/FinalProject/project_1/project_1_vitis/project_1_plat/zynq_fsbl/zynq_fsbl_bsp/system.mss
TRACE::2026-04-18.10:47:40::SCWMssOS::DEBUG:  swdes dump  C:/Users/kc10b/Vivado/ECE520L/FinalProject/project_1/project_1_vitis/project_1_plat/ps7_cortexa9_0/standalone_domain/bsp/system.mss|system_0||
C:/Users/kc10b/Vivado/ECE520L/FinalProject/project_1/project_1_vitis/project_1_plat/zynq_fsbl/zynq_fsbl_bsp/system.mss|system||

TRACE::2026-04-18.10:47:40::SCWMssOS::Sw design exists and opened at  C:/Users/kc10b/Vivado/ECE520L/FinalProject/project_1/project_1_vitis/project_1_plat/zynq_fsbl/zynq_fsbl_bsp/system.mss
TRACE::2026-04-18.10:47:40::SCWPlatform::Trying to open the hw design at C:/Users/kc10b/Vivado/ECE520L/FinalProject/project_1/project_1_vitis/project_1_plat/hw/design_1_wrapper.xsa
TRACE::2026-04-18.10:47:40::SCWPlatform::DSA given C:/Users/kc10b/Vivado/ECE520L/FinalProject/project_1/project_1_vitis/project_1_plat/hw/design_1_wrapper.xsa
TRACE::2026-04-18.10:47:40::SCWPlatform::DSA absoulate path C:/Users/kc10b/Vivado/ECE520L/FinalProject/project_1/project_1_vitis/project_1_plat/hw/design_1_wrapper.xsa
TRACE::2026-04-18.10:47:40::SCWPlatform::DSA directory C:/Users/kc10b/Vivado/ECE520L/FinalProject/project_1/project_1_vitis/project_1_plat/hw
TRACE::2026-04-18.10:47:40::SCWPlatform:: Platform Path C:/Users/kc10b/Vivado/ECE520L/FinalProject/project_1/project_1_vitis/project_1_plat/hw/design_1_wrapper.xsa
TRACE::2026-04-18.10:47:40::SCWPlatform:: Unique name xilinx:zybo-z7-10::0.0
TRACE::2026-04-18.10:47:40::SCWPlatform::Trying to set the existing hwdb with name design_1_wrapper_0
TRACE::2026-04-18.10:47:40::SCWPlatform::Opened existing hwdb design_1_wrapper_0
TRACE::2026-04-18.10:47:40::SCWPlatform::Found the Hw Db part of the input DSA
TRACE::2026-04-18.10:47:40::SCWMssOS::Checking the sw design at  C:/Users/kc10b/Vivado/ECE520L/FinalProject/project_1/project_1_vitis/project_1_plat/ps7_cortexa9_0/standalone_domain/bsp/system.mss
TRACE::2026-04-18.10:47:40::SCWMssOS::DEBUG:  swdes dump  C:/Users/kc10b/Vivado/ECE520L/FinalProject/project_1/project_1_vitis/project_1_plat/ps7_cortexa9_0/standalone_domain/bsp/system.mss|system_0||
C:/Users/kc10b/Vivado/ECE520L/FinalProject/project_1/project_1_vitis/project_1_plat/zynq_fsbl/zynq_fsbl_bsp/system.mss|system||

TRACE::2026-04-18.10:47:40::SCWMssOS::Sw design exists and opened at  C:/Users/kc10b/Vivado/ECE520L/FinalProject/project_1/project_1_vitis/project_1_plat/ps7_cortexa9_0/standalone_domain/bsp/system.mss
TRACE::2026-04-18.10:47:40::SCWPlatform::Trying to open the hw design at C:/Users/kc10b/Vivado/ECE520L/FinalProject/project_1/project_1_vitis/project_1_plat/hw/design_1_wrapper.xsa
TRACE::2026-04-18.10:47:40::SCWPlatform::DSA given C:/Users/kc10b/Vivado/ECE520L/FinalProject/project_1/project_1_vitis/project_1_plat/hw/design_1_wrapper.xsa
TRACE::2026-04-18.10:47:40::SCWPlatform::DSA absoulate path C:/Users/kc10b/Vivado/ECE520L/FinalProject/project_1/project_1_vitis/project_1_plat/hw/design_1_wrapper.xsa
TRACE::2026-04-18.10:47:40::SCWPlatform::DSA directory C:/Users/kc10b/Vivado/ECE520L/FinalProject/project_1/project_1_vitis/project_1_plat/hw
TRACE::2026-04-18.10:47:40::SCWPlatform:: Platform Path C:/Users/kc10b/Vivado/ECE520L/FinalProject/project_1/project_1_vitis/project_1_plat/hw/design_1_wrapper.xsa
TRACE::2026-04-18.10:47:40::SCWPlatform:: Unique name xilinx:zybo-z7-10::0.0
TRACE::2026-04-18.10:47:40::SCWPlatform::Trying to set the existing hwdb with name design_1_wrapper_0
TRACE::2026-04-18.10:47:40::SCWPlatform::Opened existing hwdb design_1_wrapper_0
TRACE::2026-04-18.10:47:40::SCWPlatform::Found the Hw Db part of the input DSA
TRACE::2026-04-18.10:47:40::SCWMssOS::Checking the sw design at  C:/Users/kc10b/Vivado/ECE520L/FinalProject/project_1/project_1_vitis/project_1_plat/ps7_cortexa9_0/standalone_domain/bsp/system.mss
TRACE::2026-04-18.10:47:40::SCWMssOS::DEBUG:  swdes dump  C:/Users/kc10b/Vivado/ECE520L/FinalProject/project_1/project_1_vitis/project_1_plat/ps7_cortexa9_0/standalone_domain/bsp/system.mss|system_0||
C:/Users/kc10b/Vivado/ECE520L/FinalProject/project_1/project_1_vitis/project_1_plat/zynq_fsbl/zynq_fsbl_bsp/system.mss|system||

TRACE::2026-04-18.10:47:40::SCWMssOS::Sw design exists and opened at  C:/Users/kc10b/Vivado/ECE520L/FinalProject/project_1/project_1_vitis/project_1_plat/ps7_cortexa9_0/standalone_domain/bsp/system.mss
TRACE::2026-04-18.10:47:40::SCWPlatform::Trying to open the hw design at C:/Users/kc10b/Vivado/ECE520L/FinalProject/project_1/project_1_vitis/project_1_plat/hw/design_1_wrapper.xsa
TRACE::2026-04-18.10:47:40::SCWPlatform::DSA given C:/Users/kc10b/Vivado/ECE520L/FinalProject/project_1/project_1_vitis/project_1_plat/hw/design_1_wrapper.xsa
TRACE::2026-04-18.10:47:40::SCWPlatform::DSA absoulate path C:/Users/kc10b/Vivado/ECE520L/FinalProject/project_1/project_1_vitis/project_1_plat/hw/design_1_wrapper.xsa
TRACE::2026-04-18.10:47:40::SCWPlatform::DSA directory C:/Users/kc10b/Vivado/ECE520L/FinalProject/project_1/project_1_vitis/project_1_plat/hw
TRACE::2026-04-18.10:47:40::SCWPlatform:: Platform Path C:/Users/kc10b/Vivado/ECE520L/FinalProject/project_1/project_1_vitis/project_1_plat/hw/design_1_wrapper.xsa
TRACE::2026-04-18.10:47:40::SCWPlatform:: Unique name xilinx:zybo-z7-10::0.0
TRACE::2026-04-18.10:47:40::SCWPlatform::Trying to set the existing hwdb with name design_1_wrapper_0
TRACE::2026-04-18.10:47:40::SCWPlatform::Opened existing hwdb design_1_wrapper_0
TRACE::2026-04-18.10:47:40::SCWPlatform::Found the Hw Db part of the input DSA
TRACE::2026-04-18.10:47:40::SCWMssOS::Checking the sw design at  C:/Users/kc10b/Vivado/ECE520L/FinalProject/project_1/project_1_vitis/project_1_plat/ps7_cortexa9_0/standalone_domain/bsp/system.mss
TRACE::2026-04-18.10:47:40::SCWMssOS::DEBUG:  swdes dump  C:/Users/kc10b/Vivado/ECE520L/FinalProject/project_1/project_1_vitis/project_1_plat/ps7_cortexa9_0/standalone_domain/bsp/system.mss|system_0||
C:/Users/kc10b/Vivado/ECE520L/FinalProject/project_1/project_1_vitis/project_1_plat/zynq_fsbl/zynq_fsbl_bsp/system.mss|system||

TRACE::2026-04-18.10:47:40::SCWMssOS::Sw design exists and opened at  C:/Users/kc10b/Vivado/ECE520L/FinalProject/project_1/project_1_vitis/project_1_plat/ps7_cortexa9_0/standalone_domain/bsp/system.mss
TRACE::2026-04-18.10:47:40::SCWWriter::formatted JSON is {
	"platformName":	"project_1_plat",
	"sprVersion":	"2.0",
	"mode":	"gui",
	"dsaType":	"Fixed",
	"platformDesc":	"project_1_plat",
	"platHandOff":	"C:/Users/kc10b/Vivado/ECE520L/FinalProject/project_1/design_1_wrapper.xsa",
	"platIntHandOff":	"<platformDir>/hw/design_1_wrapper.xsa",
	"deviceType":	"zynq",
	"platIsPrebuiltAutogen":	"false",
	"platIsNoBootBsp":	"false",
	"platFsblTarget":	"ps7_cortexa9_0",
	"hasFsblMakeHasChanges":	"false",
	"hasPmufwMakeHasChanges":	"false",
	"fsblExtraCompilerFlags":	"-MMD -MP       -mcpu=cortex-a9 -mfpu=vfpv3 -mfloat-abi=hard ",
	"platPreBuiltFlag":	false,
	"platformSamplesDir":	"",
	"platActiveSys":	"project_1_plat",
	"systems":	[{
			"systemName":	"project_1_plat",
			"systemDesc":	"project_1_plat",
			"sysIsBootAutoGen":	"true",
			"systemDispName":	"project_1_plat",
			"sysActiveDom":	"standalone_domain",
			"sysDefaultDom":	"standalone_domain",
			"domains":	[{
					"domainName":	"zynq_fsbl",
					"domainDispName":	"zynq_fsbl",
					"domainDesc":	"FSBL Application BSP - Auto Generated.",
					"processors":	"ps7_cortexa9_0",
					"os":	"standalone",
					"sdxOs":	"standalone",
					"debugEnable":	"",
					"domRuntimes":	["cpp"],
					"swRepo":	"",
					"mssOsVer":	"8.1",
					"mssFile":	"",
					"md5Digest":	"1323684c4095fbbc921b32dcc7efd326",
					"compatibleApp":	"zynq_fsbl",
					"domType":	"bootDomain",
					"arch":	"32-bit",
					"appSettings":	{
						"appCompilerFlags":	"",
						"appLinkerFlags":	""
					},
					"addedLibs":	["xilffs:5.0", "xilrsa:1.6"],
					"libOptions":	{
						"libsContainingOptions":	[]
					},
					"prebuiltLibs":	{
						"prebuiltIncPath":	[],
						"prebuiltLibPath":	[]
					},
					"isolation":	{
					}
				}, {
					"domainName":	"standalone_domain",
					"domainDispName":	"standalone_domain",
					"domainDesc":	"standalone_domain",
					"processors":	"ps7_cortexa9_0",
					"os":	"standalone",
					"sdxOs":	"standalone",
					"qemuArgs":	"<platformDir>/resources/project_1_plat/standalone_domain/qemu_args.txt",
					"qemuData":	"<platformDir>/resources/project_1_plat/standalone_domain/qemu",
					"debugEnable":	"False",
					"domRuntimes":	["cpp"],
					"swRepo":	"",
					"mssOsVer":	"8.1",
					"mssFile":	"",
					"md5Digest":	"fe2128fe8c5b487e39e1c2948b2870c6",
					"compatibleApp":	"",
					"domType":	"mssDomain",
					"appSettings":	{
						"appCompilerFlags":	"",
						"appLinkerFlags":	""
					},
					"addedLibs":	[],
					"libOptions":	{
						"libsContainingOptions":	[]
					},
					"prebuiltLibs":	{
						"prebuiltIncPath":	[],
						"prebuiltLibPath":	[]
					},
					"isolation":	{
					}
				}]
		}]
}
TRACE::2026-04-18.10:47:40::SCWPlatform::Trying to open the hw design at C:/Users/kc10b/Vivado/ECE520L/FinalProject/project_1/project_1_vitis/project_1_plat/hw/design_1_wrapper.xsa
TRACE::2026-04-18.10:47:40::SCWPlatform::DSA given C:/Users/kc10b/Vivado/ECE520L/FinalProject/project_1/project_1_vitis/project_1_plat/hw/design_1_wrapper.xsa
TRACE::2026-04-18.10:47:40::SCWPlatform::DSA absoulate path C:/Users/kc10b/Vivado/ECE520L/FinalProject/project_1/project_1_vitis/project_1_plat/hw/design_1_wrapper.xsa
TRACE::2026-04-18.10:47:40::SCWPlatform::DSA directory C:/Users/kc10b/Vivado/ECE520L/FinalProject/project_1/project_1_vitis/project_1_plat/hw
TRACE::2026-04-18.10:47:40::SCWPlatform:: Platform Path C:/Users/kc10b/Vivado/ECE520L/FinalProject/project_1/project_1_vitis/project_1_plat/hw/design_1_wrapper.xsa
TRACE::2026-04-18.10:47:40::SCWPlatform:: Unique name xilinx:zybo-z7-10::0.0
TRACE::2026-04-18.10:47:40::SCWPlatform::Trying to set the existing hwdb with name design_1_wrapper_0
TRACE::2026-04-18.10:47:40::SCWPlatform::Opened existing hwdb design_1_wrapper_0
TRACE::2026-04-18.10:47:40::SCWPlatform::Found the Hw Db part of the input DSA
TRACE::2026-04-18.10:47:40::SCWMssOS::Checking the sw design at  C:/Users/kc10b/Vivado/ECE520L/FinalProject/project_1/project_1_vitis/project_1_plat/ps7_cortexa9_0/standalone_domain/bsp/system.mss
TRACE::2026-04-18.10:47:40::SCWMssOS::DEBUG:  swdes dump  C:/Users/kc10b/Vivado/ECE520L/FinalProject/project_1/project_1_vitis/project_1_plat/ps7_cortexa9_0/standalone_domain/bsp/system.mss|system_0||
C:/Users/kc10b/Vivado/ECE520L/FinalProject/project_1/project_1_vitis/project_1_plat/zynq_fsbl/zynq_fsbl_bsp/system.mss|system||

TRACE::2026-04-18.10:47:40::SCWMssOS::Sw design exists and opened at  C:/Users/kc10b/Vivado/ECE520L/FinalProject/project_1/project_1_vitis/project_1_plat/ps7_cortexa9_0/standalone_domain/bsp/system.mss
TRACE::2026-04-18.10:47:40::SCWPlatform::Trying to open the hw design at C:/Users/kc10b/Vivado/ECE520L/FinalProject/project_1/project_1_vitis/project_1_plat/hw/design_1_wrapper.xsa
TRACE::2026-04-18.10:47:40::SCWPlatform::DSA given C:/Users/kc10b/Vivado/ECE520L/FinalProject/project_1/project_1_vitis/project_1_plat/hw/design_1_wrapper.xsa
TRACE::2026-04-18.10:47:40::SCWPlatform::DSA absoulate path C:/Users/kc10b/Vivado/ECE520L/FinalProject/project_1/project_1_vitis/project_1_plat/hw/design_1_wrapper.xsa
TRACE::2026-04-18.10:47:40::SCWPlatform::DSA directory C:/Users/kc10b/Vivado/ECE520L/FinalProject/project_1/project_1_vitis/project_1_plat/hw
TRACE::2026-04-18.10:47:40::SCWPlatform:: Platform Path C:/Users/kc10b/Vivado/ECE520L/FinalProject/project_1/project_1_vitis/project_1_plat/hw/design_1_wrapper.xsa
TRACE::2026-04-18.10:47:40::SCWPlatform:: Unique name xilinx:zybo-z7-10::0.0
TRACE::2026-04-18.10:47:40::SCWPlatform::Trying to set the existing hwdb with name design_1_wrapper_0
TRACE::2026-04-18.10:47:40::SCWPlatform::Opened existing hwdb design_1_wrapper_0
TRACE::2026-04-18.10:47:40::SCWPlatform::Found the Hw Db part of the input DSA
TRACE::2026-04-18.10:47:40::SCWMssOS::Checking the sw design at  C:/Users/kc10b/Vivado/ECE520L/FinalProject/project_1/project_1_vitis/project_1_plat/ps7_cortexa9_0/standalone_domain/bsp/system.mss
TRACE::2026-04-18.10:47:40::SCWMssOS::DEBUG:  swdes dump  C:/Users/kc10b/Vivado/ECE520L/FinalProject/project_1/project_1_vitis/project_1_plat/ps7_cortexa9_0/standalone_domain/bsp/system.mss|system_0||
C:/Users/kc10b/Vivado/ECE520L/FinalProject/project_1/project_1_vitis/project_1_plat/zynq_fsbl/zynq_fsbl_bsp/system.mss|system||

TRACE::2026-04-18.10:47:40::SCWMssOS::Sw design exists and opened at  C:/Users/kc10b/Vivado/ECE520L/FinalProject/project_1/project_1_vitis/project_1_plat/ps7_cortexa9_0/standalone_domain/bsp/system.mss
TRACE::2026-04-18.10:47:40::SCWPlatform::Trying to open the hw design at C:/Users/kc10b/Vivado/ECE520L/FinalProject/project_1/project_1_vitis/project_1_plat/hw/design_1_wrapper.xsa
TRACE::2026-04-18.10:47:40::SCWPlatform::DSA given C:/Users/kc10b/Vivado/ECE520L/FinalProject/project_1/project_1_vitis/project_1_plat/hw/design_1_wrapper.xsa
TRACE::2026-04-18.10:47:40::SCWPlatform::DSA absoulate path C:/Users/kc10b/Vivado/ECE520L/FinalProject/project_1/project_1_vitis/project_1_plat/hw/design_1_wrapper.xsa
TRACE::2026-04-18.10:47:40::SCWPlatform::DSA directory C:/Users/kc10b/Vivado/ECE520L/FinalProject/project_1/project_1_vitis/project_1_plat/hw
TRACE::2026-04-18.10:47:40::SCWPlatform:: Platform Path C:/Users/kc10b/Vivado/ECE520L/FinalProject/project_1/project_1_vitis/project_1_plat/hw/design_1_wrapper.xsa
TRACE::2026-04-18.10:47:40::SCWPlatform:: Unique name xilinx:zybo-z7-10::0.0
TRACE::2026-04-18.10:47:40::SCWPlatform::Trying to set the existing hwdb with name design_1_wrapper_0
TRACE::2026-04-18.10:47:40::SCWPlatform::Opened existing hwdb design_1_wrapper_0
TRACE::2026-04-18.10:47:40::SCWPlatform::Found the Hw Db part of the input DSA
TRACE::2026-04-18.10:47:40::SCWMssOS::Checking the sw design at  C:/Users/kc10b/Vivado/ECE520L/FinalProject/project_1/project_1_vitis/project_1_plat/ps7_cortexa9_0/standalone_domain/bsp/system.mss
TRACE::2026-04-18.10:47:40::SCWMssOS::DEBUG:  swdes dump  C:/Users/kc10b/Vivado/ECE520L/FinalProject/project_1/project_1_vitis/project_1_plat/ps7_cortexa9_0/standalone_domain/bsp/system.mss|system_0||
C:/Users/kc10b/Vivado/ECE520L/FinalProject/project_1/project_1_vitis/project_1_plat/zynq_fsbl/zynq_fsbl_bsp/system.mss|system||

TRACE::2026-04-18.10:47:40::SCWMssOS::Sw design exists and opened at  C:/Users/kc10b/Vivado/ECE520L/FinalProject/project_1/project_1_vitis/project_1_plat/ps7_cortexa9_0/standalone_domain/bsp/system.mss
TRACE::2026-04-18.10:47:40::SCWMssOS::Saving the mss changes C:/Users/kc10b/Vivado/ECE520L/FinalProject/project_1/project_1_vitis/project_1_plat/zynq_fsbl/zynq_fsbl_bsp/system.mss
TRACE::2026-04-18.10:47:40::SCWMssOS::Found a swdesign opened with the mssfile.
TRACE::2026-04-18.10:47:40::SCWMssOS::Completed writemss as part of save.
TRACE::2026-04-18.10:47:40::SCWMssOS::Commit changes completed.
TRACE::2026-04-18.10:47:40::SCWMssOS::Saving the mss changes C:/Users/kc10b/Vivado/ECE520L/FinalProject/project_1/project_1_vitis/project_1_plat/ps7_cortexa9_0/standalone_domain/bsp/system.mss
TRACE::2026-04-18.10:47:41::SCWMssOS::Found a swdesign opened with the mssfile.
TRACE::2026-04-18.10:47:41::SCWMssOS::Completed writemss as part of save.
TRACE::2026-04-18.10:47:41::SCWMssOS::Commit changes completed.
TRACE::2026-04-18.10:47:41::SCWPlatform::Trying to open the hw design at C:/Users/kc10b/Vivado/ECE520L/FinalProject/project_1/project_1_vitis/project_1_plat/hw/design_1_wrapper.xsa
TRACE::2026-04-18.10:47:41::SCWPlatform::DSA given C:/Users/kc10b/Vivado/ECE520L/FinalProject/project_1/project_1_vitis/project_1_plat/hw/design_1_wrapper.xsa
TRACE::2026-04-18.10:47:41::SCWPlatform::DSA absoulate path C:/Users/kc10b/Vivado/ECE520L/FinalProject/project_1/project_1_vitis/project_1_plat/hw/design_1_wrapper.xsa
TRACE::2026-04-18.10:47:41::SCWPlatform::DSA directory C:/Users/kc10b/Vivado/ECE520L/FinalProject/project_1/project_1_vitis/project_1_plat/hw
TRACE::2026-04-18.10:47:41::SCWPlatform:: Platform Path C:/Users/kc10b/Vivado/ECE520L/FinalProject/project_1/project_1_vitis/project_1_plat/hw/design_1_wrapper.xsa
TRACE::2026-04-18.10:47:41::SCWPlatform:: Unique name xilinx:zybo-z7-10::0.0
TRACE::2026-04-18.10:47:41::SCWPlatform::Trying to set the existing hwdb with name design_1_wrapper_0
TRACE::2026-04-18.10:47:41::SCWPlatform::Opened existing hwdb design_1_wrapper_0
TRACE::2026-04-18.10:47:41::SCWPlatform::Found the Hw Db part of the input DSA
TRACE::2026-04-18.10:47:41::SCWMssOS::Checking the sw design at  C:/Users/kc10b/Vivado/ECE520L/FinalProject/project_1/project_1_vitis/project_1_plat/zynq_fsbl/zynq_fsbl_bsp/system.mss
TRACE::2026-04-18.10:47:41::SCWMssOS::DEBUG:  swdes dump  C:/Users/kc10b/Vivado/ECE520L/FinalProject/project_1/project_1_vitis/project_1_plat/ps7_cortexa9_0/standalone_domain/bsp/system.mss|system_0||
C:/Users/kc10b/Vivado/ECE520L/FinalProject/project_1/project_1_vitis/project_1_plat/zynq_fsbl/zynq_fsbl_bsp/system.mss|system||

TRACE::2026-04-18.10:47:41::SCWMssOS::Sw design exists and opened at  C:/Users/kc10b/Vivado/ECE520L/FinalProject/project_1/project_1_vitis/project_1_plat/zynq_fsbl/zynq_fsbl_bsp/system.mss
TRACE::2026-04-18.10:47:41::SCWPlatform::Trying to open the hw design at C:/Users/kc10b/Vivado/ECE520L/FinalProject/project_1/project_1_vitis/project_1_plat/hw/design_1_wrapper.xsa
TRACE::2026-04-18.10:47:41::SCWPlatform::DSA given C:/Users/kc10b/Vivado/ECE520L/FinalProject/project_1/project_1_vitis/project_1_plat/hw/design_1_wrapper.xsa
TRACE::2026-04-18.10:47:41::SCWPlatform::DSA absoulate path C:/Users/kc10b/Vivado/ECE520L/FinalProject/project_1/project_1_vitis/project_1_plat/hw/design_1_wrapper.xsa
TRACE::2026-04-18.10:47:41::SCWPlatform::DSA directory C:/Users/kc10b/Vivado/ECE520L/FinalProject/project_1/project_1_vitis/project_1_plat/hw
TRACE::2026-04-18.10:47:41::SCWPlatform:: Platform Path C:/Users/kc10b/Vivado/ECE520L/FinalProject/project_1/project_1_vitis/project_1_plat/hw/design_1_wrapper.xsa
TRACE::2026-04-18.10:47:41::SCWPlatform:: Unique name xilinx:zybo-z7-10::0.0
TRACE::2026-04-18.10:47:41::SCWPlatform::Trying to set the existing hwdb with name design_1_wrapper_0
TRACE::2026-04-18.10:47:41::SCWPlatform::Opened existing hwdb design_1_wrapper_0
TRACE::2026-04-18.10:47:41::SCWPlatform::Found the Hw Db part of the input DSA
TRACE::2026-04-18.10:47:41::SCWMssOS::Checking the sw design at  C:/Users/kc10b/Vivado/ECE520L/FinalProject/project_1/project_1_vitis/project_1_plat/zynq_fsbl/zynq_fsbl_bsp/system.mss
TRACE::2026-04-18.10:47:41::SCWMssOS::DEBUG:  swdes dump  C:/Users/kc10b/Vivado/ECE520L/FinalProject/project_1/project_1_vitis/project_1_plat/ps7_cortexa9_0/standalone_domain/bsp/system.mss|system_0||
C:/Users/kc10b/Vivado/ECE520L/FinalProject/project_1/project_1_vitis/project_1_plat/zynq_fsbl/zynq_fsbl_bsp/system.mss|system||

TRACE::2026-04-18.10:47:41::SCWMssOS::Sw design exists and opened at  C:/Users/kc10b/Vivado/ECE520L/FinalProject/project_1/project_1_vitis/project_1_plat/zynq_fsbl/zynq_fsbl_bsp/system.mss
TRACE::2026-04-18.10:47:41::SCWPlatform::Trying to open the hw design at C:/Users/kc10b/Vivado/ECE520L/FinalProject/project_1/project_1_vitis/project_1_plat/hw/design_1_wrapper.xsa
TRACE::2026-04-18.10:47:41::SCWPlatform::DSA given C:/Users/kc10b/Vivado/ECE520L/FinalProject/project_1/project_1_vitis/project_1_plat/hw/design_1_wrapper.xsa
TRACE::2026-04-18.10:47:41::SCWPlatform::DSA absoulate path C:/Users/kc10b/Vivado/ECE520L/FinalProject/project_1/project_1_vitis/project_1_plat/hw/design_1_wrapper.xsa
TRACE::2026-04-18.10:47:41::SCWPlatform::DSA directory C:/Users/kc10b/Vivado/ECE520L/FinalProject/project_1/project_1_vitis/project_1_plat/hw
TRACE::2026-04-18.10:47:41::SCWPlatform:: Platform Path C:/Users/kc10b/Vivado/ECE520L/FinalProject/project_1/project_1_vitis/project_1_plat/hw/design_1_wrapper.xsa
TRACE::2026-04-18.10:47:41::SCWPlatform:: Unique name xilinx:zybo-z7-10::0.0
TRACE::2026-04-18.10:47:41::SCWPlatform::Trying to set the existing hwdb with name design_1_wrapper_0
TRACE::2026-04-18.10:47:41::SCWPlatform::Opened existing hwdb design_1_wrapper_0
TRACE::2026-04-18.10:47:41::SCWPlatform::Found the Hw Db part of the input DSA
TRACE::2026-04-18.10:47:41::SCWMssOS::Checking the sw design at  C:/Users/kc10b/Vivado/ECE520L/FinalProject/project_1/project_1_vitis/project_1_plat/zynq_fsbl/zynq_fsbl_bsp/system.mss
TRACE::2026-04-18.10:47:41::SCWMssOS::DEBUG:  swdes dump  C:/Users/kc10b/Vivado/ECE520L/FinalProject/project_1/project_1_vitis/project_1_plat/ps7_cortexa9_0/standalone_domain/bsp/system.mss|system_0||
C:/Users/kc10b/Vivado/ECE520L/FinalProject/project_1/project_1_vitis/project_1_plat/zynq_fsbl/zynq_fsbl_bsp/system.mss|system||

TRACE::2026-04-18.10:47:41::SCWMssOS::Sw design exists and opened at  C:/Users/kc10b/Vivado/ECE520L/FinalProject/project_1/project_1_vitis/project_1_plat/zynq_fsbl/zynq_fsbl_bsp/system.mss
TRACE::2026-04-18.10:47:41::SCWPlatform::Trying to open the hw design at C:/Users/kc10b/Vivado/ECE520L/FinalProject/project_1/project_1_vitis/project_1_plat/hw/design_1_wrapper.xsa
TRACE::2026-04-18.10:47:41::SCWPlatform::DSA given C:/Users/kc10b/Vivado/ECE520L/FinalProject/project_1/project_1_vitis/project_1_plat/hw/design_1_wrapper.xsa
TRACE::2026-04-18.10:47:41::SCWPlatform::DSA absoulate path C:/Users/kc10b/Vivado/ECE520L/FinalProject/project_1/project_1_vitis/project_1_plat/hw/design_1_wrapper.xsa
TRACE::2026-04-18.10:47:41::SCWPlatform::DSA directory C:/Users/kc10b/Vivado/ECE520L/FinalProject/project_1/project_1_vitis/project_1_plat/hw
TRACE::2026-04-18.10:47:41::SCWPlatform:: Platform Path C:/Users/kc10b/Vivado/ECE520L/FinalProject/project_1/project_1_vitis/project_1_plat/hw/design_1_wrapper.xsa
TRACE::2026-04-18.10:47:41::SCWPlatform:: Unique name xilinx:zybo-z7-10::0.0
TRACE::2026-04-18.10:47:41::SCWPlatform::Trying to set the existing hwdb with name design_1_wrapper_0
TRACE::2026-04-18.10:47:41::SCWPlatform::Opened existing hwdb design_1_wrapper_0
TRACE::2026-04-18.10:47:41::SCWPlatform::Found the Hw Db part of the input DSA
TRACE::2026-04-18.10:47:41::SCWMssOS::Checking the sw design at  C:/Users/kc10b/Vivado/ECE520L/FinalProject/project_1/project_1_vitis/project_1_plat/ps7_cortexa9_0/standalone_domain/bsp/system.mss
TRACE::2026-04-18.10:47:41::SCWMssOS::DEBUG:  swdes dump  C:/Users/kc10b/Vivado/ECE520L/FinalProject/project_1/project_1_vitis/project_1_plat/ps7_cortexa9_0/standalone_domain/bsp/system.mss|system_0||
C:/Users/kc10b/Vivado/ECE520L/FinalProject/project_1/project_1_vitis/project_1_plat/zynq_fsbl/zynq_fsbl_bsp/system.mss|system||

TRACE::2026-04-18.10:47:41::SCWMssOS::Sw design exists and opened at  C:/Users/kc10b/Vivado/ECE520L/FinalProject/project_1/project_1_vitis/project_1_plat/ps7_cortexa9_0/standalone_domain/bsp/system.mss
TRACE::2026-04-18.10:47:41::SCWPlatform::Trying to open the hw design at C:/Users/kc10b/Vivado/ECE520L/FinalProject/project_1/project_1_vitis/project_1_plat/hw/design_1_wrapper.xsa
TRACE::2026-04-18.10:47:41::SCWPlatform::DSA given C:/Users/kc10b/Vivado/ECE520L/FinalProject/project_1/project_1_vitis/project_1_plat/hw/design_1_wrapper.xsa
TRACE::2026-04-18.10:47:41::SCWPlatform::DSA absoulate path C:/Users/kc10b/Vivado/ECE520L/FinalProject/project_1/project_1_vitis/project_1_plat/hw/design_1_wrapper.xsa
TRACE::2026-04-18.10:47:41::SCWPlatform::DSA directory C:/Users/kc10b/Vivado/ECE520L/FinalProject/project_1/project_1_vitis/project_1_plat/hw
TRACE::2026-04-18.10:47:41::SCWPlatform:: Platform Path C:/Users/kc10b/Vivado/ECE520L/FinalProject/project_1/project_1_vitis/project_1_plat/hw/design_1_wrapper.xsa
TRACE::2026-04-18.10:47:41::SCWPlatform:: Unique name xilinx:zybo-z7-10::0.0
TRACE::2026-04-18.10:47:41::SCWPlatform::Trying to set the existing hwdb with name design_1_wrapper_0
TRACE::2026-04-18.10:47:41::SCWPlatform::Opened existing hwdb design_1_wrapper_0
TRACE::2026-04-18.10:47:41::SCWPlatform::Found the Hw Db part of the input DSA
TRACE::2026-04-18.10:47:41::SCWMssOS::Checking the sw design at  C:/Users/kc10b/Vivado/ECE520L/FinalProject/project_1/project_1_vitis/project_1_plat/ps7_cortexa9_0/standalone_domain/bsp/system.mss
TRACE::2026-04-18.10:47:41::SCWMssOS::DEBUG:  swdes dump  C:/Users/kc10b/Vivado/ECE520L/FinalProject/project_1/project_1_vitis/project_1_plat/ps7_cortexa9_0/standalone_domain/bsp/system.mss|system_0||
C:/Users/kc10b/Vivado/ECE520L/FinalProject/project_1/project_1_vitis/project_1_plat/zynq_fsbl/zynq_fsbl_bsp/system.mss|system||

TRACE::2026-04-18.10:47:41::SCWMssOS::Sw design exists and opened at  C:/Users/kc10b/Vivado/ECE520L/FinalProject/project_1/project_1_vitis/project_1_plat/ps7_cortexa9_0/standalone_domain/bsp/system.mss
TRACE::2026-04-18.10:47:41::SCWPlatform::Trying to open the hw design at C:/Users/kc10b/Vivado/ECE520L/FinalProject/project_1/project_1_vitis/project_1_plat/hw/design_1_wrapper.xsa
TRACE::2026-04-18.10:47:41::SCWPlatform::DSA given C:/Users/kc10b/Vivado/ECE520L/FinalProject/project_1/project_1_vitis/project_1_plat/hw/design_1_wrapper.xsa
TRACE::2026-04-18.10:47:41::SCWPlatform::DSA absoulate path C:/Users/kc10b/Vivado/ECE520L/FinalProject/project_1/project_1_vitis/project_1_plat/hw/design_1_wrapper.xsa
TRACE::2026-04-18.10:47:41::SCWPlatform::DSA directory C:/Users/kc10b/Vivado/ECE520L/FinalProject/project_1/project_1_vitis/project_1_plat/hw
TRACE::2026-04-18.10:47:41::SCWPlatform:: Platform Path C:/Users/kc10b/Vivado/ECE520L/FinalProject/project_1/project_1_vitis/project_1_plat/hw/design_1_wrapper.xsa
TRACE::2026-04-18.10:47:41::SCWPlatform:: Unique name xilinx:zybo-z7-10::0.0
TRACE::2026-04-18.10:47:41::SCWPlatform::Trying to set the existing hwdb with name design_1_wrapper_0
TRACE::2026-04-18.10:47:41::SCWPlatform::Opened existing hwdb design_1_wrapper_0
TRACE::2026-04-18.10:47:41::SCWPlatform::Found the Hw Db part of the input DSA
TRACE::2026-04-18.10:47:41::SCWMssOS::Checking the sw design at  C:/Users/kc10b/Vivado/ECE520L/FinalProject/project_1/project_1_vitis/project_1_plat/ps7_cortexa9_0/standalone_domain/bsp/system.mss
TRACE::2026-04-18.10:47:41::SCWMssOS::DEBUG:  swdes dump  C:/Users/kc10b/Vivado/ECE520L/FinalProject/project_1/project_1_vitis/project_1_plat/ps7_cortexa9_0/standalone_domain/bsp/system.mss|system_0||
C:/Users/kc10b/Vivado/ECE520L/FinalProject/project_1/project_1_vitis/project_1_plat/zynq_fsbl/zynq_fsbl_bsp/system.mss|system||

TRACE::2026-04-18.10:47:41::SCWMssOS::Sw design exists and opened at  C:/Users/kc10b/Vivado/ECE520L/FinalProject/project_1/project_1_vitis/project_1_plat/ps7_cortexa9_0/standalone_domain/bsp/system.mss
TRACE::2026-04-18.10:47:41::SCWWriter::formatted JSON is {
	"platformName":	"project_1_plat",
	"sprVersion":	"2.0",
	"mode":	"gui",
	"dsaType":	"Fixed",
	"platformDesc":	"project_1_plat",
	"platHandOff":	"C:/Users/kc10b/Vivado/ECE520L/FinalProject/project_1/design_1_wrapper.xsa",
	"platIntHandOff":	"<platformDir>/hw/design_1_wrapper.xsa",
	"deviceType":	"zynq",
	"platIsPrebuiltAutogen":	"false",
	"platIsNoBootBsp":	"false",
	"platFsblTarget":	"ps7_cortexa9_0",
	"hasFsblMakeHasChanges":	"false",
	"hasPmufwMakeHasChanges":	"false",
	"fsblExtraCompilerFlags":	"-MMD -MP       -mcpu=cortex-a9 -mfpu=vfpv3 -mfloat-abi=hard ",
	"platPreBuiltFlag":	false,
	"platformSamplesDir":	"",
	"platActiveSys":	"project_1_plat",
	"systems":	[{
			"systemName":	"project_1_plat",
			"systemDesc":	"project_1_plat",
			"sysIsBootAutoGen":	"true",
			"systemDispName":	"project_1_plat",
			"sysActiveDom":	"standalone_domain",
			"sysDefaultDom":	"standalone_domain",
			"domains":	[{
					"domainName":	"zynq_fsbl",
					"domainDispName":	"zynq_fsbl",
					"domainDesc":	"FSBL Application BSP - Auto Generated.",
					"processors":	"ps7_cortexa9_0",
					"os":	"standalone",
					"sdxOs":	"standalone",
					"debugEnable":	"",
					"domRuntimes":	["cpp"],
					"swRepo":	"",
					"mssOsVer":	"8.1",
					"mssFile":	"",
					"md5Digest":	"1323684c4095fbbc921b32dcc7efd326",
					"compatibleApp":	"zynq_fsbl",
					"domType":	"bootDomain",
					"arch":	"32-bit",
					"appSettings":	{
						"appCompilerFlags":	"",
						"appLinkerFlags":	""
					},
					"addedLibs":	["xilffs:5.0", "xilrsa:1.6"],
					"libOptions":	{
						"libsContainingOptions":	[]
					},
					"prebuiltLibs":	{
						"prebuiltIncPath":	[],
						"prebuiltLibPath":	[]
					},
					"isolation":	{
					}
				}, {
					"domainName":	"standalone_domain",
					"domainDispName":	"standalone on ps7_cortexa9_0",
					"domainDesc":	"standalone_domain",
					"processors":	"ps7_cortexa9_0",
					"os":	"standalone",
					"sdxOs":	"standalone",
					"qemuArgs":	"<platformDir>/resources/project_1_plat/standalone_domain/qemu_args.txt",
					"qemuData":	"<platformDir>/resources/project_1_plat/standalone_domain/qemu",
					"debugEnable":	"False",
					"domRuntimes":	["cpp"],
					"swRepo":	"",
					"mssOsVer":	"8.1",
					"mssFile":	"",
					"md5Digest":	"fe2128fe8c5b487e39e1c2948b2870c6",
					"compatibleApp":	"",
					"domType":	"mssDomain",
					"appSettings":	{
						"appCompilerFlags":	"",
						"appLinkerFlags":	""
					},
					"addedLibs":	[],
					"libOptions":	{
						"libsContainingOptions":	[]
					},
					"prebuiltLibs":	{
						"prebuiltIncPath":	[],
						"prebuiltLibPath":	[]
					},
					"isolation":	{
					}
				}]
		}]
}
TRACE::2026-04-18.10:47:41::SCWMssOS::Saving the mss changes C:/Users/kc10b/Vivado/ECE520L/FinalProject/project_1/project_1_vitis/project_1_plat/zynq_fsbl/zynq_fsbl_bsp/system.mss
TRACE::2026-04-18.10:47:41::SCWMssOS::Found a swdesign opened with the mssfile.
TRACE::2026-04-18.10:47:41::SCWMssOS::Completed writemss as part of save.
TRACE::2026-04-18.10:47:41::SCWMssOS::Commit changes completed.
TRACE::2026-04-18.10:47:41::SCWMssOS::Saving the mss changes C:/Users/kc10b/Vivado/ECE520L/FinalProject/project_1/project_1_vitis/project_1_plat/ps7_cortexa9_0/standalone_domain/bsp/system.mss
TRACE::2026-04-18.10:47:41::SCWMssOS::Found a swdesign opened with the mssfile.
TRACE::2026-04-18.10:47:41::SCWMssOS::Completed writemss as part of save.
TRACE::2026-04-18.10:47:41::SCWMssOS::Commit changes completed.
TRACE::2026-04-18.10:47:41::SCWPlatform::Trying to open the hw design at C:/Users/kc10b/Vivado/ECE520L/FinalProject/project_1/project_1_vitis/project_1_plat/hw/design_1_wrapper.xsa
TRACE::2026-04-18.10:47:41::SCWPlatform::DSA given C:/Users/kc10b/Vivado/ECE520L/FinalProject/project_1/project_1_vitis/project_1_plat/hw/design_1_wrapper.xsa
TRACE::2026-04-18.10:47:41::SCWPlatform::DSA absoulate path C:/Users/kc10b/Vivado/ECE520L/FinalProject/project_1/project_1_vitis/project_1_plat/hw/design_1_wrapper.xsa
TRACE::2026-04-18.10:47:41::SCWPlatform::DSA directory C:/Users/kc10b/Vivado/ECE520L/FinalProject/project_1/project_1_vitis/project_1_plat/hw
TRACE::2026-04-18.10:47:41::SCWPlatform:: Platform Path C:/Users/kc10b/Vivado/ECE520L/FinalProject/project_1/project_1_vitis/project_1_plat/hw/design_1_wrapper.xsa
TRACE::2026-04-18.10:47:41::SCWPlatform:: Unique name xilinx:zybo-z7-10::0.0
TRACE::2026-04-18.10:47:41::SCWPlatform::Trying to set the existing hwdb with name design_1_wrapper_0
TRACE::2026-04-18.10:47:41::SCWPlatform::Opened existing hwdb design_1_wrapper_0
TRACE::2026-04-18.10:47:41::SCWPlatform::Found the Hw Db part of the input DSA
TRACE::2026-04-18.10:47:41::SCWMssOS::Checking the sw design at  C:/Users/kc10b/Vivado/ECE520L/FinalProject/project_1/project_1_vitis/project_1_plat/zynq_fsbl/zynq_fsbl_bsp/system.mss
TRACE::2026-04-18.10:47:41::SCWMssOS::DEBUG:  swdes dump  C:/Users/kc10b/Vivado/ECE520L/FinalProject/project_1/project_1_vitis/project_1_plat/ps7_cortexa9_0/standalone_domain/bsp/system.mss|system_0||
C:/Users/kc10b/Vivado/ECE520L/FinalProject/project_1/project_1_vitis/project_1_plat/zynq_fsbl/zynq_fsbl_bsp/system.mss|system||

TRACE::2026-04-18.10:47:41::SCWMssOS::Sw design exists and opened at  C:/Users/kc10b/Vivado/ECE520L/FinalProject/project_1/project_1_vitis/project_1_plat/zynq_fsbl/zynq_fsbl_bsp/system.mss
TRACE::2026-04-18.10:47:41::SCWPlatform::Trying to open the hw design at C:/Users/kc10b/Vivado/ECE520L/FinalProject/project_1/project_1_vitis/project_1_plat/hw/design_1_wrapper.xsa
TRACE::2026-04-18.10:47:41::SCWPlatform::DSA given C:/Users/kc10b/Vivado/ECE520L/FinalProject/project_1/project_1_vitis/project_1_plat/hw/design_1_wrapper.xsa
TRACE::2026-04-18.10:47:41::SCWPlatform::DSA absoulate path C:/Users/kc10b/Vivado/ECE520L/FinalProject/project_1/project_1_vitis/project_1_plat/hw/design_1_wrapper.xsa
TRACE::2026-04-18.10:47:41::SCWPlatform::DSA directory C:/Users/kc10b/Vivado/ECE520L/FinalProject/project_1/project_1_vitis/project_1_plat/hw
TRACE::2026-04-18.10:47:41::SCWPlatform:: Platform Path C:/Users/kc10b/Vivado/ECE520L/FinalProject/project_1/project_1_vitis/project_1_plat/hw/design_1_wrapper.xsa
TRACE::2026-04-18.10:47:41::SCWPlatform:: Unique name xilinx:zybo-z7-10::0.0
TRACE::2026-04-18.10:47:41::SCWPlatform::Trying to set the existing hwdb with name design_1_wrapper_0
TRACE::2026-04-18.10:47:41::SCWPlatform::Opened existing hwdb design_1_wrapper_0
TRACE::2026-04-18.10:47:41::SCWPlatform::Found the Hw Db part of the input DSA
TRACE::2026-04-18.10:47:41::SCWMssOS::Checking the sw design at  C:/Users/kc10b/Vivado/ECE520L/FinalProject/project_1/project_1_vitis/project_1_plat/zynq_fsbl/zynq_fsbl_bsp/system.mss
TRACE::2026-04-18.10:47:41::SCWMssOS::DEBUG:  swdes dump  C:/Users/kc10b/Vivado/ECE520L/FinalProject/project_1/project_1_vitis/project_1_plat/ps7_cortexa9_0/standalone_domain/bsp/system.mss|system_0||
C:/Users/kc10b/Vivado/ECE520L/FinalProject/project_1/project_1_vitis/project_1_plat/zynq_fsbl/zynq_fsbl_bsp/system.mss|system||

TRACE::2026-04-18.10:47:41::SCWMssOS::Sw design exists and opened at  C:/Users/kc10b/Vivado/ECE520L/FinalProject/project_1/project_1_vitis/project_1_plat/zynq_fsbl/zynq_fsbl_bsp/system.mss
TRACE::2026-04-18.10:47:41::SCWPlatform::Trying to open the hw design at C:/Users/kc10b/Vivado/ECE520L/FinalProject/project_1/project_1_vitis/project_1_plat/hw/design_1_wrapper.xsa
TRACE::2026-04-18.10:47:41::SCWPlatform::DSA given C:/Users/kc10b/Vivado/ECE520L/FinalProject/project_1/project_1_vitis/project_1_plat/hw/design_1_wrapper.xsa
TRACE::2026-04-18.10:47:41::SCWPlatform::DSA absoulate path C:/Users/kc10b/Vivado/ECE520L/FinalProject/project_1/project_1_vitis/project_1_plat/hw/design_1_wrapper.xsa
TRACE::2026-04-18.10:47:41::SCWPlatform::DSA directory C:/Users/kc10b/Vivado/ECE520L/FinalProject/project_1/project_1_vitis/project_1_plat/hw
TRACE::2026-04-18.10:47:41::SCWPlatform:: Platform Path C:/Users/kc10b/Vivado/ECE520L/FinalProject/project_1/project_1_vitis/project_1_plat/hw/design_1_wrapper.xsa
TRACE::2026-04-18.10:47:41::SCWPlatform:: Unique name xilinx:zybo-z7-10::0.0
TRACE::2026-04-18.10:47:41::SCWPlatform::Trying to set the existing hwdb with name design_1_wrapper_0
TRACE::2026-04-18.10:47:41::SCWPlatform::Opened existing hwdb design_1_wrapper_0
TRACE::2026-04-18.10:47:41::SCWPlatform::Found the Hw Db part of the input DSA
TRACE::2026-04-18.10:47:41::SCWMssOS::Checking the sw design at  C:/Users/kc10b/Vivado/ECE520L/FinalProject/project_1/project_1_vitis/project_1_plat/zynq_fsbl/zynq_fsbl_bsp/system.mss
TRACE::2026-04-18.10:47:41::SCWMssOS::DEBUG:  swdes dump  C:/Users/kc10b/Vivado/ECE520L/FinalProject/project_1/project_1_vitis/project_1_plat/ps7_cortexa9_0/standalone_domain/bsp/system.mss|system_0||
C:/Users/kc10b/Vivado/ECE520L/FinalProject/project_1/project_1_vitis/project_1_plat/zynq_fsbl/zynq_fsbl_bsp/system.mss|system||

TRACE::2026-04-18.10:47:41::SCWMssOS::Sw design exists and opened at  C:/Users/kc10b/Vivado/ECE520L/FinalProject/project_1/project_1_vitis/project_1_plat/zynq_fsbl/zynq_fsbl_bsp/system.mss
TRACE::2026-04-18.10:47:41::SCWPlatform::Trying to open the hw design at C:/Users/kc10b/Vivado/ECE520L/FinalProject/project_1/project_1_vitis/project_1_plat/hw/design_1_wrapper.xsa
TRACE::2026-04-18.10:47:41::SCWPlatform::DSA given C:/Users/kc10b/Vivado/ECE520L/FinalProject/project_1/project_1_vitis/project_1_plat/hw/design_1_wrapper.xsa
TRACE::2026-04-18.10:47:41::SCWPlatform::DSA absoulate path C:/Users/kc10b/Vivado/ECE520L/FinalProject/project_1/project_1_vitis/project_1_plat/hw/design_1_wrapper.xsa
TRACE::2026-04-18.10:47:41::SCWPlatform::DSA directory C:/Users/kc10b/Vivado/ECE520L/FinalProject/project_1/project_1_vitis/project_1_plat/hw
TRACE::2026-04-18.10:47:41::SCWPlatform:: Platform Path C:/Users/kc10b/Vivado/ECE520L/FinalProject/project_1/project_1_vitis/project_1_plat/hw/design_1_wrapper.xsa
TRACE::2026-04-18.10:47:41::SCWPlatform:: Unique name xilinx:zybo-z7-10::0.0
TRACE::2026-04-18.10:47:41::SCWPlatform::Trying to set the existing hwdb with name design_1_wrapper_0
TRACE::2026-04-18.10:47:41::SCWPlatform::Opened existing hwdb design_1_wrapper_0
TRACE::2026-04-18.10:47:41::SCWPlatform::Found the Hw Db part of the input DSA
TRACE::2026-04-18.10:47:41::SCWMssOS::Checking the sw design at  C:/Users/kc10b/Vivado/ECE520L/FinalProject/project_1/project_1_vitis/project_1_plat/ps7_cortexa9_0/standalone_domain/bsp/system.mss
TRACE::2026-04-18.10:47:41::SCWMssOS::DEBUG:  swdes dump  C:/Users/kc10b/Vivado/ECE520L/FinalProject/project_1/project_1_vitis/project_1_plat/ps7_cortexa9_0/standalone_domain/bsp/system.mss|system_0||
C:/Users/kc10b/Vivado/ECE520L/FinalProject/project_1/project_1_vitis/project_1_plat/zynq_fsbl/zynq_fsbl_bsp/system.mss|system||

TRACE::2026-04-18.10:47:41::SCWMssOS::Sw design exists and opened at  C:/Users/kc10b/Vivado/ECE520L/FinalProject/project_1/project_1_vitis/project_1_plat/ps7_cortexa9_0/standalone_domain/bsp/system.mss
TRACE::2026-04-18.10:47:41::SCWPlatform::Trying to open the hw design at C:/Users/kc10b/Vivado/ECE520L/FinalProject/project_1/project_1_vitis/project_1_plat/hw/design_1_wrapper.xsa
TRACE::2026-04-18.10:47:41::SCWPlatform::DSA given C:/Users/kc10b/Vivado/ECE520L/FinalProject/project_1/project_1_vitis/project_1_plat/hw/design_1_wrapper.xsa
TRACE::2026-04-18.10:47:41::SCWPlatform::DSA absoulate path C:/Users/kc10b/Vivado/ECE520L/FinalProject/project_1/project_1_vitis/project_1_plat/hw/design_1_wrapper.xsa
TRACE::2026-04-18.10:47:41::SCWPlatform::DSA directory C:/Users/kc10b/Vivado/ECE520L/FinalProject/project_1/project_1_vitis/project_1_plat/hw
TRACE::2026-04-18.10:47:41::SCWPlatform:: Platform Path C:/Users/kc10b/Vivado/ECE520L/FinalProject/project_1/project_1_vitis/project_1_plat/hw/design_1_wrapper.xsa
TRACE::2026-04-18.10:47:41::SCWPlatform:: Unique name xilinx:zybo-z7-10::0.0
TRACE::2026-04-18.10:47:41::SCWPlatform::Trying to set the existing hwdb with name design_1_wrapper_0
TRACE::2026-04-18.10:47:41::SCWPlatform::Opened existing hwdb design_1_wrapper_0
TRACE::2026-04-18.10:47:41::SCWPlatform::Found the Hw Db part of the input DSA
TRACE::2026-04-18.10:47:41::SCWMssOS::Checking the sw design at  C:/Users/kc10b/Vivado/ECE520L/FinalProject/project_1/project_1_vitis/project_1_plat/ps7_cortexa9_0/standalone_domain/bsp/system.mss
TRACE::2026-04-18.10:47:41::SCWMssOS::DEBUG:  swdes dump  C:/Users/kc10b/Vivado/ECE520L/FinalProject/project_1/project_1_vitis/project_1_plat/ps7_cortexa9_0/standalone_domain/bsp/system.mss|system_0||
C:/Users/kc10b/Vivado/ECE520L/FinalProject/project_1/project_1_vitis/project_1_plat/zynq_fsbl/zynq_fsbl_bsp/system.mss|system||

TRACE::2026-04-18.10:47:41::SCWMssOS::Sw design exists and opened at  C:/Users/kc10b/Vivado/ECE520L/FinalProject/project_1/project_1_vitis/project_1_plat/ps7_cortexa9_0/standalone_domain/bsp/system.mss
TRACE::2026-04-18.10:47:41::SCWPlatform::Trying to open the hw design at C:/Users/kc10b/Vivado/ECE520L/FinalProject/project_1/project_1_vitis/project_1_plat/hw/design_1_wrapper.xsa
TRACE::2026-04-18.10:47:41::SCWPlatform::DSA given C:/Users/kc10b/Vivado/ECE520L/FinalProject/project_1/project_1_vitis/project_1_plat/hw/design_1_wrapper.xsa
TRACE::2026-04-18.10:47:41::SCWPlatform::DSA absoulate path C:/Users/kc10b/Vivado/ECE520L/FinalProject/project_1/project_1_vitis/project_1_plat/hw/design_1_wrapper.xsa
TRACE::2026-04-18.10:47:41::SCWPlatform::DSA directory C:/Users/kc10b/Vivado/ECE520L/FinalProject/project_1/project_1_vitis/project_1_plat/hw
TRACE::2026-04-18.10:47:41::SCWPlatform:: Platform Path C:/Users/kc10b/Vivado/ECE520L/FinalProject/project_1/project_1_vitis/project_1_plat/hw/design_1_wrapper.xsa
TRACE::2026-04-18.10:47:41::SCWPlatform:: Unique name xilinx:zybo-z7-10::0.0
TRACE::2026-04-18.10:47:41::SCWPlatform::Trying to set the existing hwdb with name design_1_wrapper_0
TRACE::2026-04-18.10:47:41::SCWPlatform::Opened existing hwdb design_1_wrapper_0
TRACE::2026-04-18.10:47:41::SCWPlatform::Found the Hw Db part of the input DSA
TRACE::2026-04-18.10:47:41::SCWMssOS::Checking the sw design at  C:/Users/kc10b/Vivado/ECE520L/FinalProject/project_1/project_1_vitis/project_1_plat/ps7_cortexa9_0/standalone_domain/bsp/system.mss
TRACE::2026-04-18.10:47:41::SCWMssOS::DEBUG:  swdes dump  C:/Users/kc10b/Vivado/ECE520L/FinalProject/project_1/project_1_vitis/project_1_plat/ps7_cortexa9_0/standalone_domain/bsp/system.mss|system_0||
C:/Users/kc10b/Vivado/ECE520L/FinalProject/project_1/project_1_vitis/project_1_plat/zynq_fsbl/zynq_fsbl_bsp/system.mss|system||

TRACE::2026-04-18.10:47:41::SCWMssOS::Sw design exists and opened at  C:/Users/kc10b/Vivado/ECE520L/FinalProject/project_1/project_1_vitis/project_1_plat/ps7_cortexa9_0/standalone_domain/bsp/system.mss
TRACE::2026-04-18.10:47:41::SCWWriter::formatted JSON is {
	"platformName":	"project_1_plat",
	"sprVersion":	"2.0",
	"mode":	"gui",
	"dsaType":	"Fixed",
	"platformDesc":	"project_1_plat",
	"platHandOff":	"C:/Users/kc10b/Vivado/ECE520L/FinalProject/project_1/design_1_wrapper.xsa",
	"platIntHandOff":	"<platformDir>/hw/design_1_wrapper.xsa",
	"deviceType":	"zynq",
	"platIsPrebuiltAutogen":	"false",
	"platIsNoBootBsp":	"false",
	"platFsblTarget":	"ps7_cortexa9_0",
	"hasFsblMakeHasChanges":	"false",
	"hasPmufwMakeHasChanges":	"false",
	"fsblExtraCompilerFlags":	"-MMD -MP       -mcpu=cortex-a9 -mfpu=vfpv3 -mfloat-abi=hard ",
	"platPreBuiltFlag":	false,
	"platformSamplesDir":	"",
	"platActiveSys":	"project_1_plat",
	"systems":	[{
			"systemName":	"project_1_plat",
			"systemDesc":	"project_1_plat",
			"sysIsBootAutoGen":	"true",
			"systemDispName":	"project_1_plat",
			"sysActiveDom":	"standalone_domain",
			"sysDefaultDom":	"standalone_domain",
			"domains":	[{
					"domainName":	"zynq_fsbl",
					"domainDispName":	"zynq_fsbl",
					"domainDesc":	"FSBL Application BSP - Auto Generated.",
					"processors":	"ps7_cortexa9_0",
					"os":	"standalone",
					"sdxOs":	"standalone",
					"debugEnable":	"",
					"domRuntimes":	["cpp"],
					"swRepo":	"",
					"mssOsVer":	"8.1",
					"mssFile":	"",
					"md5Digest":	"1323684c4095fbbc921b32dcc7efd326",
					"compatibleApp":	"zynq_fsbl",
					"domType":	"bootDomain",
					"arch":	"32-bit",
					"appSettings":	{
						"appCompilerFlags":	"",
						"appLinkerFlags":	""
					},
					"addedLibs":	["xilffs:5.0", "xilrsa:1.6"],
					"libOptions":	{
						"libsContainingOptions":	[]
					},
					"prebuiltLibs":	{
						"prebuiltIncPath":	[],
						"prebuiltLibPath":	[]
					},
					"isolation":	{
					}
				}, {
					"domainName":	"standalone_domain",
					"domainDispName":	"standalone on ps7_cortexa9_0",
					"domainDesc":	"standalone_domain",
					"processors":	"ps7_cortexa9_0",
					"os":	"standalone",
					"sdxOs":	"standalone",
					"qemuArgs":	"<platformDir>/resources/project_1_plat/standalone_domain/qemu_args.txt",
					"qemuData":	"<platformDir>/resources/project_1_plat/standalone_domain/qemu",
					"debugEnable":	"False",
					"domRuntimes":	["cpp"],
					"swRepo":	"",
					"mssOsVer":	"8.1",
					"mssFile":	"",
					"md5Digest":	"fe2128fe8c5b487e39e1c2948b2870c6",
					"compatibleApp":	"",
					"domType":	"mssDomain",
					"appSettings":	{
						"appCompilerFlags":	"",
						"appLinkerFlags":	""
					},
					"addedLibs":	[],
					"libOptions":	{
						"libsContainingOptions":	[]
					},
					"prebuiltLibs":	{
						"prebuiltIncPath":	[],
						"prebuiltLibPath":	[]
					},
					"isolation":	{
					}
				}]
		}]
}
TRACE::2026-04-18.10:47:41::SCWPlatform::Clearing the existing platform
TRACE::2026-04-18.10:47:41::SCWSystem::Clearing the existing sysconfig
TRACE::2026-04-18.10:47:41::SCWBDomain::clearing the fsbl build
TRACE::2026-04-18.10:47:41::SCWMssOS::Removing the swdes entry for  C:/Users/kc10b/Vivado/ECE520L/FinalProject/project_1/project_1_vitis/project_1_plat/zynq_fsbl/zynq_fsbl_bsp/system.mss
TRACE::2026-04-18.10:47:41::SCWMssOS::Removing the swdes entry for  C:/Users/kc10b/Vivado/ECE520L/FinalProject/project_1/project_1_vitis/project_1_plat/ps7_cortexa9_0/standalone_domain/bsp/system.mss
TRACE::2026-04-18.10:47:41::SCWSystem::Clearing the domains completed.
TRACE::2026-04-18.10:47:41::SCWPlatform::Clearing the opened hw db.
TRACE::2026-04-18.10:47:41::SCWPlatform::DSA given C:/Users/kc10b/Vivado/ECE520L/FinalProject/project_1/project_1_vitis/project_1_plat/hw/design_1_wrapper.xsa
TRACE::2026-04-18.10:47:41::SCWPlatform::DSA absoulate path C:/Users/kc10b/Vivado/ECE520L/FinalProject/project_1/project_1_vitis/project_1_plat/hw/design_1_wrapper.xsa
TRACE::2026-04-18.10:47:41::SCWPlatform:: Platform location is C:/Users/kc10b/Vivado/ECE520L/FinalProject/project_1/project_1_vitis/project_1_plat/hw
TRACE::2026-04-18.10:47:41::SCWPlatform:: Platform Path C:/Users/kc10b/Vivado/ECE520L/FinalProject/project_1/project_1_vitis/project_1_plat/hw/design_1_wrapper.xsa
TRACE::2026-04-18.10:47:41::SCWPlatform:: Unique name xilinx:zybo-z7-10::0.0
TRACE::2026-04-18.10:47:41::SCWPlatform::Removing the HwDB with name C:/Users/kc10b/Vivado/ECE520L/FinalProject/project_1/project_1_vitis/project_1_plat/hw/design_1_wrapper.xsa
TRACE::2026-04-18.10:47:41::SCWPlatform::Trying to open the hw design at C:/Users/kc10b/Vivado/ECE520L/FinalProject/project_1/project_1_vitis/project_1_plat/hw/design_1_wrapper.xsa
TRACE::2026-04-18.10:47:41::SCWPlatform::DSA given C:/Users/kc10b/Vivado/ECE520L/FinalProject/project_1/project_1_vitis/project_1_plat/hw/design_1_wrapper.xsa
TRACE::2026-04-18.10:47:41::SCWPlatform::DSA absoulate path C:/Users/kc10b/Vivado/ECE520L/FinalProject/project_1/project_1_vitis/project_1_plat/hw/design_1_wrapper.xsa
TRACE::2026-04-18.10:47:41::SCWPlatform::DSA directory C:/Users/kc10b/Vivado/ECE520L/FinalProject/project_1/project_1_vitis/project_1_plat/hw
TRACE::2026-04-18.10:47:41::SCWPlatform:: Platform Path C:/Users/kc10b/Vivado/ECE520L/FinalProject/project_1/project_1_vitis/project_1_plat/hw/design_1_wrapper.xsa
TRACE::2026-04-18.10:47:41::SCWPlatform:: Unique name xilinx:zybo-z7-10::0.0
TRACE::2026-04-18.10:47:41::SCWPlatform::Do not have an existing db opened. 
TRACE::2026-04-18.10:47:43::SCWPlatform::Opened new HwDB with name design_1_wrapper_1
TRACE::2026-04-18.10:47:43::SCWReader::Active system found as  project_1_plat
TRACE::2026-04-18.10:47:43::SCWReader::Handling sysconfig project_1_plat
TRACE::2026-04-18.10:47:43::SCWDomain::checking for install qemu data   : 
TRACE::2026-04-18.10:47:43::SCWDomain:: Using the QEMU Data from install at  : C:/Xilinx/Vitis/2023.1/data/emulation/platforms/zynq/sw/a9_standalone/qemu/
TRACE::2026-04-18.10:47:43::SCWDomain:: Using the QEMU args  from install at  : C:/Xilinx/Vitis/2023.1/data/emulation/platforms/zynq/sw/a9_standalone/qemu/qemu_args.txt
TRACE::2026-04-18.10:47:43::SCWPlatform::Trying to open the hw design at C:/Users/kc10b/Vivado/ECE520L/FinalProject/project_1/project_1_vitis/project_1_plat/hw/design_1_wrapper.xsa
TRACE::2026-04-18.10:47:43::SCWPlatform::DSA given C:/Users/kc10b/Vivado/ECE520L/FinalProject/project_1/project_1_vitis/project_1_plat/hw/design_1_wrapper.xsa
TRACE::2026-04-18.10:47:43::SCWPlatform::DSA absoulate path C:/Users/kc10b/Vivado/ECE520L/FinalProject/project_1/project_1_vitis/project_1_plat/hw/design_1_wrapper.xsa
TRACE::2026-04-18.10:47:43::SCWPlatform::DSA directory C:/Users/kc10b/Vivado/ECE520L/FinalProject/project_1/project_1_vitis/project_1_plat/hw
TRACE::2026-04-18.10:47:43::SCWPlatform:: Platform Path C:/Users/kc10b/Vivado/ECE520L/FinalProject/project_1/project_1_vitis/project_1_plat/hw/design_1_wrapper.xsa
TRACE::2026-04-18.10:47:43::SCWPlatform:: Unique name xilinx:zybo-z7-10::0.0
TRACE::2026-04-18.10:47:43::SCWPlatform::Trying to set the existing hwdb with name design_1_wrapper_1
TRACE::2026-04-18.10:47:43::SCWPlatform::Opened existing hwdb design_1_wrapper_1
TRACE::2026-04-18.10:47:43::SCWPlatform::Found the Hw Db part of the input DSA
TRACE::2026-04-18.10:47:43::SCWPlatform::Trying to open the hw design at C:/Users/kc10b/Vivado/ECE520L/FinalProject/project_1/project_1_vitis/project_1_plat/hw/design_1_wrapper.xsa
TRACE::2026-04-18.10:47:43::SCWPlatform::DSA given C:/Users/kc10b/Vivado/ECE520L/FinalProject/project_1/project_1_vitis/project_1_plat/hw/design_1_wrapper.xsa
TRACE::2026-04-18.10:47:43::SCWPlatform::DSA absoulate path C:/Users/kc10b/Vivado/ECE520L/FinalProject/project_1/project_1_vitis/project_1_plat/hw/design_1_wrapper.xsa
TRACE::2026-04-18.10:47:43::SCWPlatform::DSA directory C:/Users/kc10b/Vivado/ECE520L/FinalProject/project_1/project_1_vitis/project_1_plat/hw
TRACE::2026-04-18.10:47:43::SCWPlatform:: Platform Path C:/Users/kc10b/Vivado/ECE520L/FinalProject/project_1/project_1_vitis/project_1_plat/hw/design_1_wrapper.xsa
TRACE::2026-04-18.10:47:43::SCWPlatform:: Unique name xilinx:zybo-z7-10::0.0
TRACE::2026-04-18.10:47:43::SCWPlatform::Trying to set the existing hwdb with name design_1_wrapper_1
TRACE::2026-04-18.10:47:43::SCWPlatform::Opened existing hwdb design_1_wrapper_1
TRACE::2026-04-18.10:47:43::SCWPlatform::Found the Hw Db part of the input DSA
TRACE::2026-04-18.10:47:43::SCWPlatform::Trying to open the hw design at C:/Users/kc10b/Vivado/ECE520L/FinalProject/project_1/project_1_vitis/project_1_plat/hw/design_1_wrapper.xsa
TRACE::2026-04-18.10:47:43::SCWPlatform::DSA given C:/Users/kc10b/Vivado/ECE520L/FinalProject/project_1/project_1_vitis/project_1_plat/hw/design_1_wrapper.xsa
TRACE::2026-04-18.10:47:43::SCWPlatform::DSA absoulate path C:/Users/kc10b/Vivado/ECE520L/FinalProject/project_1/project_1_vitis/project_1_plat/hw/design_1_wrapper.xsa
TRACE::2026-04-18.10:47:43::SCWPlatform::DSA directory C:/Users/kc10b/Vivado/ECE520L/FinalProject/project_1/project_1_vitis/project_1_plat/hw
TRACE::2026-04-18.10:47:43::SCWPlatform:: Platform Path C:/Users/kc10b/Vivado/ECE520L/FinalProject/project_1/project_1_vitis/project_1_plat/hw/design_1_wrapper.xsa
TRACE::2026-04-18.10:47:43::SCWPlatform:: Unique name xilinx:zybo-z7-10::0.0
TRACE::2026-04-18.10:47:43::SCWPlatform::Trying to set the existing hwdb with name design_1_wrapper_1
TRACE::2026-04-18.10:47:43::SCWPlatform::Opened existing hwdb design_1_wrapper_1
TRACE::2026-04-18.10:47:43::SCWPlatform::Found the Hw Db part of the input DSA
TRACE::2026-04-18.10:47:43::SCWReader::Boot application domain added for zynq_fsbl
TRACE::2026-04-18.10:47:43::SCWPlatform::Trying to open the hw design at C:/Users/kc10b/Vivado/ECE520L/FinalProject/project_1/project_1_vitis/project_1_plat/hw/design_1_wrapper.xsa
TRACE::2026-04-18.10:47:43::SCWPlatform::DSA given C:/Users/kc10b/Vivado/ECE520L/FinalProject/project_1/project_1_vitis/project_1_plat/hw/design_1_wrapper.xsa
TRACE::2026-04-18.10:47:43::SCWPlatform::DSA absoulate path C:/Users/kc10b/Vivado/ECE520L/FinalProject/project_1/project_1_vitis/project_1_plat/hw/design_1_wrapper.xsa
TRACE::2026-04-18.10:47:43::SCWPlatform::DSA directory C:/Users/kc10b/Vivado/ECE520L/FinalProject/project_1/project_1_vitis/project_1_plat/hw
TRACE::2026-04-18.10:47:43::SCWPlatform:: Platform Path C:/Users/kc10b/Vivado/ECE520L/FinalProject/project_1/project_1_vitis/project_1_plat/hw/design_1_wrapper.xsa
TRACE::2026-04-18.10:47:43::SCWPlatform:: Unique name xilinx:zybo-z7-10::0.0
TRACE::2026-04-18.10:47:43::SCWPlatform::Trying to set the existing hwdb with name design_1_wrapper_1
TRACE::2026-04-18.10:47:43::SCWPlatform::Opened existing hwdb design_1_wrapper_1
TRACE::2026-04-18.10:47:43::SCWPlatform::Found the Hw Db part of the input DSA
TRACE::2026-04-18.10:47:43::SCWMssOS::Checking the sw design at  C:/Users/kc10b/Vivado/ECE520L/FinalProject/project_1/project_1_vitis/project_1_plat/zynq_fsbl/zynq_fsbl_bsp/system.mss
TRACE::2026-04-18.10:47:43::SCWMssOS::DEBUG:  swdes dump  
TRACE::2026-04-18.10:47:43::SCWMssOS::No sw design opened at  C:/Users/kc10b/Vivado/ECE520L/FinalProject/project_1/project_1_vitis/project_1_plat/zynq_fsbl/zynq_fsbl_bsp/system.mss
TRACE::2026-04-18.10:47:43::SCWMssOS::mss exists loading the mss file  C:/Users/kc10b/Vivado/ECE520L/FinalProject/project_1/project_1_vitis/project_1_plat/zynq_fsbl/zynq_fsbl_bsp/system.mss
TRACE::2026-04-18.10:47:43::SCWMssOS::Opened the sw design from mss  C:/Users/kc10b/Vivado/ECE520L/FinalProject/project_1/project_1_vitis/project_1_plat/zynq_fsbl/zynq_fsbl_bsp/system.mss
TRACE::2026-04-18.10:47:43::SCWMssOS::Adding the swdes entry C:/Users/kc10b/Vivado/ECE520L/FinalProject/project_1/project_1_vitis/project_1_plat/zynq_fsbl/zynq_fsbl_bsp/system.mss with des name system
TRACE::2026-04-18.10:47:43::SCWMssOS::updating the scw layer about changes
TRACE::2026-04-18.10:47:43::SCWMssOS::Opened the sw design.  C:/Users/kc10b/Vivado/ECE520L/FinalProject/project_1/project_1_vitis/project_1_plat/zynq_fsbl/zynq_fsbl_bsp/system.mss
TRACE::2026-04-18.10:47:43::SCWPlatform::Trying to open the hw design at C:/Users/kc10b/Vivado/ECE520L/FinalProject/project_1/project_1_vitis/project_1_plat/hw/design_1_wrapper.xsa
TRACE::2026-04-18.10:47:43::SCWPlatform::DSA given C:/Users/kc10b/Vivado/ECE520L/FinalProject/project_1/project_1_vitis/project_1_plat/hw/design_1_wrapper.xsa
TRACE::2026-04-18.10:47:43::SCWPlatform::DSA absoulate path C:/Users/kc10b/Vivado/ECE520L/FinalProject/project_1/project_1_vitis/project_1_plat/hw/design_1_wrapper.xsa
TRACE::2026-04-18.10:47:43::SCWPlatform::DSA directory C:/Users/kc10b/Vivado/ECE520L/FinalProject/project_1/project_1_vitis/project_1_plat/hw
TRACE::2026-04-18.10:47:43::SCWPlatform:: Platform Path C:/Users/kc10b/Vivado/ECE520L/FinalProject/project_1/project_1_vitis/project_1_plat/hw/design_1_wrapper.xsa
TRACE::2026-04-18.10:47:43::SCWPlatform:: Unique name xilinx:zybo-z7-10::0.0
TRACE::2026-04-18.10:47:43::SCWPlatform::Trying to set the existing hwdb with name design_1_wrapper_1
TRACE::2026-04-18.10:47:43::SCWPlatform::Opened existing hwdb design_1_wrapper_1
TRACE::2026-04-18.10:47:43::SCWPlatform::Found the Hw Db part of the input DSA
TRACE::2026-04-18.10:47:43::SCWMssOS::Checking the sw design at  C:/Users/kc10b/Vivado/ECE520L/FinalProject/project_1/project_1_vitis/project_1_plat/zynq_fsbl/zynq_fsbl_bsp/system.mss
TRACE::2026-04-18.10:47:43::SCWMssOS::DEBUG:  swdes dump  C:/Users/kc10b/Vivado/ECE520L/FinalProject/project_1/project_1_vitis/project_1_plat/zynq_fsbl/zynq_fsbl_bsp/system.mss|system||

TRACE::2026-04-18.10:47:43::SCWMssOS::Sw design exists and opened at  C:/Users/kc10b/Vivado/ECE520L/FinalProject/project_1/project_1_vitis/project_1_plat/zynq_fsbl/zynq_fsbl_bsp/system.mss
TRACE::2026-04-18.10:47:43::SCWMssOS:: library already available in sw design:  xilffs:5.0
TRACE::2026-04-18.10:47:43::SCWPlatform::Trying to open the hw design at C:/Users/kc10b/Vivado/ECE520L/FinalProject/project_1/project_1_vitis/project_1_plat/hw/design_1_wrapper.xsa
TRACE::2026-04-18.10:47:43::SCWPlatform::DSA given C:/Users/kc10b/Vivado/ECE520L/FinalProject/project_1/project_1_vitis/project_1_plat/hw/design_1_wrapper.xsa
TRACE::2026-04-18.10:47:43::SCWPlatform::DSA absoulate path C:/Users/kc10b/Vivado/ECE520L/FinalProject/project_1/project_1_vitis/project_1_plat/hw/design_1_wrapper.xsa
TRACE::2026-04-18.10:47:43::SCWPlatform::DSA directory C:/Users/kc10b/Vivado/ECE520L/FinalProject/project_1/project_1_vitis/project_1_plat/hw
TRACE::2026-04-18.10:47:43::SCWPlatform:: Platform Path C:/Users/kc10b/Vivado/ECE520L/FinalProject/project_1/project_1_vitis/project_1_plat/hw/design_1_wrapper.xsa
TRACE::2026-04-18.10:47:43::SCWPlatform:: Unique name xilinx:zybo-z7-10::0.0
TRACE::2026-04-18.10:47:43::SCWPlatform::Trying to set the existing hwdb with name design_1_wrapper_1
TRACE::2026-04-18.10:47:43::SCWPlatform::Opened existing hwdb design_1_wrapper_1
TRACE::2026-04-18.10:47:43::SCWPlatform::Found the Hw Db part of the input DSA
TRACE::2026-04-18.10:47:43::SCWMssOS::Checking the sw design at  C:/Users/kc10b/Vivado/ECE520L/FinalProject/project_1/project_1_vitis/project_1_plat/zynq_fsbl/zynq_fsbl_bsp/system.mss
TRACE::2026-04-18.10:47:43::SCWMssOS::DEBUG:  swdes dump  C:/Users/kc10b/Vivado/ECE520L/FinalProject/project_1/project_1_vitis/project_1_plat/zynq_fsbl/zynq_fsbl_bsp/system.mss|system||

TRACE::2026-04-18.10:47:43::SCWMssOS::Sw design exists and opened at  C:/Users/kc10b/Vivado/ECE520L/FinalProject/project_1/project_1_vitis/project_1_plat/zynq_fsbl/zynq_fsbl_bsp/system.mss
TRACE::2026-04-18.10:47:43::SCWMssOS:: library already available in sw design:  xilrsa:1.6
TRACE::2026-04-18.10:47:43::SCWMssOS::Saving the mss changes C:/Users/kc10b/Vivado/ECE520L/FinalProject/project_1/project_1_vitis/project_1_plat/zynq_fsbl/zynq_fsbl_bsp/system.mss
TRACE::2026-04-18.10:47:43::SCWMssOS::Found a swdesign opened with the mssfile.
TRACE::2026-04-18.10:47:43::SCWMssOS::Completed writemss as part of save.
TRACE::2026-04-18.10:47:43::SCWMssOS::Commit changes completed.
TRACE::2026-04-18.10:47:43::SCWReader::Adding prebuilt librarypaths as   
TRACE::2026-04-18.10:47:43::SCWReader::Adding prebuilt incpaths  as   
TRACE::2026-04-18.10:47:43::SCWPlatform::Trying to open the hw design at C:/Users/kc10b/Vivado/ECE520L/FinalProject/project_1/project_1_vitis/project_1_plat/hw/design_1_wrapper.xsa
TRACE::2026-04-18.10:47:43::SCWPlatform::DSA given C:/Users/kc10b/Vivado/ECE520L/FinalProject/project_1/project_1_vitis/project_1_plat/hw/design_1_wrapper.xsa
TRACE::2026-04-18.10:47:43::SCWPlatform::DSA absoulate path C:/Users/kc10b/Vivado/ECE520L/FinalProject/project_1/project_1_vitis/project_1_plat/hw/design_1_wrapper.xsa
TRACE::2026-04-18.10:47:43::SCWPlatform::DSA directory C:/Users/kc10b/Vivado/ECE520L/FinalProject/project_1/project_1_vitis/project_1_plat/hw
TRACE::2026-04-18.10:47:43::SCWPlatform:: Platform Path C:/Users/kc10b/Vivado/ECE520L/FinalProject/project_1/project_1_vitis/project_1_plat/hw/design_1_wrapper.xsa
TRACE::2026-04-18.10:47:43::SCWPlatform:: Unique name xilinx:zybo-z7-10::0.0
TRACE::2026-04-18.10:47:43::SCWPlatform::Trying to set the existing hwdb with name design_1_wrapper_1
TRACE::2026-04-18.10:47:43::SCWPlatform::Opened existing hwdb design_1_wrapper_1
TRACE::2026-04-18.10:47:43::SCWPlatform::Found the Hw Db part of the input DSA
TRACE::2026-04-18.10:47:43::SCWMssOS::Checking the sw design at  C:/Users/kc10b/Vivado/ECE520L/FinalProject/project_1/project_1_vitis/project_1_plat/zynq_fsbl/zynq_fsbl_bsp/system.mss
TRACE::2026-04-18.10:47:43::SCWMssOS::DEBUG:  swdes dump  C:/Users/kc10b/Vivado/ECE520L/FinalProject/project_1/project_1_vitis/project_1_plat/zynq_fsbl/zynq_fsbl_bsp/system.mss|system||

TRACE::2026-04-18.10:47:43::SCWMssOS::Sw design exists and opened at  C:/Users/kc10b/Vivado/ECE520L/FinalProject/project_1/project_1_vitis/project_1_plat/zynq_fsbl/zynq_fsbl_bsp/system.mss
TRACE::2026-04-18.10:47:43::SCWReader::No isolation master present  
TRACE::2026-04-18.10:47:43::SCWDomain::checking for install qemu data   : 
TRACE::2026-04-18.10:47:43::SCWDomain:: Using the QEMU Data from install at  : C:/Xilinx/Vitis/2023.1/data/emulation/platforms/zynq/sw/a9_standalone/qemu/
TRACE::2026-04-18.10:47:43::SCWDomain:: Using the QEMU args  from install at  : C:/Xilinx/Vitis/2023.1/data/emulation/platforms/zynq/sw/a9_standalone/qemu/qemu_args.txt
TRACE::2026-04-18.10:47:43::SCWPlatform::Trying to open the hw design at C:/Users/kc10b/Vivado/ECE520L/FinalProject/project_1/project_1_vitis/project_1_plat/hw/design_1_wrapper.xsa
TRACE::2026-04-18.10:47:43::SCWPlatform::DSA given C:/Users/kc10b/Vivado/ECE520L/FinalProject/project_1/project_1_vitis/project_1_plat/hw/design_1_wrapper.xsa
TRACE::2026-04-18.10:47:43::SCWPlatform::DSA absoulate path C:/Users/kc10b/Vivado/ECE520L/FinalProject/project_1/project_1_vitis/project_1_plat/hw/design_1_wrapper.xsa
TRACE::2026-04-18.10:47:43::SCWPlatform::DSA directory C:/Users/kc10b/Vivado/ECE520L/FinalProject/project_1/project_1_vitis/project_1_plat/hw
TRACE::2026-04-18.10:47:43::SCWPlatform:: Platform Path C:/Users/kc10b/Vivado/ECE520L/FinalProject/project_1/project_1_vitis/project_1_plat/hw/design_1_wrapper.xsa
TRACE::2026-04-18.10:47:43::SCWPlatform:: Unique name xilinx:zybo-z7-10::0.0
TRACE::2026-04-18.10:47:43::SCWPlatform::Trying to set the existing hwdb with name design_1_wrapper_1
TRACE::2026-04-18.10:47:43::SCWPlatform::Opened existing hwdb design_1_wrapper_1
TRACE::2026-04-18.10:47:43::SCWPlatform::Found the Hw Db part of the input DSA
TRACE::2026-04-18.10:47:43::SCWPlatform::Trying to open the hw design at C:/Users/kc10b/Vivado/ECE520L/FinalProject/project_1/project_1_vitis/project_1_plat/hw/design_1_wrapper.xsa
TRACE::2026-04-18.10:47:43::SCWPlatform::DSA given C:/Users/kc10b/Vivado/ECE520L/FinalProject/project_1/project_1_vitis/project_1_plat/hw/design_1_wrapper.xsa
TRACE::2026-04-18.10:47:43::SCWPlatform::DSA absoulate path C:/Users/kc10b/Vivado/ECE520L/FinalProject/project_1/project_1_vitis/project_1_plat/hw/design_1_wrapper.xsa
TRACE::2026-04-18.10:47:43::SCWPlatform::DSA directory C:/Users/kc10b/Vivado/ECE520L/FinalProject/project_1/project_1_vitis/project_1_plat/hw
TRACE::2026-04-18.10:47:43::SCWPlatform:: Platform Path C:/Users/kc10b/Vivado/ECE520L/FinalProject/project_1/project_1_vitis/project_1_plat/hw/design_1_wrapper.xsa
TRACE::2026-04-18.10:47:43::SCWPlatform:: Unique name xilinx:zybo-z7-10::0.0
TRACE::2026-04-18.10:47:43::SCWPlatform::Trying to set the existing hwdb with name design_1_wrapper_1
TRACE::2026-04-18.10:47:43::SCWPlatform::Opened existing hwdb design_1_wrapper_1
TRACE::2026-04-18.10:47:43::SCWPlatform::Found the Hw Db part of the input DSA
TRACE::2026-04-18.10:47:43::SCWPlatform::Trying to open the hw design at C:/Users/kc10b/Vivado/ECE520L/FinalProject/project_1/project_1_vitis/project_1_plat/hw/design_1_wrapper.xsa
TRACE::2026-04-18.10:47:43::SCWPlatform::DSA given C:/Users/kc10b/Vivado/ECE520L/FinalProject/project_1/project_1_vitis/project_1_plat/hw/design_1_wrapper.xsa
TRACE::2026-04-18.10:47:43::SCWPlatform::DSA absoulate path C:/Users/kc10b/Vivado/ECE520L/FinalProject/project_1/project_1_vitis/project_1_plat/hw/design_1_wrapper.xsa
TRACE::2026-04-18.10:47:43::SCWPlatform::DSA directory C:/Users/kc10b/Vivado/ECE520L/FinalProject/project_1/project_1_vitis/project_1_plat/hw
TRACE::2026-04-18.10:47:43::SCWPlatform:: Platform Path C:/Users/kc10b/Vivado/ECE520L/FinalProject/project_1/project_1_vitis/project_1_plat/hw/design_1_wrapper.xsa
TRACE::2026-04-18.10:47:43::SCWPlatform:: Unique name xilinx:zybo-z7-10::0.0
TRACE::2026-04-18.10:47:43::SCWPlatform::Trying to set the existing hwdb with name design_1_wrapper_1
TRACE::2026-04-18.10:47:43::SCWPlatform::Opened existing hwdb design_1_wrapper_1
TRACE::2026-04-18.10:47:43::SCWPlatform::Found the Hw Db part of the input DSA
TRACE::2026-04-18.10:47:43::SCWMssOS::Checking the sw design at  C:/Users/kc10b/Vivado/ECE520L/FinalProject/project_1/project_1_vitis/project_1_plat/ps7_cortexa9_0/standalone_domain/bsp/system.mss
TRACE::2026-04-18.10:47:43::SCWMssOS::DEBUG:  swdes dump  C:/Users/kc10b/Vivado/ECE520L/FinalProject/project_1/project_1_vitis/project_1_plat/zynq_fsbl/zynq_fsbl_bsp/system.mss|system||

TRACE::2026-04-18.10:47:43::SCWMssOS::No sw design opened at  C:/Users/kc10b/Vivado/ECE520L/FinalProject/project_1/project_1_vitis/project_1_plat/ps7_cortexa9_0/standalone_domain/bsp/system.mss
TRACE::2026-04-18.10:47:43::SCWMssOS::mss exists loading the mss file  C:/Users/kc10b/Vivado/ECE520L/FinalProject/project_1/project_1_vitis/project_1_plat/ps7_cortexa9_0/standalone_domain/bsp/system.mss
TRACE::2026-04-18.10:47:43::SCWMssOS::Opened the sw design from mss  C:/Users/kc10b/Vivado/ECE520L/FinalProject/project_1/project_1_vitis/project_1_plat/ps7_cortexa9_0/standalone_domain/bsp/system.mss
TRACE::2026-04-18.10:47:43::SCWMssOS::Adding the swdes entry C:/Users/kc10b/Vivado/ECE520L/FinalProject/project_1/project_1_vitis/project_1_plat/ps7_cortexa9_0/standalone_domain/bsp/system.mss with des name system_0
TRACE::2026-04-18.10:47:43::SCWMssOS::updating the scw layer about changes
TRACE::2026-04-18.10:47:43::SCWMssOS::Opened the sw design.  C:/Users/kc10b/Vivado/ECE520L/FinalProject/project_1/project_1_vitis/project_1_plat/ps7_cortexa9_0/standalone_domain/bsp/system.mss
TRACE::2026-04-18.10:47:43::SCWMssOS::Saving the mss changes C:/Users/kc10b/Vivado/ECE520L/FinalProject/project_1/project_1_vitis/project_1_plat/ps7_cortexa9_0/standalone_domain/bsp/system.mss
TRACE::2026-04-18.10:47:43::SCWMssOS::Found a swdesign opened with the mssfile.
TRACE::2026-04-18.10:47:43::SCWMssOS::Completed writemss as part of save.
TRACE::2026-04-18.10:47:43::SCWMssOS::Commit changes completed.
TRACE::2026-04-18.10:47:43::SCWReader::Adding prebuilt librarypaths as   
TRACE::2026-04-18.10:47:43::SCWReader::Adding prebuilt incpaths  as   
TRACE::2026-04-18.10:47:43::SCWPlatform::Trying to open the hw design at C:/Users/kc10b/Vivado/ECE520L/FinalProject/project_1/project_1_vitis/project_1_plat/hw/design_1_wrapper.xsa
TRACE::2026-04-18.10:47:43::SCWPlatform::DSA given C:/Users/kc10b/Vivado/ECE520L/FinalProject/project_1/project_1_vitis/project_1_plat/hw/design_1_wrapper.xsa
TRACE::2026-04-18.10:47:43::SCWPlatform::DSA absoulate path C:/Users/kc10b/Vivado/ECE520L/FinalProject/project_1/project_1_vitis/project_1_plat/hw/design_1_wrapper.xsa
TRACE::2026-04-18.10:47:43::SCWPlatform::DSA directory C:/Users/kc10b/Vivado/ECE520L/FinalProject/project_1/project_1_vitis/project_1_plat/hw
TRACE::2026-04-18.10:47:43::SCWPlatform:: Platform Path C:/Users/kc10b/Vivado/ECE520L/FinalProject/project_1/project_1_vitis/project_1_plat/hw/design_1_wrapper.xsa
TRACE::2026-04-18.10:47:43::SCWPlatform:: Unique name xilinx:zybo-z7-10::0.0
TRACE::2026-04-18.10:47:43::SCWPlatform::Trying to set the existing hwdb with name design_1_wrapper_1
TRACE::2026-04-18.10:47:43::SCWPlatform::Opened existing hwdb design_1_wrapper_1
TRACE::2026-04-18.10:47:43::SCWPlatform::Found the Hw Db part of the input DSA
TRACE::2026-04-18.10:47:43::SCWMssOS::Checking the sw design at  C:/Users/kc10b/Vivado/ECE520L/FinalProject/project_1/project_1_vitis/project_1_plat/ps7_cortexa9_0/standalone_domain/bsp/system.mss
TRACE::2026-04-18.10:47:43::SCWMssOS::DEBUG:  swdes dump  C:/Users/kc10b/Vivado/ECE520L/FinalProject/project_1/project_1_vitis/project_1_plat/ps7_cortexa9_0/standalone_domain/bsp/system.mss|system_0||
C:/Users/kc10b/Vivado/ECE520L/FinalProject/project_1/project_1_vitis/project_1_plat/zynq_fsbl/zynq_fsbl_bsp/system.mss|system||

TRACE::2026-04-18.10:47:43::SCWMssOS::Sw design exists and opened at  C:/Users/kc10b/Vivado/ECE520L/FinalProject/project_1/project_1_vitis/project_1_plat/ps7_cortexa9_0/standalone_domain/bsp/system.mss
TRACE::2026-04-18.10:47:43::SCWReader::No isolation master present  
TRACE::2026-04-18.10:47:49::SCWPlatform::Trying to open the hw design at C:/Users/kc10b/Vivado/ECE520L/FinalProject/project_1/project_1_vitis/project_1_plat/hw/design_1_wrapper.xsa
TRACE::2026-04-18.10:47:49::SCWPlatform::DSA given C:/Users/kc10b/Vivado/ECE520L/FinalProject/project_1/project_1_vitis/project_1_plat/hw/design_1_wrapper.xsa
TRACE::2026-04-18.10:47:49::SCWPlatform::DSA absoulate path C:/Users/kc10b/Vivado/ECE520L/FinalProject/project_1/project_1_vitis/project_1_plat/hw/design_1_wrapper.xsa
TRACE::2026-04-18.10:47:49::SCWPlatform::DSA directory C:/Users/kc10b/Vivado/ECE520L/FinalProject/project_1/project_1_vitis/project_1_plat/hw
TRACE::2026-04-18.10:47:49::SCWPlatform:: Platform Path C:/Users/kc10b/Vivado/ECE520L/FinalProject/project_1/project_1_vitis/project_1_plat/hw/design_1_wrapper.xsa
TRACE::2026-04-18.10:47:49::SCWPlatform:: Unique name xilinx:zybo-z7-10::0.0
TRACE::2026-04-18.10:47:49::SCWPlatform::Trying to set the existing hwdb with name design_1_wrapper_1
TRACE::2026-04-18.10:47:49::SCWPlatform::Opened existing hwdb design_1_wrapper_1
TRACE::2026-04-18.10:47:49::SCWPlatform::Found the Hw Db part of the input DSA
TRACE::2026-04-18.10:47:49::SCWMssOS::Checking the sw design at  C:/Users/kc10b/Vivado/ECE520L/FinalProject/project_1/project_1_vitis/project_1_plat/zynq_fsbl/zynq_fsbl_bsp/system.mss
TRACE::2026-04-18.10:47:49::SCWMssOS::DEBUG:  swdes dump  C:/Users/kc10b/Vivado/ECE520L/FinalProject/project_1/project_1_vitis/project_1_plat/ps7_cortexa9_0/standalone_domain/bsp/system.mss|system_0||
C:/Users/kc10b/Vivado/ECE520L/FinalProject/project_1/project_1_vitis/project_1_plat/zynq_fsbl/zynq_fsbl_bsp/system.mss|system||

TRACE::2026-04-18.10:47:49::SCWMssOS::Sw design exists and opened at  C:/Users/kc10b/Vivado/ECE520L/FinalProject/project_1/project_1_vitis/project_1_plat/zynq_fsbl/zynq_fsbl_bsp/system.mss
TRACE::2026-04-18.10:47:49::SCWMssOS::In reload Mss file.
TRACE::2026-04-18.10:47:49::SCWPlatform::Trying to open the hw design at C:/Users/kc10b/Vivado/ECE520L/FinalProject/project_1/project_1_vitis/project_1_plat/hw/design_1_wrapper.xsa
TRACE::2026-04-18.10:47:49::SCWPlatform::DSA given C:/Users/kc10b/Vivado/ECE520L/FinalProject/project_1/project_1_vitis/project_1_plat/hw/design_1_wrapper.xsa
TRACE::2026-04-18.10:47:49::SCWPlatform::DSA absoulate path C:/Users/kc10b/Vivado/ECE520L/FinalProject/project_1/project_1_vitis/project_1_plat/hw/design_1_wrapper.xsa
TRACE::2026-04-18.10:47:49::SCWPlatform::DSA directory C:/Users/kc10b/Vivado/ECE520L/FinalProject/project_1/project_1_vitis/project_1_plat/hw
TRACE::2026-04-18.10:47:49::SCWPlatform:: Platform Path C:/Users/kc10b/Vivado/ECE520L/FinalProject/project_1/project_1_vitis/project_1_plat/hw/design_1_wrapper.xsa
TRACE::2026-04-18.10:47:49::SCWPlatform:: Unique name xilinx:zybo-z7-10::0.0
TRACE::2026-04-18.10:47:49::SCWPlatform::Trying to set the existing hwdb with name design_1_wrapper_1
TRACE::2026-04-18.10:47:49::SCWPlatform::Opened existing hwdb design_1_wrapper_1
TRACE::2026-04-18.10:47:49::SCWPlatform::Found the Hw Db part of the input DSA
TRACE::2026-04-18.10:47:49::SCWMssOS::Checking the sw design at  C:/Users/kc10b/Vivado/ECE520L/FinalProject/project_1/project_1_vitis/project_1_plat/zynq_fsbl/zynq_fsbl_bsp/system.mss
TRACE::2026-04-18.10:47:49::SCWMssOS::DEBUG:  swdes dump  C:/Users/kc10b/Vivado/ECE520L/FinalProject/project_1/project_1_vitis/project_1_plat/ps7_cortexa9_0/standalone_domain/bsp/system.mss|system_0||

TRACE::2026-04-18.10:47:49::SCWMssOS::No sw design opened at  C:/Users/kc10b/Vivado/ECE520L/FinalProject/project_1/project_1_vitis/project_1_plat/zynq_fsbl/zynq_fsbl_bsp/system.mss
TRACE::2026-04-18.10:47:49::SCWMssOS::mss exists loading the mss file  C:/Users/kc10b/Vivado/ECE520L/FinalProject/project_1/project_1_vitis/project_1_plat/zynq_fsbl/zynq_fsbl_bsp/system.mss
TRACE::2026-04-18.10:47:49::SCWMssOS::Opened the sw design from mss  C:/Users/kc10b/Vivado/ECE520L/FinalProject/project_1/project_1_vitis/project_1_plat/zynq_fsbl/zynq_fsbl_bsp/system.mss
TRACE::2026-04-18.10:47:49::SCWMssOS::Adding the swdes entry C:/Users/kc10b/Vivado/ECE520L/FinalProject/project_1/project_1_vitis/project_1_plat/zynq_fsbl/zynq_fsbl_bsp/system.mss with des name system
TRACE::2026-04-18.10:47:49::SCWMssOS::updating the scw layer about changes
TRACE::2026-04-18.10:47:49::SCWMssOS::Opened the sw design.  C:/Users/kc10b/Vivado/ECE520L/FinalProject/project_1/project_1_vitis/project_1_plat/zynq_fsbl/zynq_fsbl_bsp/system.mss
TRACE::2026-04-18.10:47:49::SCWPlatform::Trying to open the hw design at C:/Users/kc10b/Vivado/ECE520L/FinalProject/project_1/project_1_vitis/project_1_plat/hw/design_1_wrapper.xsa
TRACE::2026-04-18.10:47:49::SCWPlatform::DSA given C:/Users/kc10b/Vivado/ECE520L/FinalProject/project_1/project_1_vitis/project_1_plat/hw/design_1_wrapper.xsa
TRACE::2026-04-18.10:47:49::SCWPlatform::DSA absoulate path C:/Users/kc10b/Vivado/ECE520L/FinalProject/project_1/project_1_vitis/project_1_plat/hw/design_1_wrapper.xsa
TRACE::2026-04-18.10:47:49::SCWPlatform::DSA directory C:/Users/kc10b/Vivado/ECE520L/FinalProject/project_1/project_1_vitis/project_1_plat/hw
TRACE::2026-04-18.10:47:49::SCWPlatform:: Platform Path C:/Users/kc10b/Vivado/ECE520L/FinalProject/project_1/project_1_vitis/project_1_plat/hw/design_1_wrapper.xsa
TRACE::2026-04-18.10:47:49::SCWPlatform:: Unique name xilinx:zybo-z7-10::0.0
TRACE::2026-04-18.10:47:49::SCWPlatform::Trying to set the existing hwdb with name design_1_wrapper_1
TRACE::2026-04-18.10:47:49::SCWPlatform::Opened existing hwdb design_1_wrapper_1
TRACE::2026-04-18.10:47:49::SCWPlatform::Found the Hw Db part of the input DSA
TRACE::2026-04-18.10:47:49::SCWMssOS::Checking the sw design at  C:/Users/kc10b/Vivado/ECE520L/FinalProject/project_1/project_1_vitis/project_1_plat/zynq_fsbl/zynq_fsbl_bsp/system.mss
TRACE::2026-04-18.10:47:49::SCWMssOS::DEBUG:  swdes dump  C:/Users/kc10b/Vivado/ECE520L/FinalProject/project_1/project_1_vitis/project_1_plat/ps7_cortexa9_0/standalone_domain/bsp/system.mss|system_0||
C:/Users/kc10b/Vivado/ECE520L/FinalProject/project_1/project_1_vitis/project_1_plat/zynq_fsbl/zynq_fsbl_bsp/system.mss|system||

TRACE::2026-04-18.10:47:49::SCWMssOS::Sw design exists and opened at  C:/Users/kc10b/Vivado/ECE520L/FinalProject/project_1/project_1_vitis/project_1_plat/zynq_fsbl/zynq_fsbl_bsp/system.mss
TRACE::2026-04-18.10:47:49::SCWMssOS:: library already available in sw design:  xilffs:5.0
TRACE::2026-04-18.10:47:49::SCWPlatform::Trying to open the hw design at C:/Users/kc10b/Vivado/ECE520L/FinalProject/project_1/project_1_vitis/project_1_plat/hw/design_1_wrapper.xsa
TRACE::2026-04-18.10:47:49::SCWPlatform::DSA given C:/Users/kc10b/Vivado/ECE520L/FinalProject/project_1/project_1_vitis/project_1_plat/hw/design_1_wrapper.xsa
TRACE::2026-04-18.10:47:49::SCWPlatform::DSA absoulate path C:/Users/kc10b/Vivado/ECE520L/FinalProject/project_1/project_1_vitis/project_1_plat/hw/design_1_wrapper.xsa
TRACE::2026-04-18.10:47:49::SCWPlatform::DSA directory C:/Users/kc10b/Vivado/ECE520L/FinalProject/project_1/project_1_vitis/project_1_plat/hw
TRACE::2026-04-18.10:47:49::SCWPlatform:: Platform Path C:/Users/kc10b/Vivado/ECE520L/FinalProject/project_1/project_1_vitis/project_1_plat/hw/design_1_wrapper.xsa
TRACE::2026-04-18.10:47:49::SCWPlatform:: Unique name xilinx:zybo-z7-10::0.0
TRACE::2026-04-18.10:47:49::SCWPlatform::Trying to set the existing hwdb with name design_1_wrapper_1
TRACE::2026-04-18.10:47:49::SCWPlatform::Opened existing hwdb design_1_wrapper_1
TRACE::2026-04-18.10:47:49::SCWPlatform::Found the Hw Db part of the input DSA
TRACE::2026-04-18.10:47:49::SCWMssOS::Checking the sw design at  C:/Users/kc10b/Vivado/ECE520L/FinalProject/project_1/project_1_vitis/project_1_plat/zynq_fsbl/zynq_fsbl_bsp/system.mss
TRACE::2026-04-18.10:47:49::SCWMssOS::DEBUG:  swdes dump  C:/Users/kc10b/Vivado/ECE520L/FinalProject/project_1/project_1_vitis/project_1_plat/ps7_cortexa9_0/standalone_domain/bsp/system.mss|system_0||
C:/Users/kc10b/Vivado/ECE520L/FinalProject/project_1/project_1_vitis/project_1_plat/zynq_fsbl/zynq_fsbl_bsp/system.mss|system||

TRACE::2026-04-18.10:47:49::SCWMssOS::Sw design exists and opened at  C:/Users/kc10b/Vivado/ECE520L/FinalProject/project_1/project_1_vitis/project_1_plat/zynq_fsbl/zynq_fsbl_bsp/system.mss
TRACE::2026-04-18.10:47:49::SCWMssOS:: library already available in sw design:  xilrsa:1.6
TRACE::2026-04-18.10:47:49::SCWMssOS::Saving the mss changes C:/Users/kc10b/Vivado/ECE520L/FinalProject/project_1/project_1_vitis/project_1_plat/zynq_fsbl/zynq_fsbl_bsp/system.mss
TRACE::2026-04-18.10:47:49::SCWMssOS::Found a swdesign opened with the mssfile.
TRACE::2026-04-18.10:47:49::SCWMssOS::Completed writemss as part of save.
TRACE::2026-04-18.10:47:49::SCWMssOS::Commit changes completed.
TRACE::2026-04-18.10:47:49::SCWPlatform::Trying to open the hw design at C:/Users/kc10b/Vivado/ECE520L/FinalProject/project_1/project_1_vitis/project_1_plat/hw/design_1_wrapper.xsa
TRACE::2026-04-18.10:47:49::SCWPlatform::DSA given C:/Users/kc10b/Vivado/ECE520L/FinalProject/project_1/project_1_vitis/project_1_plat/hw/design_1_wrapper.xsa
TRACE::2026-04-18.10:47:49::SCWPlatform::DSA absoulate path C:/Users/kc10b/Vivado/ECE520L/FinalProject/project_1/project_1_vitis/project_1_plat/hw/design_1_wrapper.xsa
TRACE::2026-04-18.10:47:49::SCWPlatform::DSA directory C:/Users/kc10b/Vivado/ECE520L/FinalProject/project_1/project_1_vitis/project_1_plat/hw
TRACE::2026-04-18.10:47:49::SCWPlatform:: Platform Path C:/Users/kc10b/Vivado/ECE520L/FinalProject/project_1/project_1_vitis/project_1_plat/hw/design_1_wrapper.xsa
TRACE::2026-04-18.10:47:49::SCWPlatform:: Unique name xilinx:zybo-z7-10::0.0
TRACE::2026-04-18.10:47:49::SCWPlatform::Trying to set the existing hwdb with name design_1_wrapper_1
TRACE::2026-04-18.10:47:49::SCWPlatform::Opened existing hwdb design_1_wrapper_1
TRACE::2026-04-18.10:47:49::SCWPlatform::Found the Hw Db part of the input DSA
TRACE::2026-04-18.10:47:49::SCWMssOS::Checking the sw design at  C:/Users/kc10b/Vivado/ECE520L/FinalProject/project_1/project_1_vitis/project_1_plat/zynq_fsbl/zynq_fsbl_bsp/system.mss
TRACE::2026-04-18.10:47:49::SCWMssOS::DEBUG:  swdes dump  C:/Users/kc10b/Vivado/ECE520L/FinalProject/project_1/project_1_vitis/project_1_plat/ps7_cortexa9_0/standalone_domain/bsp/system.mss|system_0||
C:/Users/kc10b/Vivado/ECE520L/FinalProject/project_1/project_1_vitis/project_1_plat/zynq_fsbl/zynq_fsbl_bsp/system.mss|system||

TRACE::2026-04-18.10:47:49::SCWMssOS::Sw design exists and opened at  C:/Users/kc10b/Vivado/ECE520L/FinalProject/project_1/project_1_vitis/project_1_plat/zynq_fsbl/zynq_fsbl_bsp/system.mss
TRACE::2026-04-18.10:47:49::SCWMssOS::Removing the swdes entry for  C:/Users/kc10b/Vivado/ECE520L/FinalProject/project_1/project_1_vitis/project_1_plat/zynq_fsbl/zynq_fsbl_bsp/system.mss
TRACE::2026-04-18.10:47:51::SCWPlatform::Trying to open the hw design at C:/Users/kc10b/Vivado/ECE520L/FinalProject/project_1/project_1_vitis/project_1_plat/hw/design_1_wrapper.xsa
TRACE::2026-04-18.10:47:51::SCWPlatform::DSA given C:/Users/kc10b/Vivado/ECE520L/FinalProject/project_1/project_1_vitis/project_1_plat/hw/design_1_wrapper.xsa
TRACE::2026-04-18.10:47:51::SCWPlatform::DSA absoulate path C:/Users/kc10b/Vivado/ECE520L/FinalProject/project_1/project_1_vitis/project_1_plat/hw/design_1_wrapper.xsa
TRACE::2026-04-18.10:47:51::SCWPlatform::DSA directory C:/Users/kc10b/Vivado/ECE520L/FinalProject/project_1/project_1_vitis/project_1_plat/hw
TRACE::2026-04-18.10:47:51::SCWPlatform:: Platform Path C:/Users/kc10b/Vivado/ECE520L/FinalProject/project_1/project_1_vitis/project_1_plat/hw/design_1_wrapper.xsa
TRACE::2026-04-18.10:47:51::SCWPlatform:: Unique name xilinx:zybo-z7-10::0.0
TRACE::2026-04-18.10:47:51::SCWPlatform::Trying to set the existing hwdb with name design_1_wrapper_1
TRACE::2026-04-18.10:47:51::SCWPlatform::Opened existing hwdb design_1_wrapper_1
TRACE::2026-04-18.10:47:51::SCWPlatform::Found the Hw Db part of the input DSA
TRACE::2026-04-18.10:47:51::SCWMssOS::Checking the sw design at  C:/Users/kc10b/Vivado/ECE520L/FinalProject/project_1/project_1_vitis/project_1_plat/zynq_fsbl/zynq_fsbl_bsp/system.mss
TRACE::2026-04-18.10:47:51::SCWMssOS::DEBUG:  swdes dump  C:/Users/kc10b/Vivado/ECE520L/FinalProject/project_1/project_1_vitis/project_1_plat/ps7_cortexa9_0/standalone_domain/bsp/system.mss|system_0||

TRACE::2026-04-18.10:47:51::SCWMssOS::No sw design opened at  C:/Users/kc10b/Vivado/ECE520L/FinalProject/project_1/project_1_vitis/project_1_plat/zynq_fsbl/zynq_fsbl_bsp/system.mss
TRACE::2026-04-18.10:47:51::SCWMssOS::mss exists loading the mss file  C:/Users/kc10b/Vivado/ECE520L/FinalProject/project_1/project_1_vitis/project_1_plat/zynq_fsbl/zynq_fsbl_bsp/system.mss
TRACE::2026-04-18.10:47:51::SCWMssOS::Opened the sw design from mss  C:/Users/kc10b/Vivado/ECE520L/FinalProject/project_1/project_1_vitis/project_1_plat/zynq_fsbl/zynq_fsbl_bsp/system.mss
TRACE::2026-04-18.10:47:51::SCWMssOS::Adding the swdes entry C:/Users/kc10b/Vivado/ECE520L/FinalProject/project_1/project_1_vitis/project_1_plat/zynq_fsbl/zynq_fsbl_bsp/system.mss with des name system
TRACE::2026-04-18.10:47:51::SCWMssOS::updating the scw layer about changes
TRACE::2026-04-18.10:47:51::SCWMssOS::Opened the sw design.  C:/Users/kc10b/Vivado/ECE520L/FinalProject/project_1/project_1_vitis/project_1_plat/zynq_fsbl/zynq_fsbl_bsp/system.mss
TRACE::2026-04-18.10:48:14::SCWPlatform::Trying to open the hw design at C:/Users/kc10b/Vivado/ECE520L/FinalProject/project_1/project_1_vitis/project_1_plat/hw/design_1_wrapper.xsa
TRACE::2026-04-18.10:48:14::SCWPlatform::DSA given C:/Users/kc10b/Vivado/ECE520L/FinalProject/project_1/project_1_vitis/project_1_plat/hw/design_1_wrapper.xsa
TRACE::2026-04-18.10:48:14::SCWPlatform::DSA absoulate path C:/Users/kc10b/Vivado/ECE520L/FinalProject/project_1/project_1_vitis/project_1_plat/hw/design_1_wrapper.xsa
TRACE::2026-04-18.10:48:14::SCWPlatform::DSA directory C:/Users/kc10b/Vivado/ECE520L/FinalProject/project_1/project_1_vitis/project_1_plat/hw
TRACE::2026-04-18.10:48:14::SCWPlatform:: Platform Path C:/Users/kc10b/Vivado/ECE520L/FinalProject/project_1/project_1_vitis/project_1_plat/hw/design_1_wrapper.xsa
TRACE::2026-04-18.10:48:14::SCWPlatform:: Unique name xilinx:zybo-z7-10::0.0
TRACE::2026-04-18.10:48:14::SCWPlatform::Trying to set the existing hwdb with name design_1_wrapper_1
TRACE::2026-04-18.10:48:14::SCWPlatform::Opened existing hwdb design_1_wrapper_1
TRACE::2026-04-18.10:48:14::SCWPlatform::Found the Hw Db part of the input DSA
TRACE::2026-04-18.10:48:14::SCWMssOS::Checking the sw design at  C:/Users/kc10b/Vivado/ECE520L/FinalProject/project_1/project_1_vitis/project_1_plat/zynq_fsbl/zynq_fsbl_bsp/system.mss
TRACE::2026-04-18.10:48:14::SCWMssOS::DEBUG:  swdes dump  C:/Users/kc10b/Vivado/ECE520L/FinalProject/project_1/project_1_vitis/project_1_plat/ps7_cortexa9_0/standalone_domain/bsp/system.mss|system_0||
C:/Users/kc10b/Vivado/ECE520L/FinalProject/project_1/project_1_vitis/project_1_plat/zynq_fsbl/zynq_fsbl_bsp/system.mss|system||

TRACE::2026-04-18.10:48:14::SCWMssOS::Sw design exists and opened at  C:/Users/kc10b/Vivado/ECE520L/FinalProject/project_1/project_1_vitis/project_1_plat/zynq_fsbl/zynq_fsbl_bsp/system.mss
TRACE::2026-04-18.10:49:02::SCWMssOS::In reload Mss file.
TRACE::2026-04-18.10:49:02::SCWPlatform::Trying to open the hw design at C:/Users/kc10b/Vivado/ECE520L/FinalProject/project_1/project_1_vitis/project_1_plat/hw/design_1_wrapper.xsa
TRACE::2026-04-18.10:49:02::SCWPlatform::DSA given C:/Users/kc10b/Vivado/ECE520L/FinalProject/project_1/project_1_vitis/project_1_plat/hw/design_1_wrapper.xsa
TRACE::2026-04-18.10:49:02::SCWPlatform::DSA absoulate path C:/Users/kc10b/Vivado/ECE520L/FinalProject/project_1/project_1_vitis/project_1_plat/hw/design_1_wrapper.xsa
TRACE::2026-04-18.10:49:02::SCWPlatform::DSA directory C:/Users/kc10b/Vivado/ECE520L/FinalProject/project_1/project_1_vitis/project_1_plat/hw
TRACE::2026-04-18.10:49:02::SCWPlatform:: Platform Path C:/Users/kc10b/Vivado/ECE520L/FinalProject/project_1/project_1_vitis/project_1_plat/hw/design_1_wrapper.xsa
TRACE::2026-04-18.10:49:02::SCWPlatform:: Unique name xilinx:zybo-z7-10::0.0
TRACE::2026-04-18.10:49:02::SCWPlatform::Trying to set the existing hwdb with name design_1_wrapper_1
TRACE::2026-04-18.10:49:02::SCWPlatform::Opened existing hwdb design_1_wrapper_1
TRACE::2026-04-18.10:49:02::SCWPlatform::Found the Hw Db part of the input DSA
TRACE::2026-04-18.10:49:02::SCWMssOS::Checking the sw design at  C:/Users/kc10b/Vivado/ECE520L/FinalProject/project_1/project_1_vitis/project_1_plat/zynq_fsbl/zynq_fsbl_bsp/system.mss
TRACE::2026-04-18.10:49:02::SCWMssOS::DEBUG:  swdes dump  C:/Users/kc10b/Vivado/ECE520L/FinalProject/project_1/project_1_vitis/project_1_plat/ps7_cortexa9_0/standalone_domain/bsp/system.mss|system_0||

TRACE::2026-04-18.10:49:02::SCWMssOS::No sw design opened at  C:/Users/kc10b/Vivado/ECE520L/FinalProject/project_1/project_1_vitis/project_1_plat/zynq_fsbl/zynq_fsbl_bsp/system.mss
TRACE::2026-04-18.10:49:02::SCWMssOS::mss exists loading the mss file  C:/Users/kc10b/Vivado/ECE520L/FinalProject/project_1/project_1_vitis/project_1_plat/zynq_fsbl/zynq_fsbl_bsp/system.mss
TRACE::2026-04-18.10:49:02::SCWMssOS::Opened the sw design from mss  C:/Users/kc10b/Vivado/ECE520L/FinalProject/project_1/project_1_vitis/project_1_plat/zynq_fsbl/zynq_fsbl_bsp/system.mss
TRACE::2026-04-18.10:49:02::SCWMssOS::Adding the swdes entry C:/Users/kc10b/Vivado/ECE520L/FinalProject/project_1/project_1_vitis/project_1_plat/zynq_fsbl/zynq_fsbl_bsp/system.mss with des name system
TRACE::2026-04-18.10:49:02::SCWMssOS::updating the scw layer about changes
TRACE::2026-04-18.10:49:02::SCWMssOS::Opened the sw design.  C:/Users/kc10b/Vivado/ECE520L/FinalProject/project_1/project_1_vitis/project_1_plat/zynq_fsbl/zynq_fsbl_bsp/system.mss
TRACE::2026-04-18.10:49:02::SCWPlatform::Trying to open the hw design at C:/Users/kc10b/Vivado/ECE520L/FinalProject/project_1/project_1_vitis/project_1_plat/hw/design_1_wrapper.xsa
TRACE::2026-04-18.10:49:02::SCWPlatform::DSA given C:/Users/kc10b/Vivado/ECE520L/FinalProject/project_1/project_1_vitis/project_1_plat/hw/design_1_wrapper.xsa
TRACE::2026-04-18.10:49:02::SCWPlatform::DSA absoulate path C:/Users/kc10b/Vivado/ECE520L/FinalProject/project_1/project_1_vitis/project_1_plat/hw/design_1_wrapper.xsa
TRACE::2026-04-18.10:49:02::SCWPlatform::DSA directory C:/Users/kc10b/Vivado/ECE520L/FinalProject/project_1/project_1_vitis/project_1_plat/hw
TRACE::2026-04-18.10:49:02::SCWPlatform:: Platform Path C:/Users/kc10b/Vivado/ECE520L/FinalProject/project_1/project_1_vitis/project_1_plat/hw/design_1_wrapper.xsa
TRACE::2026-04-18.10:49:02::SCWPlatform:: Unique name xilinx:zybo-z7-10::0.0
TRACE::2026-04-18.10:49:02::SCWPlatform::Trying to set the existing hwdb with name design_1_wrapper_1
TRACE::2026-04-18.10:49:02::SCWPlatform::Opened existing hwdb design_1_wrapper_1
TRACE::2026-04-18.10:49:02::SCWPlatform::Found the Hw Db part of the input DSA
TRACE::2026-04-18.10:49:02::SCWMssOS::Checking the sw design at  C:/Users/kc10b/Vivado/ECE520L/FinalProject/project_1/project_1_vitis/project_1_plat/zynq_fsbl/zynq_fsbl_bsp/system.mss
TRACE::2026-04-18.10:49:02::SCWMssOS::DEBUG:  swdes dump  C:/Users/kc10b/Vivado/ECE520L/FinalProject/project_1/project_1_vitis/project_1_plat/ps7_cortexa9_0/standalone_domain/bsp/system.mss|system_0||
C:/Users/kc10b/Vivado/ECE520L/FinalProject/project_1/project_1_vitis/project_1_plat/zynq_fsbl/zynq_fsbl_bsp/system.mss|system||

TRACE::2026-04-18.10:49:02::SCWMssOS::Sw design exists and opened at  C:/Users/kc10b/Vivado/ECE520L/FinalProject/project_1/project_1_vitis/project_1_plat/zynq_fsbl/zynq_fsbl_bsp/system.mss
TRACE::2026-04-18.10:49:02::SCWMssOS:: library already available in sw design:  xilffs:5.0
TRACE::2026-04-18.10:49:02::SCWPlatform::Trying to open the hw design at C:/Users/kc10b/Vivado/ECE520L/FinalProject/project_1/project_1_vitis/project_1_plat/hw/design_1_wrapper.xsa
TRACE::2026-04-18.10:49:02::SCWPlatform::DSA given C:/Users/kc10b/Vivado/ECE520L/FinalProject/project_1/project_1_vitis/project_1_plat/hw/design_1_wrapper.xsa
TRACE::2026-04-18.10:49:02::SCWPlatform::DSA absoulate path C:/Users/kc10b/Vivado/ECE520L/FinalProject/project_1/project_1_vitis/project_1_plat/hw/design_1_wrapper.xsa
TRACE::2026-04-18.10:49:02::SCWPlatform::DSA directory C:/Users/kc10b/Vivado/ECE520L/FinalProject/project_1/project_1_vitis/project_1_plat/hw
TRACE::2026-04-18.10:49:02::SCWPlatform:: Platform Path C:/Users/kc10b/Vivado/ECE520L/FinalProject/project_1/project_1_vitis/project_1_plat/hw/design_1_wrapper.xsa
TRACE::2026-04-18.10:49:02::SCWPlatform:: Unique name xilinx:zybo-z7-10::0.0
TRACE::2026-04-18.10:49:02::SCWPlatform::Trying to set the existing hwdb with name design_1_wrapper_1
TRACE::2026-04-18.10:49:02::SCWPlatform::Opened existing hwdb design_1_wrapper_1
TRACE::2026-04-18.10:49:02::SCWPlatform::Found the Hw Db part of the input DSA
TRACE::2026-04-18.10:49:02::SCWMssOS::Checking the sw design at  C:/Users/kc10b/Vivado/ECE520L/FinalProject/project_1/project_1_vitis/project_1_plat/zynq_fsbl/zynq_fsbl_bsp/system.mss
TRACE::2026-04-18.10:49:02::SCWMssOS::DEBUG:  swdes dump  C:/Users/kc10b/Vivado/ECE520L/FinalProject/project_1/project_1_vitis/project_1_plat/ps7_cortexa9_0/standalone_domain/bsp/system.mss|system_0||
C:/Users/kc10b/Vivado/ECE520L/FinalProject/project_1/project_1_vitis/project_1_plat/zynq_fsbl/zynq_fsbl_bsp/system.mss|system||

TRACE::2026-04-18.10:49:02::SCWMssOS::Sw design exists and opened at  C:/Users/kc10b/Vivado/ECE520L/FinalProject/project_1/project_1_vitis/project_1_plat/zynq_fsbl/zynq_fsbl_bsp/system.mss
TRACE::2026-04-18.10:49:02::SCWMssOS:: library already available in sw design:  xilrsa:1.6
TRACE::2026-04-18.10:49:02::SCWMssOS::Saving the mss changes C:/Users/kc10b/Vivado/ECE520L/FinalProject/project_1/project_1_vitis/project_1_plat/zynq_fsbl/zynq_fsbl_bsp/system.mss
TRACE::2026-04-18.10:49:02::SCWMssOS::Found a swdesign opened with the mssfile.
TRACE::2026-04-18.10:49:02::SCWMssOS::Completed writemss as part of save.
TRACE::2026-04-18.10:49:02::SCWMssOS::Commit changes completed.
TRACE::2026-04-18.10:49:02::SCWPlatform::Trying to open the hw design at C:/Users/kc10b/Vivado/ECE520L/FinalProject/project_1/project_1_vitis/project_1_plat/hw/design_1_wrapper.xsa
TRACE::2026-04-18.10:49:02::SCWPlatform::DSA given C:/Users/kc10b/Vivado/ECE520L/FinalProject/project_1/project_1_vitis/project_1_plat/hw/design_1_wrapper.xsa
TRACE::2026-04-18.10:49:02::SCWPlatform::DSA absoulate path C:/Users/kc10b/Vivado/ECE520L/FinalProject/project_1/project_1_vitis/project_1_plat/hw/design_1_wrapper.xsa
TRACE::2026-04-18.10:49:02::SCWPlatform::DSA directory C:/Users/kc10b/Vivado/ECE520L/FinalProject/project_1/project_1_vitis/project_1_plat/hw
TRACE::2026-04-18.10:49:02::SCWPlatform:: Platform Path C:/Users/kc10b/Vivado/ECE520L/FinalProject/project_1/project_1_vitis/project_1_plat/hw/design_1_wrapper.xsa
TRACE::2026-04-18.10:49:02::SCWPlatform:: Unique name xilinx:zybo-z7-10::0.0
TRACE::2026-04-18.10:49:02::SCWPlatform::Trying to set the existing hwdb with name design_1_wrapper_1
TRACE::2026-04-18.10:49:02::SCWPlatform::Opened existing hwdb design_1_wrapper_1
TRACE::2026-04-18.10:49:02::SCWPlatform::Found the Hw Db part of the input DSA
TRACE::2026-04-18.10:49:02::SCWMssOS::Checking the sw design at  C:/Users/kc10b/Vivado/ECE520L/FinalProject/project_1/project_1_vitis/project_1_plat/zynq_fsbl/zynq_fsbl_bsp/system.mss
TRACE::2026-04-18.10:49:02::SCWMssOS::DEBUG:  swdes dump  C:/Users/kc10b/Vivado/ECE520L/FinalProject/project_1/project_1_vitis/project_1_plat/ps7_cortexa9_0/standalone_domain/bsp/system.mss|system_0||
C:/Users/kc10b/Vivado/ECE520L/FinalProject/project_1/project_1_vitis/project_1_plat/zynq_fsbl/zynq_fsbl_bsp/system.mss|system||

TRACE::2026-04-18.10:49:02::SCWMssOS::Sw design exists and opened at  C:/Users/kc10b/Vivado/ECE520L/FinalProject/project_1/project_1_vitis/project_1_plat/zynq_fsbl/zynq_fsbl_bsp/system.mss
TRACE::2026-04-18.10:49:02::SCWMssOS::Removing the swdes entry for  C:/Users/kc10b/Vivado/ECE520L/FinalProject/project_1/project_1_vitis/project_1_plat/zynq_fsbl/zynq_fsbl_bsp/system.mss
TRACE::2026-04-18.10:49:04::SCWPlatform::Trying to open the hw design at C:/Users/kc10b/Vivado/ECE520L/FinalProject/project_1/project_1_vitis/project_1_plat/hw/design_1_wrapper.xsa
TRACE::2026-04-18.10:49:04::SCWPlatform::DSA given C:/Users/kc10b/Vivado/ECE520L/FinalProject/project_1/project_1_vitis/project_1_plat/hw/design_1_wrapper.xsa
TRACE::2026-04-18.10:49:04::SCWPlatform::DSA absoulate path C:/Users/kc10b/Vivado/ECE520L/FinalProject/project_1/project_1_vitis/project_1_plat/hw/design_1_wrapper.xsa
TRACE::2026-04-18.10:49:04::SCWPlatform::DSA directory C:/Users/kc10b/Vivado/ECE520L/FinalProject/project_1/project_1_vitis/project_1_plat/hw
TRACE::2026-04-18.10:49:04::SCWPlatform:: Platform Path C:/Users/kc10b/Vivado/ECE520L/FinalProject/project_1/project_1_vitis/project_1_plat/hw/design_1_wrapper.xsa
TRACE::2026-04-18.10:49:04::SCWPlatform:: Unique name xilinx:zybo-z7-10::0.0
TRACE::2026-04-18.10:49:04::SCWPlatform::Trying to set the existing hwdb with name design_1_wrapper_1
TRACE::2026-04-18.10:49:04::SCWPlatform::Opened existing hwdb design_1_wrapper_1
TRACE::2026-04-18.10:49:04::SCWPlatform::Found the Hw Db part of the input DSA
TRACE::2026-04-18.10:49:04::SCWMssOS::Checking the sw design at  C:/Users/kc10b/Vivado/ECE520L/FinalProject/project_1/project_1_vitis/project_1_plat/zynq_fsbl/zynq_fsbl_bsp/system.mss
TRACE::2026-04-18.10:49:04::SCWMssOS::DEBUG:  swdes dump  C:/Users/kc10b/Vivado/ECE520L/FinalProject/project_1/project_1_vitis/project_1_plat/ps7_cortexa9_0/standalone_domain/bsp/system.mss|system_0||

TRACE::2026-04-18.10:49:04::SCWMssOS::No sw design opened at  C:/Users/kc10b/Vivado/ECE520L/FinalProject/project_1/project_1_vitis/project_1_plat/zynq_fsbl/zynq_fsbl_bsp/system.mss
TRACE::2026-04-18.10:49:04::SCWMssOS::mss exists loading the mss file  C:/Users/kc10b/Vivado/ECE520L/FinalProject/project_1/project_1_vitis/project_1_plat/zynq_fsbl/zynq_fsbl_bsp/system.mss
TRACE::2026-04-18.10:49:04::SCWMssOS::Opened the sw design from mss  C:/Users/kc10b/Vivado/ECE520L/FinalProject/project_1/project_1_vitis/project_1_plat/zynq_fsbl/zynq_fsbl_bsp/system.mss
TRACE::2026-04-18.10:49:04::SCWMssOS::Adding the swdes entry C:/Users/kc10b/Vivado/ECE520L/FinalProject/project_1/project_1_vitis/project_1_plat/zynq_fsbl/zynq_fsbl_bsp/system.mss with des name system
TRACE::2026-04-18.10:49:04::SCWMssOS::updating the scw layer about changes
TRACE::2026-04-18.10:49:04::SCWMssOS::Opened the sw design.  C:/Users/kc10b/Vivado/ECE520L/FinalProject/project_1/project_1_vitis/project_1_plat/zynq_fsbl/zynq_fsbl_bsp/system.mss
TRACE::2026-04-18.10:49:10::SCWMssOS::In reload Mss file.
TRACE::2026-04-18.10:49:10::SCWPlatform::Trying to open the hw design at C:/Users/kc10b/Vivado/ECE520L/FinalProject/project_1/project_1_vitis/project_1_plat/hw/design_1_wrapper.xsa
TRACE::2026-04-18.10:49:10::SCWPlatform::DSA given C:/Users/kc10b/Vivado/ECE520L/FinalProject/project_1/project_1_vitis/project_1_plat/hw/design_1_wrapper.xsa
TRACE::2026-04-18.10:49:10::SCWPlatform::DSA absoulate path C:/Users/kc10b/Vivado/ECE520L/FinalProject/project_1/project_1_vitis/project_1_plat/hw/design_1_wrapper.xsa
TRACE::2026-04-18.10:49:10::SCWPlatform::DSA directory C:/Users/kc10b/Vivado/ECE520L/FinalProject/project_1/project_1_vitis/project_1_plat/hw
TRACE::2026-04-18.10:49:10::SCWPlatform:: Platform Path C:/Users/kc10b/Vivado/ECE520L/FinalProject/project_1/project_1_vitis/project_1_plat/hw/design_1_wrapper.xsa
TRACE::2026-04-18.10:49:10::SCWPlatform:: Unique name xilinx:zybo-z7-10::0.0
TRACE::2026-04-18.10:49:10::SCWPlatform::Trying to set the existing hwdb with name design_1_wrapper_1
TRACE::2026-04-18.10:49:10::SCWPlatform::Opened existing hwdb design_1_wrapper_1
TRACE::2026-04-18.10:49:10::SCWPlatform::Found the Hw Db part of the input DSA
TRACE::2026-04-18.10:49:10::SCWMssOS::Checking the sw design at  C:/Users/kc10b/Vivado/ECE520L/FinalProject/project_1/project_1_vitis/project_1_plat/zynq_fsbl/zynq_fsbl_bsp/system.mss
TRACE::2026-04-18.10:49:10::SCWMssOS::DEBUG:  swdes dump  C:/Users/kc10b/Vivado/ECE520L/FinalProject/project_1/project_1_vitis/project_1_plat/ps7_cortexa9_0/standalone_domain/bsp/system.mss|system_0||

TRACE::2026-04-18.10:49:10::SCWMssOS::No sw design opened at  C:/Users/kc10b/Vivado/ECE520L/FinalProject/project_1/project_1_vitis/project_1_plat/zynq_fsbl/zynq_fsbl_bsp/system.mss
TRACE::2026-04-18.10:49:10::SCWMssOS::mss exists loading the mss file  C:/Users/kc10b/Vivado/ECE520L/FinalProject/project_1/project_1_vitis/project_1_plat/zynq_fsbl/zynq_fsbl_bsp/system.mss
TRACE::2026-04-18.10:49:10::SCWMssOS::Opened the sw design from mss  C:/Users/kc10b/Vivado/ECE520L/FinalProject/project_1/project_1_vitis/project_1_plat/zynq_fsbl/zynq_fsbl_bsp/system.mss
TRACE::2026-04-18.10:49:10::SCWMssOS::Adding the swdes entry C:/Users/kc10b/Vivado/ECE520L/FinalProject/project_1/project_1_vitis/project_1_plat/zynq_fsbl/zynq_fsbl_bsp/system.mss with des name system
TRACE::2026-04-18.10:49:10::SCWMssOS::updating the scw layer about changes
TRACE::2026-04-18.10:49:10::SCWMssOS::Opened the sw design.  C:/Users/kc10b/Vivado/ECE520L/FinalProject/project_1/project_1_vitis/project_1_plat/zynq_fsbl/zynq_fsbl_bsp/system.mss
TRACE::2026-04-18.10:49:10::SCWPlatform::Trying to open the hw design at C:/Users/kc10b/Vivado/ECE520L/FinalProject/project_1/project_1_vitis/project_1_plat/hw/design_1_wrapper.xsa
TRACE::2026-04-18.10:49:10::SCWPlatform::DSA given C:/Users/kc10b/Vivado/ECE520L/FinalProject/project_1/project_1_vitis/project_1_plat/hw/design_1_wrapper.xsa
TRACE::2026-04-18.10:49:10::SCWPlatform::DSA absoulate path C:/Users/kc10b/Vivado/ECE520L/FinalProject/project_1/project_1_vitis/project_1_plat/hw/design_1_wrapper.xsa
TRACE::2026-04-18.10:49:10::SCWPlatform::DSA directory C:/Users/kc10b/Vivado/ECE520L/FinalProject/project_1/project_1_vitis/project_1_plat/hw
TRACE::2026-04-18.10:49:10::SCWPlatform:: Platform Path C:/Users/kc10b/Vivado/ECE520L/FinalProject/project_1/project_1_vitis/project_1_plat/hw/design_1_wrapper.xsa
TRACE::2026-04-18.10:49:10::SCWPlatform:: Unique name xilinx:zybo-z7-10::0.0
TRACE::2026-04-18.10:49:10::SCWPlatform::Trying to set the existing hwdb with name design_1_wrapper_1
TRACE::2026-04-18.10:49:10::SCWPlatform::Opened existing hwdb design_1_wrapper_1
TRACE::2026-04-18.10:49:10::SCWPlatform::Found the Hw Db part of the input DSA
TRACE::2026-04-18.10:49:10::SCWMssOS::Checking the sw design at  C:/Users/kc10b/Vivado/ECE520L/FinalProject/project_1/project_1_vitis/project_1_plat/zynq_fsbl/zynq_fsbl_bsp/system.mss
TRACE::2026-04-18.10:49:10::SCWMssOS::DEBUG:  swdes dump  C:/Users/kc10b/Vivado/ECE520L/FinalProject/project_1/project_1_vitis/project_1_plat/ps7_cortexa9_0/standalone_domain/bsp/system.mss|system_0||
C:/Users/kc10b/Vivado/ECE520L/FinalProject/project_1/project_1_vitis/project_1_plat/zynq_fsbl/zynq_fsbl_bsp/system.mss|system||

TRACE::2026-04-18.10:49:10::SCWMssOS::Sw design exists and opened at  C:/Users/kc10b/Vivado/ECE520L/FinalProject/project_1/project_1_vitis/project_1_plat/zynq_fsbl/zynq_fsbl_bsp/system.mss
TRACE::2026-04-18.10:49:10::SCWMssOS:: library already available in sw design:  xilffs:5.0
TRACE::2026-04-18.10:49:10::SCWPlatform::Trying to open the hw design at C:/Users/kc10b/Vivado/ECE520L/FinalProject/project_1/project_1_vitis/project_1_plat/hw/design_1_wrapper.xsa
TRACE::2026-04-18.10:49:10::SCWPlatform::DSA given C:/Users/kc10b/Vivado/ECE520L/FinalProject/project_1/project_1_vitis/project_1_plat/hw/design_1_wrapper.xsa
TRACE::2026-04-18.10:49:10::SCWPlatform::DSA absoulate path C:/Users/kc10b/Vivado/ECE520L/FinalProject/project_1/project_1_vitis/project_1_plat/hw/design_1_wrapper.xsa
TRACE::2026-04-18.10:49:10::SCWPlatform::DSA directory C:/Users/kc10b/Vivado/ECE520L/FinalProject/project_1/project_1_vitis/project_1_plat/hw
TRACE::2026-04-18.10:49:10::SCWPlatform:: Platform Path C:/Users/kc10b/Vivado/ECE520L/FinalProject/project_1/project_1_vitis/project_1_plat/hw/design_1_wrapper.xsa
TRACE::2026-04-18.10:49:10::SCWPlatform:: Unique name xilinx:zybo-z7-10::0.0
TRACE::2026-04-18.10:49:10::SCWPlatform::Trying to set the existing hwdb with name design_1_wrapper_1
TRACE::2026-04-18.10:49:10::SCWPlatform::Opened existing hwdb design_1_wrapper_1
TRACE::2026-04-18.10:49:10::SCWPlatform::Found the Hw Db part of the input DSA
TRACE::2026-04-18.10:49:10::SCWMssOS::Checking the sw design at  C:/Users/kc10b/Vivado/ECE520L/FinalProject/project_1/project_1_vitis/project_1_plat/zynq_fsbl/zynq_fsbl_bsp/system.mss
TRACE::2026-04-18.10:49:10::SCWMssOS::DEBUG:  swdes dump  C:/Users/kc10b/Vivado/ECE520L/FinalProject/project_1/project_1_vitis/project_1_plat/ps7_cortexa9_0/standalone_domain/bsp/system.mss|system_0||
C:/Users/kc10b/Vivado/ECE520L/FinalProject/project_1/project_1_vitis/project_1_plat/zynq_fsbl/zynq_fsbl_bsp/system.mss|system||

TRACE::2026-04-18.10:49:10::SCWMssOS::Sw design exists and opened at  C:/Users/kc10b/Vivado/ECE520L/FinalProject/project_1/project_1_vitis/project_1_plat/zynq_fsbl/zynq_fsbl_bsp/system.mss
TRACE::2026-04-18.10:49:10::SCWMssOS:: library already available in sw design:  xilrsa:1.6
TRACE::2026-04-18.10:49:10::SCWMssOS::Saving the mss changes C:/Users/kc10b/Vivado/ECE520L/FinalProject/project_1/project_1_vitis/project_1_plat/zynq_fsbl/zynq_fsbl_bsp/system.mss
TRACE::2026-04-18.10:49:10::SCWMssOS::Found a swdesign opened with the mssfile.
TRACE::2026-04-18.10:49:10::SCWMssOS::Completed writemss as part of save.
TRACE::2026-04-18.10:49:10::SCWMssOS::Commit changes completed.
TRACE::2026-04-18.10:49:10::SCWPlatform::Trying to open the hw design at C:/Users/kc10b/Vivado/ECE520L/FinalProject/project_1/project_1_vitis/project_1_plat/hw/design_1_wrapper.xsa
TRACE::2026-04-18.10:49:10::SCWPlatform::DSA given C:/Users/kc10b/Vivado/ECE520L/FinalProject/project_1/project_1_vitis/project_1_plat/hw/design_1_wrapper.xsa
TRACE::2026-04-18.10:49:10::SCWPlatform::DSA absoulate path C:/Users/kc10b/Vivado/ECE520L/FinalProject/project_1/project_1_vitis/project_1_plat/hw/design_1_wrapper.xsa
TRACE::2026-04-18.10:49:10::SCWPlatform::DSA directory C:/Users/kc10b/Vivado/ECE520L/FinalProject/project_1/project_1_vitis/project_1_plat/hw
TRACE::2026-04-18.10:49:10::SCWPlatform:: Platform Path C:/Users/kc10b/Vivado/ECE520L/FinalProject/project_1/project_1_vitis/project_1_plat/hw/design_1_wrapper.xsa
TRACE::2026-04-18.10:49:10::SCWPlatform:: Unique name xilinx:zybo-z7-10::0.0
TRACE::2026-04-18.10:49:10::SCWPlatform::Trying to set the existing hwdb with name design_1_wrapper_1
TRACE::2026-04-18.10:49:10::SCWPlatform::Opened existing hwdb design_1_wrapper_1
TRACE::2026-04-18.10:49:10::SCWPlatform::Found the Hw Db part of the input DSA
TRACE::2026-04-18.10:49:10::SCWMssOS::Checking the sw design at  C:/Users/kc10b/Vivado/ECE520L/FinalProject/project_1/project_1_vitis/project_1_plat/zynq_fsbl/zynq_fsbl_bsp/system.mss
TRACE::2026-04-18.10:49:10::SCWMssOS::DEBUG:  swdes dump  C:/Users/kc10b/Vivado/ECE520L/FinalProject/project_1/project_1_vitis/project_1_plat/ps7_cortexa9_0/standalone_domain/bsp/system.mss|system_0||
C:/Users/kc10b/Vivado/ECE520L/FinalProject/project_1/project_1_vitis/project_1_plat/zynq_fsbl/zynq_fsbl_bsp/system.mss|system||

TRACE::2026-04-18.10:49:10::SCWMssOS::Sw design exists and opened at  C:/Users/kc10b/Vivado/ECE520L/FinalProject/project_1/project_1_vitis/project_1_plat/zynq_fsbl/zynq_fsbl_bsp/system.mss
TRACE::2026-04-18.10:49:10::SCWMssOS::Removing the swdes entry for  C:/Users/kc10b/Vivado/ECE520L/FinalProject/project_1/project_1_vitis/project_1_plat/zynq_fsbl/zynq_fsbl_bsp/system.mss
LOG::2026-04-18.10:49:59::SCWPlatform::Started generating the artifacts platform project_1_plat
TRACE::2026-04-18.10:49:59::SCWPlatform::Sanity checking of platform is completed
LOG::2026-04-18.10:49:59::SCWPlatform::Started generating the artifacts for system configuration project_1_plat
LOG::2026-04-18.10:49:59::SCWSystem::Checking the domain zynq_fsbl
LOG::2026-04-18.10:49:59::SCWSystem::Doing application build for :  zynq_fsbl
TRACE::2026-04-18.10:49:59::SCWBDomain::Not a forced makefile updation, No changes are present. 
TRACE::2026-04-18.10:49:59::SCWDomain::Building the domain as part of full build :  zynq_fsbl
TRACE::2026-04-18.10:49:59::SCWPlatform::Trying to open the hw design at C:/Users/kc10b/Vivado/ECE520L/FinalProject/project_1/project_1_vitis/project_1_plat/hw/design_1_wrapper.xsa
TRACE::2026-04-18.10:49:59::SCWPlatform::DSA given C:/Users/kc10b/Vivado/ECE520L/FinalProject/project_1/project_1_vitis/project_1_plat/hw/design_1_wrapper.xsa
TRACE::2026-04-18.10:49:59::SCWPlatform::DSA absoulate path C:/Users/kc10b/Vivado/ECE520L/FinalProject/project_1/project_1_vitis/project_1_plat/hw/design_1_wrapper.xsa
TRACE::2026-04-18.10:49:59::SCWPlatform::DSA directory C:/Users/kc10b/Vivado/ECE520L/FinalProject/project_1/project_1_vitis/project_1_plat/hw
TRACE::2026-04-18.10:49:59::SCWPlatform:: Platform Path C:/Users/kc10b/Vivado/ECE520L/FinalProject/project_1/project_1_vitis/project_1_plat/hw/design_1_wrapper.xsa
TRACE::2026-04-18.10:49:59::SCWPlatform:: Unique name xilinx:zybo-z7-10::0.0
TRACE::2026-04-18.10:49:59::SCWPlatform::Trying to set the existing hwdb with name design_1_wrapper_1
TRACE::2026-04-18.10:49:59::SCWPlatform::Opened existing hwdb design_1_wrapper_1
TRACE::2026-04-18.10:49:59::SCWPlatform::Found the Hw Db part of the input DSA
TRACE::2026-04-18.10:49:59::SCWMssOS::Checking the sw design at  C:/Users/kc10b/Vivado/ECE520L/FinalProject/project_1/project_1_vitis/project_1_plat/zynq_fsbl/zynq_fsbl_bsp/system.mss
TRACE::2026-04-18.10:49:59::SCWMssOS::DEBUG:  swdes dump  C:/Users/kc10b/Vivado/ECE520L/FinalProject/project_1/project_1_vitis/project_1_plat/ps7_cortexa9_0/standalone_domain/bsp/system.mss|system_0||

TRACE::2026-04-18.10:49:59::SCWMssOS::No sw design opened at  C:/Users/kc10b/Vivado/ECE520L/FinalProject/project_1/project_1_vitis/project_1_plat/zynq_fsbl/zynq_fsbl_bsp/system.mss
TRACE::2026-04-18.10:49:59::SCWMssOS::mss exists loading the mss file  C:/Users/kc10b/Vivado/ECE520L/FinalProject/project_1/project_1_vitis/project_1_plat/zynq_fsbl/zynq_fsbl_bsp/system.mss
TRACE::2026-04-18.10:49:59::SCWMssOS::Opened the sw design from mss  C:/Users/kc10b/Vivado/ECE520L/FinalProject/project_1/project_1_vitis/project_1_plat/zynq_fsbl/zynq_fsbl_bsp/system.mss
TRACE::2026-04-18.10:49:59::SCWMssOS::Adding the swdes entry C:/Users/kc10b/Vivado/ECE520L/FinalProject/project_1/project_1_vitis/project_1_plat/zynq_fsbl/zynq_fsbl_bsp/system.mss with des name system
TRACE::2026-04-18.10:49:59::SCWMssOS::updating the scw layer about changes
TRACE::2026-04-18.10:49:59::SCWMssOS::Opened the sw design.  C:/Users/kc10b/Vivado/ECE520L/FinalProject/project_1/project_1_vitis/project_1_plat/zynq_fsbl/zynq_fsbl_bsp/system.mss
TRACE::2026-04-18.10:49:59::SCWBDomain::Completed writing the mss file at C:/Users/kc10b/Vivado/ECE520L/FinalProject/project_1/project_1_vitis/project_1_plat/zynq_fsbl/zynq_fsbl_bsp
TRACE::2026-04-18.10:49:59::SCWBDomain::bsp generated is upto date with the mss file. Skipping bsp generation.
TRACE::2026-04-18.10:49:59::SCWBDomain::Not a forced makefile updation, No changes are present. 
TRACE::2026-04-18.10:49:59::SCWBDomain::System Command Ran  C:&  cd  C:/Users/kc10b/Vivado/ECE520L/FinalProject/project_1/project_1_vitis/project_1_plat/zynq_fsbl& make -C  zynq_fsbl_bsp & make 
TRACE::2026-04-18.10:49:59::SCWBDomain::make: Entering directory 'C:/Users/kc10b/Vivado/ECE520L/FinalProject/project_1/project_1_vitis/project_1_plat/zynq_fsbl/zynq_fs
TRACE::2026-04-18.10:49:59::SCWBDomain::bl_bsp'

TRACE::2026-04-18.10:49:59::SCWBDomain::make --no-print-directory seq_libs

TRACE::2026-04-18.10:50:00::SCWBDomain::"Running Make include in ps7_cortexa9_0/libsrc/coresightps_dcc_v1_8/src"

TRACE::2026-04-18.10:50:00::SCWBDomain::make -C ps7_cortexa9_0/libsrc/coresightps_dcc_v1_8/src -s include  "SHELL=CMD" "COMPILER=arm-none-eabi-gcc" "ASSEMBLER=arm-none
TRACE::2026-04-18.10:50:00::SCWBDomain::-eabi-as" "ARCHIVER=arm-none-eabi-ar" "COMPILER_FLAGS=  -O2 -c" "EXTRA_COMPILER_FLAGS=-mcpu=cortex-a9 -mfpu=vfpv3 -mfloat-abi=h
TRACE::2026-04-18.10:50:00::SCWBDomain::ard -nostartfiles -g -Wall -Wextra -fno-tree-loop-distribute-patterns"

TRACE::2026-04-18.10:50:00::SCWBDomain::"Running Make include in ps7_cortexa9_0/libsrc/cpu_cortexa9_v2_11/src"

TRACE::2026-04-18.10:50:00::SCWBDomain::make -C ps7_cortexa9_0/libsrc/cpu_cortexa9_v2_11/src -s include  "SHELL=CMD" "COMPILER=arm-none-eabi-gcc" "ASSEMBLER=arm-none-e
TRACE::2026-04-18.10:50:00::SCWBDomain::abi-as" "ARCHIVER=arm-none-eabi-ar" "COMPILER_FLAGS=  -O2 -c" "EXTRA_COMPILER_FLAGS=-mcpu=cortex-a9 -mfpu=vfpv3 -mfloat-abi=har
TRACE::2026-04-18.10:50:00::SCWBDomain::d -nostartfiles -g -Wall -Wextra -fno-tree-loop-distribute-patterns"

TRACE::2026-04-18.10:50:01::SCWBDomain::"Running Make include in ps7_cortexa9_0/libsrc/ddrps_v1_2/src"

TRACE::2026-04-18.10:50:01::SCWBDomain::make -C ps7_cortexa9_0/libsrc/ddrps_v1_2/src -s include  "SHELL=CMD" "COMPILER=arm-none-eabi-gcc" "ASSEMBLER=arm-none-eabi-as" 
TRACE::2026-04-18.10:50:01::SCWBDomain::"ARCHIVER=arm-none-eabi-ar" "COMPILER_FLAGS=  -O2 -c" "EXTRA_COMPILER_FLAGS=-mcpu=cortex-a9 -mfpu=vfpv3 -mfloat-abi=hard -nosta
TRACE::2026-04-18.10:50:01::SCWBDomain::rtfiles -g -Wall -Wextra -fno-tree-loop-distribute-patterns"

TRACE::2026-04-18.10:50:01::SCWBDomain::"Running Make include in ps7_cortexa9_0/libsrc/devcfg_v3_7/src"

TRACE::2026-04-18.10:50:01::SCWBDomain::make -C ps7_cortexa9_0/libsrc/devcfg_v3_7/src -s include  "SHELL=CMD" "COMPILER=arm-none-eabi-gcc" "ASSEMBLER=arm-none-eabi-as"
TRACE::2026-04-18.10:50:01::SCWBDomain:: "ARCHIVER=arm-none-eabi-ar" "COMPILER_FLAGS=  -O2 -c" "EXTRA_COMPILER_FLAGS=-mcpu=cortex-a9 -mfpu=vfpv3 -mfloat-abi=hard -nost
TRACE::2026-04-18.10:50:01::SCWBDomain::artfiles -g -Wall -Wextra -fno-tree-loop-distribute-patterns"

TRACE::2026-04-18.10:50:02::SCWBDomain::"Running Make include in ps7_cortexa9_0/libsrc/dmaps_v2_8/src"

TRACE::2026-04-18.10:50:02::SCWBDomain::make -C ps7_cortexa9_0/libsrc/dmaps_v2_8/src -s include  "SHELL=CMD" "COMPILER=arm-none-eabi-gcc" "ASSEMBLER=arm-none-eabi-as" 
TRACE::2026-04-18.10:50:02::SCWBDomain::"ARCHIVER=arm-none-eabi-ar" "COMPILER_FLAGS=  -O2 -c" "EXTRA_COMPILER_FLAGS=-mcpu=cortex-a9 -mfpu=vfpv3 -mfloat-abi=hard -nosta
TRACE::2026-04-18.10:50:02::SCWBDomain::rtfiles -g -Wall -Wextra -fno-tree-loop-distribute-patterns"

TRACE::2026-04-18.10:50:02::SCWBDomain::"Running Make include in ps7_cortexa9_0/libsrc/emacps_v3_18/src"

TRACE::2026-04-18.10:50:02::SCWBDomain::make -C ps7_cortexa9_0/libsrc/emacps_v3_18/src -s include  "SHELL=CMD" "COMPILER=arm-none-eabi-gcc" "ASSEMBLER=arm-none-eabi-as
TRACE::2026-04-18.10:50:02::SCWBDomain::" "ARCHIVER=arm-none-eabi-ar" "COMPILER_FLAGS=  -O2 -c" "EXTRA_COMPILER_FLAGS=-mcpu=cortex-a9 -mfpu=vfpv3 -mfloat-abi=hard -nos
TRACE::2026-04-18.10:50:02::SCWBDomain::tartfiles -g -Wall -Wextra -fno-tree-loop-distribute-patterns"

TRACE::2026-04-18.10:50:03::SCWBDomain::"Running Make include in ps7_cortexa9_0/libsrc/gpiops_v3_11/src"

TRACE::2026-04-18.10:50:03::SCWBDomain::make -C ps7_cortexa9_0/libsrc/gpiops_v3_11/src -s include  "SHELL=CMD" "COMPILER=arm-none-eabi-gcc" "ASSEMBLER=arm-none-eabi-as
TRACE::2026-04-18.10:50:03::SCWBDomain::" "ARCHIVER=arm-none-eabi-ar" "COMPILER_FLAGS=  -O2 -c" "EXTRA_COMPILER_FLAGS=-mcpu=cortex-a9 -mfpu=vfpv3 -mfloat-abi=hard -nos
TRACE::2026-04-18.10:50:03::SCWBDomain::tartfiles -g -Wall -Wextra -fno-tree-loop-distribute-patterns"

TRACE::2026-04-18.10:50:04::SCWBDomain::"Running Make include in ps7_cortexa9_0/libsrc/gpio_v4_9/src"

TRACE::2026-04-18.10:50:04::SCWBDomain::make -C ps7_cortexa9_0/libsrc/gpio_v4_9/src -s include  "SHELL=CMD" "COMPILER=arm-none-eabi-gcc" "ASSEMBLER=arm-none-eabi-as" "
TRACE::2026-04-18.10:50:04::SCWBDomain::ARCHIVER=arm-none-eabi-ar" "COMPILER_FLAGS=  -O2 -c" "EXTRA_COMPILER_FLAGS=-mcpu=cortex-a9 -mfpu=vfpv3 -mfloat-abi=hard -nostar
TRACE::2026-04-18.10:50:04::SCWBDomain::tfiles -g -Wall -Wextra -fno-tree-loop-distribute-patterns"

TRACE::2026-04-18.10:50:05::SCWBDomain::"Running Make include in ps7_cortexa9_0/libsrc/iicps_v3_17/src"

TRACE::2026-04-18.10:50:05::SCWBDomain::make -C ps7_cortexa9_0/libsrc/iicps_v3_17/src -s include  "SHELL=CMD" "COMPILER=arm-none-eabi-gcc" "ASSEMBLER=arm-none-eabi-as"
TRACE::2026-04-18.10:50:05::SCWBDomain:: "ARCHIVER=arm-none-eabi-ar" "COMPILER_FLAGS=  -O2 -c" "EXTRA_COMPILER_FLAGS=-mcpu=cortex-a9 -mfpu=vfpv3 -mfloat-abi=hard -nost
TRACE::2026-04-18.10:50:05::SCWBDomain::artfiles -g -Wall -Wextra -fno-tree-loop-distribute-patterns"

TRACE::2026-04-18.10:50:05::SCWBDomain::"Running Make include in ps7_cortexa9_0/libsrc/qspips_v3_10/src"

TRACE::2026-04-18.10:50:05::SCWBDomain::make -C ps7_cortexa9_0/libsrc/qspips_v3_10/src -s include  "SHELL=CMD" "COMPILER=arm-none-eabi-gcc" "ASSEMBLER=arm-none-eabi-as
TRACE::2026-04-18.10:50:05::SCWBDomain::" "ARCHIVER=arm-none-eabi-ar" "COMPILER_FLAGS=  -O2 -c" "EXTRA_COMPILER_FLAGS=-mcpu=cortex-a9 -mfpu=vfpv3 -mfloat-abi=hard -nos
TRACE::2026-04-18.10:50:05::SCWBDomain::tartfiles -g -Wall -Wextra -fno-tree-loop-distribute-patterns"

TRACE::2026-04-18.10:50:06::SCWBDomain::"Running Make include in ps7_cortexa9_0/libsrc/scugic_v5_1/src"

TRACE::2026-04-18.10:50:06::SCWBDomain::make -C ps7_cortexa9_0/libsrc/scugic_v5_1/src -s include  "SHELL=CMD" "COMPILER=arm-none-eabi-gcc" "ASSEMBLER=arm-none-eabi-as"
TRACE::2026-04-18.10:50:06::SCWBDomain:: "ARCHIVER=arm-none-eabi-ar" "COMPILER_FLAGS=  -O2 -c" "EXTRA_COMPILER_FLAGS=-mcpu=cortex-a9 -mfpu=vfpv3 -mfloat-abi=hard -nost
TRACE::2026-04-18.10:50:06::SCWBDomain::artfiles -g -Wall -Wextra -fno-tree-loop-distribute-patterns"

TRACE::2026-04-18.10:50:07::SCWBDomain::"Running Make include in ps7_cortexa9_0/libsrc/scutimer_v2_4/src"

TRACE::2026-04-18.10:50:07::SCWBDomain::make -C ps7_cortexa9_0/libsrc/scutimer_v2_4/src -s include  "SHELL=CMD" "COMPILER=arm-none-eabi-gcc" "ASSEMBLER=arm-none-eabi-a
TRACE::2026-04-18.10:50:07::SCWBDomain::s" "ARCHIVER=arm-none-eabi-ar" "COMPILER_FLAGS=  -O2 -c" "EXTRA_COMPILER_FLAGS=-mcpu=cortex-a9 -mfpu=vfpv3 -mfloat-abi=hard -no
TRACE::2026-04-18.10:50:07::SCWBDomain::startfiles -g -Wall -Wextra -fno-tree-loop-distribute-patterns"

TRACE::2026-04-18.10:50:08::SCWBDomain::"Running Make include in ps7_cortexa9_0/libsrc/scuwdt_v2_4/src"

TRACE::2026-04-18.10:50:08::SCWBDomain::make -C ps7_cortexa9_0/libsrc/scuwdt_v2_4/src -s include  "SHELL=CMD" "COMPILER=arm-none-eabi-gcc" "ASSEMBLER=arm-none-eabi-as"
TRACE::2026-04-18.10:50:08::SCWBDomain:: "ARCHIVER=arm-none-eabi-ar" "COMPILER_FLAGS=  -O2 -c" "EXTRA_COMPILER_FLAGS=-mcpu=cortex-a9 -mfpu=vfpv3 -mfloat-abi=hard -nost
TRACE::2026-04-18.10:50:08::SCWBDomain::artfiles -g -Wall -Wextra -fno-tree-loop-distribute-patterns"

TRACE::2026-04-18.10:50:08::SCWBDomain::"Running Make include in ps7_cortexa9_0/libsrc/sdps_v4_1/src"

TRACE::2026-04-18.10:50:08::SCWBDomain::make -C ps7_cortexa9_0/libsrc/sdps_v4_1/src -s include  "SHELL=CMD" "COMPILER=arm-none-eabi-gcc" "ASSEMBLER=arm-none-eabi-as" "
TRACE::2026-04-18.10:50:08::SCWBDomain::ARCHIVER=arm-none-eabi-ar" "COMPILER_FLAGS=  -O2 -c" "EXTRA_COMPILER_FLAGS=-mcpu=cortex-a9 -mfpu=vfpv3 -mfloat-abi=hard -nostar
TRACE::2026-04-18.10:50:08::SCWBDomain::tfiles -g -Wall -Wextra -fno-tree-loop-distribute-patterns"

TRACE::2026-04-18.10:50:09::SCWBDomain::"Running Make include in ps7_cortexa9_0/libsrc/standalone_v8_1/src"

TRACE::2026-04-18.10:50:09::SCWBDomain::make -C ps7_cortexa9_0/libsrc/standalone_v8_1/src -s include  "SHELL=CMD" "COMPILER=arm-none-eabi-gcc" "ASSEMBLER=arm-none-eabi
TRACE::2026-04-18.10:50:09::SCWBDomain::-as" "ARCHIVER=arm-none-eabi-ar" "COMPILER_FLAGS=  -O2 -c" "EXTRA_COMPILER_FLAGS=-mcpu=cortex-a9 -mfpu=vfpv3 -mfloat-abi=hard -
TRACE::2026-04-18.10:50:09::SCWBDomain::nostartfiles -g -Wall -Wextra -fno-tree-loop-distribute-patterns"

TRACE::2026-04-18.10:50:16::SCWBDomain::"Running Make include in ps7_cortexa9_0/libsrc/uartps_v3_12/src"

TRACE::2026-04-18.10:50:16::SCWBDomain::make -C ps7_cortexa9_0/libsrc/uartps_v3_12/src -s include  "SHELL=CMD" "COMPILER=arm-none-eabi-gcc" "ASSEMBLER=arm-none-eabi-as
TRACE::2026-04-18.10:50:16::SCWBDomain::" "ARCHIVER=arm-none-eabi-ar" "COMPILER_FLAGS=  -O2 -c" "EXTRA_COMPILER_FLAGS=-mcpu=cortex-a9 -mfpu=vfpv3 -mfloat-abi=hard -nos
TRACE::2026-04-18.10:50:16::SCWBDomain::tartfiles -g -Wall -Wextra -fno-tree-loop-distribute-patterns"

TRACE::2026-04-18.10:50:17::SCWBDomain::"Running Make include in ps7_cortexa9_0/libsrc/usbps_v2_7/src"

TRACE::2026-04-18.10:50:17::SCWBDomain::make -C ps7_cortexa9_0/libsrc/usbps_v2_7/src -s include  "SHELL=CMD" "COMPILER=arm-none-eabi-gcc" "ASSEMBLER=arm-none-eabi-as" 
TRACE::2026-04-18.10:50:17::SCWBDomain::"ARCHIVER=arm-none-eabi-ar" "COMPILER_FLAGS=  -O2 -c" "EXTRA_COMPILER_FLAGS=-mcpu=cortex-a9 -mfpu=vfpv3 -mfloat-abi=hard -nosta
TRACE::2026-04-18.10:50:17::SCWBDomain::rtfiles -g -Wall -Wextra -fno-tree-loop-distribute-patterns"

TRACE::2026-04-18.10:50:17::SCWBDomain::"Running Make include in ps7_cortexa9_0/libsrc/xadcps_v2_6/src"

TRACE::2026-04-18.10:50:17::SCWBDomain::make -C ps7_cortexa9_0/libsrc/xadcps_v2_6/src -s include  "SHELL=CMD" "COMPILER=arm-none-eabi-gcc" "ASSEMBLER=arm-none-eabi-as"
TRACE::2026-04-18.10:50:17::SCWBDomain:: "ARCHIVER=arm-none-eabi-ar" "COMPILER_FLAGS=  -O2 -c" "EXTRA_COMPILER_FLAGS=-mcpu=cortex-a9 -mfpu=vfpv3 -mfloat-abi=hard -nost
TRACE::2026-04-18.10:50:17::SCWBDomain::artfiles -g -Wall -Wextra -fno-tree-loop-distribute-patterns"

TRACE::2026-04-18.10:50:18::SCWBDomain::"Running Make include in ps7_cortexa9_0/libsrc/xilffs_v5_0/src"

TRACE::2026-04-18.10:50:18::SCWBDomain::make -C ps7_cortexa9_0/libsrc/xilffs_v5_0/src -s include  "SHELL=CMD" "COMPILER=arm-none-eabi-gcc" "ASSEMBLER=arm-none-eabi-as"
TRACE::2026-04-18.10:50:18::SCWBDomain:: "ARCHIVER=arm-none-eabi-ar" "COMPILER_FLAGS=  -O2 -c" "EXTRA_COMPILER_FLAGS=-mcpu=cortex-a9 -mfpu=vfpv3 -mfloat-abi=hard -nost
TRACE::2026-04-18.10:50:18::SCWBDomain::artfiles -g -Wall -Wextra -fno-tree-loop-distribute-patterns"

TRACE::2026-04-18.10:50:18::SCWBDomain::"Running Make include in ps7_cortexa9_0/libsrc/xilrsa_v1_6/src"

TRACE::2026-04-18.10:50:18::SCWBDomain::make -C ps7_cortexa9_0/libsrc/xilrsa_v1_6/src -s include  "SHELL=CMD" "COMPILER=arm-none-eabi-gcc" "ASSEMBLER=arm-none-eabi-as"
TRACE::2026-04-18.10:50:18::SCWBDomain:: "ARCHIVER=arm-none-eabi-ar" "COMPILER_FLAGS=  -O2 -c" "EXTRA_COMPILER_FLAGS=-mcpu=cortex-a9 -mfpu=vfpv3 -mfloat-abi=hard -nost
TRACE::2026-04-18.10:50:18::SCWBDomain::artfiles -g -Wall -Wextra -fno-tree-loop-distribute-patterns"

TRACE::2026-04-18.10:50:18::SCWBDomain::"Running Make libs in ps7_cortexa9_0/libsrc/xilrsa_v1_6/src"

TRACE::2026-04-18.10:50:18::SCWBDomain::make -C ps7_cortexa9_0/libsrc/xilrsa_v1_6/src -s libs  "SHELL=CMD" "COMPILER=arm-none-eabi-gcc" "ASSEMBLER=arm-none-eabi-as" "A
TRACE::2026-04-18.10:50:18::SCWBDomain::RCHIVER=arm-none-eabi-ar" "COMPILER_FLAGS=  -O2 -c" "EXTRA_COMPILER_FLAGS=-mcpu=cortex-a9 -mfpu=vfpv3 -mfloat-abi=hard -nostart
TRACE::2026-04-18.10:50:18::SCWBDomain::files -g -Wall -Wextra -fno-tree-loop-distribute-patterns"

TRACE::2026-04-18.10:50:19::SCWBDomain::'Finished building libraries sequentially.'

TRACE::2026-04-18.10:50:19::SCWBDomain::make -j 14 --no-print-directory par_libs

TRACE::2026-04-18.10:50:19::SCWBDomain::"Running Make include in ps7_cortexa9_0/libsrc/coresightps_dcc_v1_8/src"

TRACE::2026-04-18.10:50:19::SCWBDomain::make -C ps7_cortexa9_0/libsrc/coresightps_dcc_v1_8/src -s include  "SHELL=CMD" "COMPILER=arm-none-eabi-gcc" "ASSEMBLER=arm-none
TRACE::2026-04-18.10:50:19::SCWBDomain::-eabi-as" "ARCHIVER=arm-none-eabi-ar" "COMPILER_FLAGS=  -O2 -c" "EXTRA_COMPILER_FLAGS=-mcpu=cortex-a9 -mfpu=vfpv3 -mfloat-abi=h
TRACE::2026-04-18.10:50:19::SCWBDomain::ard -nostartfiles -g -Wall -Wextra -fno-tree-loop-distribute-patterns"

TRACE::2026-04-18.10:50:19::SCWBDomain::"Running Make include in ps7_cortexa9_0/libsrc/cpu_cortexa9_v2_11/src"

TRACE::2026-04-18.10:50:19::SCWBDomain::"Running Make include in ps7_cortexa9_0/libsrc/ddrps_v1_2/src"

TRACE::2026-04-18.10:50:19::SCWBDomain::make -C ps7_cortexa9_0/libsrc/cpu_cortexa9_v2_11/src -s include  "SHELL=CMD" "COMPILER=arm-none-eabi-gcc" "ASSEMBLER=arm-none-e
TRACE::2026-04-18.10:50:19::SCWBDomain::abi-as" "ARCHIVER=arm-none-eabi-ar" "COMPILER_FLAGS=  -O2 -c" "EXTRA_COMPILER_FLAGS=-mcpu=cortex-a9 -mfpu=vfpv3 -mfloat-abi=har
TRACE::2026-04-18.10:50:19::SCWBDomain::d -nostartfiles -g -Wall -Wextra -fno-tree-loop-distribute-patterns"

TRACE::2026-04-18.10:50:19::SCWBDomain::make -C ps7_cortexa9_0/libsrc/ddrps_v1_2/src -s include  "SHELL=CMD" "COMPILER=arm-none-eabi-gcc" "ASSEMBLER=arm-none-eabi-as" 
TRACE::2026-04-18.10:50:19::SCWBDomain::"ARCHIVER=arm-none-eabi-ar" "COMPILER_FLAGS=  -O2 -c" "EXTRA_COMPILER_FLAGS=-mcpu=cortex-a9 -mfpu=vfpv3 -mfloat-abi=hard -nosta
TRACE::2026-04-18.10:50:19::SCWBDomain::rtfiles -g -Wall -Wextra -fno-tree-loop-distribute-patterns"

TRACE::2026-04-18.10:50:19::SCWBDomain::"Running Make include in ps7_cortexa9_0/libsrc/devcfg_v3_7/src"

TRACE::2026-04-18.10:50:19::SCWBDomain::make -C ps7_cortexa9_0/libsrc/devcfg_v3_7/src -s include  "SHELL=CMD" "COMPILER=arm-none-eabi-gcc" "ASSEMBLER=arm-none-eabi-as"
TRACE::2026-04-18.10:50:19::SCWBDomain:: "ARCHIVER=arm-none-eabi-ar" "COMPILER_FLAGS=  -O2 -c" "EXTRA_COMPILER_FLAGS=-mcpu=cortex-a9 -mfpu=vfpv3 -mfloat-abi=hard -nost
TRACE::2026-04-18.10:50:19::SCWBDomain::artfiles -g -Wall -Wextra -fno-tree-loop-distribute-patterns"

TRACE::2026-04-18.10:50:19::SCWBDomain::"Running Make include in ps7_cortexa9_0/libsrc/dmaps_v2_8/src"

TRACE::2026-04-18.10:50:19::SCWBDomain::"Running Make include in ps7_cortexa9_0/libsrc/emacps_v3_18/src"

TRACE::2026-04-18.10:50:19::SCWBDomain::make -C ps7_cortexa9_0/libsrc/dmaps_v2_8/src -s include  "SHELL=CMD" "COMPILER=arm-none-eabi-gcc" "ASSEMBLER=arm-none-eabi-as" 
TRACE::2026-04-18.10:50:19::SCWBDomain::"ARCHIVER=arm-none-eabi-ar" "COMPILER_FLAGS=  -O2 -c" "EXTRA_COMPILER_FLAGS=-mcpu=cortex-a9 -mfpu=vfpv3 -mfloat-abi=hard -nosta
TRACE::2026-04-18.10:50:19::SCWBDomain::rtfiles -g -Wall -Wextra -fno-tree-loop-distribute-patterns"

TRACE::2026-04-18.10:50:19::SCWBDomain::make -C ps7_cortexa9_0/libsrc/emacps_v3_18/src -s include  "SHELL=CMD" "COMPILER=arm-none-eabi-gcc" "ASSEMBLER=arm-none-eabi-as
TRACE::2026-04-18.10:50:19::SCWBDomain::" "ARCHIVER=arm-none-eabi-ar" "COMPILER_FLAGS=  -O2 -c" "EXTRA_COMPILER_FLAGS=-mcpu=cortex-a9 -mfpu=vfpv3 -mfloat-abi=hard -nos
TRACE::2026-04-18.10:50:19::SCWBDomain::tartfiles -g -Wall -Wextra -fno-tree-loop-distribute-patterns"

TRACE::2026-04-18.10:50:19::SCWBDomain::"Running Make include in ps7_cortexa9_0/libsrc/gpiops_v3_11/src"

TRACE::2026-04-18.10:50:19::SCWBDomain::"Running Make include in ps7_cortexa9_0/libsrc/gpio_v4_9/src"

TRACE::2026-04-18.10:50:19::SCWBDomain::make -C ps7_cortexa9_0/libsrc/gpiops_v3_11/src -s include  "SHELL=CMD" "COMPILER=arm-none-eabi-gcc" "ASSEMBLER=arm-none-eabi-as
TRACE::2026-04-18.10:50:19::SCWBDomain::" "ARCHIVER=arm-none-eabi-ar" "COMPILER_FLAGS=  -O2 -c" "EXTRA_COMPILER_FLAGS=-mcpu=cortex-a9 -mfpu=vfpv3 -mfloat-abi=hard -nos
TRACE::2026-04-18.10:50:19::SCWBDomain::tartfiles -g -Wall -Wextra -fno-tree-loop-distribute-patterns"

TRACE::2026-04-18.10:50:19::SCWBDomain::"Running Make include in ps7_cortexa9_0/libsrc/iicps_v3_17/src"

TRACE::2026-04-18.10:50:19::SCWBDomain::make -C ps7_cortexa9_0/libsrc/gpio_v4_9/src -s include  "SHELL=CMD" "COMPILER=arm-none-eabi-gcc" "ASSEMBLER=arm-none-eabi-as" "
TRACE::2026-04-18.10:50:19::SCWBDomain::ARCHIVER=arm-none-eabi-ar" "COMPILER_FLAGS=  -O2 -c" "EXTRA_COMPILER_FLAGS=-mcpu=cortex-a9 -mfpu=vfpv3 -mfloat-abi=hard -nostar
TRACE::2026-04-18.10:50:19::SCWBDomain::tfiles -g -Wall -Wextra -fno-tree-loop-distribute-patterns"

TRACE::2026-04-18.10:50:19::SCWBDomain::make -C ps7_cortexa9_0/libsrc/iicps_v3_17/src -s include  "SHELL=CMD" "COMPILER=arm-none-eabi-gcc" "ASSEMBLER=arm-none-eabi-as"
TRACE::2026-04-18.10:50:19::SCWBDomain:: "ARCHIVER=arm-none-eabi-ar" "COMPILER_FLAGS=  -O2 -c" "EXTRA_COMPILER_FLAGS=-mcpu=cortex-a9 -mfpu=vfpv3 -mfloat-abi=hard -nost
TRACE::2026-04-18.10:50:19::SCWBDomain::artfiles -g -Wall -Wextra -fno-tree-loop-distribute-patterns"

TRACE::2026-04-18.10:50:19::SCWBDomain::"Running Make include in ps7_cortexa9_0/libsrc/qspips_v3_10/src"

TRACE::2026-04-18.10:50:19::SCWBDomain::"Running Make include in ps7_cortexa9_0/libsrc/scugic_v5_1/src"

TRACE::2026-04-18.10:50:19::SCWBDomain::make -C ps7_cortexa9_0/libsrc/qspips_v3_10/src -s include  "SHELL=CMD" "COMPILER=arm-none-eabi-gcc" "ASSEMBLER=arm-none-eabi-as
TRACE::2026-04-18.10:50:19::SCWBDomain::" "ARCHIVER=arm-none-eabi-ar" "COMPILER_FLAGS=  -O2 -c" "EXTRA_COMPILER_FLAGS=-mcpu=cortex-a9 -mfpu=vfpv3 -mfloat-abi=hard -nos
TRACE::2026-04-18.10:50:19::SCWBDomain::tartfiles -g -Wall -Wextra -fno-tree-loop-distribute-patterns"

TRACE::2026-04-18.10:50:19::SCWBDomain::"Running Make include in ps7_cortexa9_0/libsrc/scutimer_v2_4/src"

TRACE::2026-04-18.10:50:19::SCWBDomain::make -C ps7_cortexa9_0/libsrc/scugic_v5_1/src -s include  "SHELL=CMD" "COMPILER=arm-none-eabi-gcc" "ASSEMBLER=arm-none-eabi-as"
TRACE::2026-04-18.10:50:19::SCWBDomain:: "ARCHIVER=arm-none-eabi-ar" "COMPILER_FLAGS=  -O2 -c" "EXTRA_COMPILER_FLAGS=-mcpu=cortex-a9 -mfpu=vfpv3 -mfloat-abi=hard -nost
TRACE::2026-04-18.10:50:19::SCWBDomain::artfiles -g -Wall -Wextra -fno-tree-loop-distribute-patterns"

TRACE::2026-04-18.10:50:19::SCWBDomain::make -C ps7_cortexa9_0/libsrc/scutimer_v2_4/src -s include  "SHELL=CMD" "COMPILER=arm-none-eabi-gcc" "ASSEMBLER=arm-none-eabi-a
TRACE::2026-04-18.10:50:19::SCWBDomain::s" "ARCHIVER=arm-none-eabi-ar" "COMPILER_FLAGS=  -O2 -c" "EXTRA_COMPILER_FLAGS=-mcpu=cortex-a9 -mfpu=vfpv3 -mfloat-abi=hard -no
TRACE::2026-04-18.10:50:19::SCWBDomain::startfiles -g -Wall -Wextra -fno-tree-loop-distribute-patterns"

TRACE::2026-04-18.10:50:19::SCWBDomain::"Running Make include in ps7_cortexa9_0/libsrc/scuwdt_v2_4/src"

TRACE::2026-04-18.10:50:19::SCWBDomain::make -C ps7_cortexa9_0/libsrc/scuwdt_v2_4/src -s include  "SHELL=CMD" "COMPILER=arm-none-eabi-gcc" "ASSEMBLER=arm-none-eabi-as"
TRACE::2026-04-18.10:50:19::SCWBDomain:: "ARCHIVER=arm-none-eabi-ar" "COMPILER_FLAGS=  -O2 -c" "EXTRA_COMPILER_FLAGS=-mcpu=cortex-a9 -mfpu=vfpv3 -mfloat-abi=hard -nost
TRACE::2026-04-18.10:50:19::SCWBDomain::artfiles -g -Wall -Wextra -fno-tree-loop-distribute-patterns"

TRACE::2026-04-18.10:50:19::SCWBDomain::"Running Make include in ps7_cortexa9_0/libsrc/sdps_v4_1/src"

TRACE::2026-04-18.10:50:19::SCWBDomain::"Running Make include in ps7_cortexa9_0/libsrc/standalone_v8_1/src"

TRACE::2026-04-18.10:50:19::SCWBDomain::make -C ps7_cortexa9_0/libsrc/sdps_v4_1/src -s include  "SHELL=CMD" "COMPILER=arm-none-eabi-gcc" "ASSEMBLER=arm-none-eabi-as" "
TRACE::2026-04-18.10:50:19::SCWBDomain::ARCHIVER=arm-none-eabi-ar" "COMPILER_FLAGS=  -O2 -c" "EXTRA_COMPILER_FLAGS=-mcpu=cortex-a9 -mfpu=vfpv3 -mfloat-abi=hard -nostar
TRACE::2026-04-18.10:50:19::SCWBDomain::tfiles -g -Wall -Wextra -fno-tree-loop-distribute-patterns"

TRACE::2026-04-18.10:50:19::SCWBDomain::make -C ps7_cortexa9_0/libsrc/standalone_v8_1/src -s include  "SHELL=CMD" "COMPILER=arm-none-eabi-gcc" "ASSEMBLER=arm-none-eabi
TRACE::2026-04-18.10:50:19::SCWBDomain::-as" "ARCHIVER=arm-none-eabi-ar" "COMPILER_FLAGS=  -O2 -c" "EXTRA_COMPILER_FLAGS=-mcpu=cortex-a9 -mfpu=vfpv3 -mfloat-abi=hard -
TRACE::2026-04-18.10:50:19::SCWBDomain::nostartfiles -g -Wall -Wextra -fno-tree-loop-distribute-patterns"

TRACE::2026-04-18.10:50:19::SCWBDomain::"Running Make include in ps7_cortexa9_0/libsrc/uartps_v3_12/src"

TRACE::2026-04-18.10:50:19::SCWBDomain::make -C ps7_cortexa9_0/libsrc/uartps_v3_12/src -s include  "SHELL=CMD" "COMPILER=arm-none-eabi-gcc" "ASSEMBLER=arm-none-eabi-as
TRACE::2026-04-18.10:50:19::SCWBDomain::" "ARCHIVER=arm-none-eabi-ar" "COMPILER_FLAGS=  -O2 -c" "EXTRA_COMPILER_FLAGS=-mcpu=cortex-a9 -mfpu=vfpv3 -mfloat-abi=hard -nos
TRACE::2026-04-18.10:50:19::SCWBDomain::tartfiles -g -Wall -Wextra -fno-tree-loop-distribute-patterns"

TRACE::2026-04-18.10:50:19::SCWBDomain::"Running Make include in ps7_cortexa9_0/libsrc/usbps_v2_7/src"

TRACE::2026-04-18.10:50:19::SCWBDomain::"Running Make include in ps7_cortexa9_0/libsrc/xadcps_v2_6/src"

TRACE::2026-04-18.10:50:19::SCWBDomain::make -C ps7_cortexa9_0/libsrc/usbps_v2_7/src -s include  "SHELL=CMD" "COMPILER=arm-none-eabi-gcc" "ASSEMBLER=arm-none-eabi-as" 
TRACE::2026-04-18.10:50:19::SCWBDomain::"ARCHIVER=arm-none-eabi-ar" "COMPILER_FLAGS=  -O2 -c" "EXTRA_COMPILER_FLAGS=-mcpu=cortex-a9 -mfpu=vfpv3 -mfloat-abi=hard -nosta
TRACE::2026-04-18.10:50:19::SCWBDomain::rtfiles -g -Wall -Wextra -fno-tree-loop-distribute-patterns"

TRACE::2026-04-18.10:50:19::SCWBDomain::make -C ps7_cortexa9_0/libsrc/xadcps_v2_6/src -s include  "SHELL=CMD" "COMPILER=arm-none-eabi-gcc" "ASSEMBLER=arm-none-eabi-as"
TRACE::2026-04-18.10:50:19::SCWBDomain:: "ARCHIVER=arm-none-eabi-ar" "COMPILER_FLAGS=  -O2 -c" "EXTRA_COMPILER_FLAGS=-mcpu=cortex-a9 -mfpu=vfpv3 -mfloat-abi=hard -nost
TRACE::2026-04-18.10:50:19::SCWBDomain::artfiles -g -Wall -Wextra -fno-tree-loop-distribute-patterns"

TRACE::2026-04-18.10:50:20::SCWBDomain::"Running Make include in ps7_cortexa9_0/libsrc/xilffs_v5_0/src"

TRACE::2026-04-18.10:50:20::SCWBDomain::make -C ps7_cortexa9_0/libsrc/xilffs_v5_0/src -s include  "SHELL=CMD" "COMPILER=arm-none-eabi-gcc" "ASSEMBLER=arm-none-eabi-as"
TRACE::2026-04-18.10:50:20::SCWBDomain:: "ARCHIVER=arm-none-eabi-ar" "COMPILER_FLAGS=  -O2 -c" "EXTRA_COMPILER_FLAGS=-mcpu=cortex-a9 -mfpu=vfpv3 -mfloat-abi=hard -nost
TRACE::2026-04-18.10:50:20::SCWBDomain::artfiles -g -Wall -Wextra -fno-tree-loop-distribute-patterns"

TRACE::2026-04-18.10:50:20::SCWBDomain::"Running Make include in ps7_cortexa9_0/libsrc/xilrsa_v1_6/src"

TRACE::2026-04-18.10:50:20::SCWBDomain::make -C ps7_cortexa9_0/libsrc/xilrsa_v1_6/src -s include  "SHELL=CMD" "COMPILER=arm-none-eabi-gcc" "ASSEMBLER=arm-none-eabi-as"
TRACE::2026-04-18.10:50:20::SCWBDomain:: "ARCHIVER=arm-none-eabi-ar" "COMPILER_FLAGS=  -O2 -c" "EXTRA_COMPILER_FLAGS=-mcpu=cortex-a9 -mfpu=vfpv3 -mfloat-abi=hard -nost
TRACE::2026-04-18.10:50:20::SCWBDomain::artfiles -g -Wall -Wextra -fno-tree-loop-distribute-patterns"

TRACE::2026-04-18.10:50:20::SCWBDomain::"Running Make libs in ps7_cortexa9_0/libsrc/coresightps_dcc_v1_8/src"

TRACE::2026-04-18.10:50:20::SCWBDomain::make -C ps7_cortexa9_0/libsrc/coresightps_dcc_v1_8/src -s libs  "SHELL=CMD" "COMPILER=arm-none-eabi-gcc" "ASSEMBLER=arm-none-ea
TRACE::2026-04-18.10:50:20::SCWBDomain::bi-as" "ARCHIVER=arm-none-eabi-ar" "COMPILER_FLAGS=  -O2 -c" "EXTRA_COMPILER_FLAGS=-mcpu=cortex-a9 -mfpu=vfpv3 -mfloat-abi=hard
TRACE::2026-04-18.10:50:20::SCWBDomain:: -nostartfiles -g -Wall -Wextra -fno-tree-loop-distribute-patterns"

TRACE::2026-04-18.10:50:20::SCWBDomain::"Running Make libs in ps7_cortexa9_0/libsrc/cpu_cortexa9_v2_11/src"

TRACE::2026-04-18.10:50:20::SCWBDomain::make -C ps7_cortexa9_0/libsrc/cpu_cortexa9_v2_11/src -s libs  "SHELL=CMD" "COMPILER=arm-none-eabi-gcc" "ASSEMBLER=arm-none-eabi
TRACE::2026-04-18.10:50:20::SCWBDomain::-as" "ARCHIVER=arm-none-eabi-ar" "COMPILER_FLAGS=  -O2 -c" "EXTRA_COMPILER_FLAGS=-mcpu=cortex-a9 -mfpu=vfpv3 -mfloat-abi=hard -
TRACE::2026-04-18.10:50:20::SCWBDomain::nostartfiles -g -Wall -Wextra -fno-tree-loop-distribute-patterns"

TRACE::2026-04-18.10:50:20::SCWBDomain::"Running Make libs in ps7_cortexa9_0/libsrc/ddrps_v1_2/src"

TRACE::2026-04-18.10:50:20::SCWBDomain::make -C ps7_cortexa9_0/libsrc/ddrps_v1_2/src -s libs  "SHELL=CMD" "COMPILER=arm-none-eabi-gcc" "ASSEMBLER=arm-none-eabi-as" "AR
TRACE::2026-04-18.10:50:20::SCWBDomain::CHIVER=arm-none-eabi-ar" "COMPILER_FLAGS=  -O2 -c" "EXTRA_COMPILER_FLAGS=-mcpu=cortex-a9 -mfpu=vfpv3 -mfloat-abi=hard -nostartf
TRACE::2026-04-18.10:50:20::SCWBDomain::iles -g -Wall -Wextra -fno-tree-loop-distribute-patterns"

TRACE::2026-04-18.10:50:21::SCWBDomain::"Running Make libs in ps7_cortexa9_0/libsrc/devcfg_v3_7/src"

TRACE::2026-04-18.10:50:21::SCWBDomain::make -C ps7_cortexa9_0/libsrc/devcfg_v3_7/src -s libs  "SHELL=CMD" "COMPILER=arm-none-eabi-gcc" "ASSEMBLER=arm-none-eabi-as" "A
TRACE::2026-04-18.10:50:21::SCWBDomain::RCHIVER=arm-none-eabi-ar" "COMPILER_FLAGS=  -O2 -c" "EXTRA_COMPILER_FLAGS=-mcpu=cortex-a9 -mfpu=vfpv3 -mfloat-abi=hard -nostart
TRACE::2026-04-18.10:50:21::SCWBDomain::files -g -Wall -Wextra -fno-tree-loop-distribute-patterns"

TRACE::2026-04-18.10:50:21::SCWBDomain::"Running Make libs in ps7_cortexa9_0/libsrc/dmaps_v2_8/src"

TRACE::2026-04-18.10:50:21::SCWBDomain::make -C ps7_cortexa9_0/libsrc/dmaps_v2_8/src -s libs  "SHELL=CMD" "COMPILER=arm-none-eabi-gcc" "ASSEMBLER=arm-none-eabi-as" "AR
TRACE::2026-04-18.10:50:21::SCWBDomain::CHIVER=arm-none-eabi-ar" "COMPILER_FLAGS=  -O2 -c" "EXTRA_COMPILER_FLAGS=-mcpu=cortex-a9 -mfpu=vfpv3 -mfloat-abi=hard -nostartf
TRACE::2026-04-18.10:50:21::SCWBDomain::iles -g -Wall -Wextra -fno-tree-loop-distribute-patterns"

TRACE::2026-04-18.10:50:21::SCWBDomain::"Running Make libs in ps7_cortexa9_0/libsrc/emacps_v3_18/src"

TRACE::2026-04-18.10:50:21::SCWBDomain::make -C ps7_cortexa9_0/libsrc/emacps_v3_18/src -s libs  "SHELL=CMD" "COMPILER=arm-none-eabi-gcc" "ASSEMBLER=arm-none-eabi-as" "
TRACE::2026-04-18.10:50:21::SCWBDomain::ARCHIVER=arm-none-eabi-ar" "COMPILER_FLAGS=  -O2 -c" "EXTRA_COMPILER_FLAGS=-mcpu=cortex-a9 -mfpu=vfpv3 -mfloat-abi=hard -nostar
TRACE::2026-04-18.10:50:21::SCWBDomain::tfiles -g -Wall -Wextra -fno-tree-loop-distribute-patterns"

TRACE::2026-04-18.10:50:21::SCWBDomain::"Running Make libs in ps7_cortexa9_0/libsrc/gpiops_v3_11/src"

TRACE::2026-04-18.10:50:21::SCWBDomain::make -C ps7_cortexa9_0/libsrc/gpiops_v3_11/src -s libs  "SHELL=CMD" "COMPILER=arm-none-eabi-gcc" "ASSEMBLER=arm-none-eabi-as" "
TRACE::2026-04-18.10:50:21::SCWBDomain::ARCHIVER=arm-none-eabi-ar" "COMPILER_FLAGS=  -O2 -c" "EXTRA_COMPILER_FLAGS=-mcpu=cortex-a9 -mfpu=vfpv3 -mfloat-abi=hard -nostar
TRACE::2026-04-18.10:50:21::SCWBDomain::tfiles -g -Wall -Wextra -fno-tree-loop-distribute-patterns"

TRACE::2026-04-18.10:50:23::SCWBDomain::"Running Make libs in ps7_cortexa9_0/libsrc/gpio_v4_9/src"

TRACE::2026-04-18.10:50:23::SCWBDomain::make -C ps7_cortexa9_0/libsrc/gpio_v4_9/src -s libs  "SHELL=CMD" "COMPILER=arm-none-eabi-gcc" "ASSEMBLER=arm-none-eabi-as" "ARC
TRACE::2026-04-18.10:50:23::SCWBDomain::HIVER=arm-none-eabi-ar" "COMPILER_FLAGS=  -O2 -c" "EXTRA_COMPILER_FLAGS=-mcpu=cortex-a9 -mfpu=vfpv3 -mfloat-abi=hard -nostartfi
TRACE::2026-04-18.10:50:23::SCWBDomain::les -g -Wall -Wextra -fno-tree-loop-distribute-patterns"

TRACE::2026-04-18.10:50:23::SCWBDomain::"Running Make libs in ps7_cortexa9_0/libsrc/iicps_v3_17/src"

TRACE::2026-04-18.10:50:23::SCWBDomain::make -C ps7_cortexa9_0/libsrc/iicps_v3_17/src -s libs  "SHELL=CMD" "COMPILER=arm-none-eabi-gcc" "ASSEMBLER=arm-none-eabi-as" "A
TRACE::2026-04-18.10:50:23::SCWBDomain::RCHIVER=arm-none-eabi-ar" "COMPILER_FLAGS=  -O2 -c" "EXTRA_COMPILER_FLAGS=-mcpu=cortex-a9 -mfpu=vfpv3 -mfloat-abi=hard -nostart
TRACE::2026-04-18.10:50:23::SCWBDomain::files -g -Wall -Wextra -fno-tree-loop-distribute-patterns"

TRACE::2026-04-18.10:50:23::SCWBDomain::"Running Make libs in ps7_cortexa9_0/libsrc/qspips_v3_10/src"

TRACE::2026-04-18.10:50:24::SCWBDomain::make -C ps7_cortexa9_0/libsrc/qspips_v3_10/src -s libs  "SHELL=CMD" "COMPILER=arm-none-eabi-gcc" "ASSEMBLER=arm-none-eabi-as" "
TRACE::2026-04-18.10:50:24::SCWBDomain::ARCHIVER=arm-none-eabi-ar" "COMPILER_FLAGS=  -O2 -c" "EXTRA_COMPILER_FLAGS=-mcpu=cortex-a9 -mfpu=vfpv3 -mfloat-abi=hard -nostar
TRACE::2026-04-18.10:50:24::SCWBDomain::tfiles -g -Wall -Wextra -fno-tree-loop-distribute-patterns"

TRACE::2026-04-18.10:50:24::SCWBDomain::"Running Make libs in ps7_cortexa9_0/libsrc/scugic_v5_1/src"

TRACE::2026-04-18.10:50:24::SCWBDomain::make -C ps7_cortexa9_0/libsrc/scugic_v5_1/src -s libs  "SHELL=CMD" "COMPILER=arm-none-eabi-gcc" "ASSEMBLER=arm-none-eabi-as" "A
TRACE::2026-04-18.10:50:24::SCWBDomain::RCHIVER=arm-none-eabi-ar" "COMPILER_FLAGS=  -O2 -c" "EXTRA_COMPILER_FLAGS=-mcpu=cortex-a9 -mfpu=vfpv3 -mfloat-abi=hard -nostart
TRACE::2026-04-18.10:50:24::SCWBDomain::files -g -Wall -Wextra -fno-tree-loop-distribute-patterns"

TRACE::2026-04-18.10:50:24::SCWBDomain::"Running Make libs in ps7_cortexa9_0/libsrc/scutimer_v2_4/src"

TRACE::2026-04-18.10:50:24::SCWBDomain::make -C ps7_cortexa9_0/libsrc/scutimer_v2_4/src -s libs  "SHELL=CMD" "COMPILER=arm-none-eabi-gcc" "ASSEMBLER=arm-none-eabi-as" 
TRACE::2026-04-18.10:50:24::SCWBDomain::"ARCHIVER=arm-none-eabi-ar" "COMPILER_FLAGS=  -O2 -c" "EXTRA_COMPILER_FLAGS=-mcpu=cortex-a9 -mfpu=vfpv3 -mfloat-abi=hard -nosta
TRACE::2026-04-18.10:50:24::SCWBDomain::rtfiles -g -Wall -Wextra -fno-tree-loop-distribute-patterns"

TRACE::2026-04-18.10:50:25::SCWBDomain::"Running Make libs in ps7_cortexa9_0/libsrc/scuwdt_v2_4/src"

TRACE::2026-04-18.10:50:25::SCWBDomain::make -C ps7_cortexa9_0/libsrc/scuwdt_v2_4/src -s libs  "SHELL=CMD" "COMPILER=arm-none-eabi-gcc" "ASSEMBLER=arm-none-eabi-as" "A
TRACE::2026-04-18.10:50:25::SCWBDomain::RCHIVER=arm-none-eabi-ar" "COMPILER_FLAGS=  -O2 -c" "EXTRA_COMPILER_FLAGS=-mcpu=cortex-a9 -mfpu=vfpv3 -mfloat-abi=hard -nostart
TRACE::2026-04-18.10:50:25::SCWBDomain::files -g -Wall -Wextra -fno-tree-loop-distribute-patterns"

TRACE::2026-04-18.10:50:25::SCWBDomain::"Running Make libs in ps7_cortexa9_0/libsrc/sdps_v4_1/src"

TRACE::2026-04-18.10:50:25::SCWBDomain::make -C ps7_cortexa9_0/libsrc/sdps_v4_1/src -s libs  "SHELL=CMD" "COMPILER=arm-none-eabi-gcc" "ASSEMBLER=arm-none-eabi-as" "ARC
TRACE::2026-04-18.10:50:25::SCWBDomain::HIVER=arm-none-eabi-ar" "COMPILER_FLAGS=  -O2 -c" "EXTRA_COMPILER_FLAGS=-mcpu=cortex-a9 -mfpu=vfpv3 -mfloat-abi=hard -nostartfi
TRACE::2026-04-18.10:50:25::SCWBDomain::les -g -Wall -Wextra -fno-tree-loop-distribute-patterns"

TRACE::2026-04-18.10:50:25::SCWBDomain::"Running Make libs in ps7_cortexa9_0/libsrc/standalone_v8_1/src"

TRACE::2026-04-18.10:50:25::SCWBDomain::make -C ps7_cortexa9_0/libsrc/standalone_v8_1/src -s libs  "SHELL=CMD" "COMPILER=arm-none-eabi-gcc" "ASSEMBLER=arm-none-eabi-as
TRACE::2026-04-18.10:50:25::SCWBDomain::" "ARCHIVER=arm-none-eabi-ar" "COMPILER_FLAGS=  -O2 -c" "EXTRA_COMPILER_FLAGS=-mcpu=cortex-a9 -mfpu=vfpv3 -mfloat-abi=hard -nos
TRACE::2026-04-18.10:50:25::SCWBDomain::tartfiles -g -Wall -Wextra -fno-tree-loop-distribute-patterns"

TRACE::2026-04-18.10:50:25::SCWBDomain::"Running Make libs in ps7_cortexa9_0/libsrc/uartps_v3_12/src"

TRACE::2026-04-18.10:50:25::SCWBDomain::make -C ps7_cortexa9_0/libsrc/uartps_v3_12/src -s libs  "SHELL=CMD" "COMPILER=arm-none-eabi-gcc" "ASSEMBLER=arm-none-eabi-as" "
TRACE::2026-04-18.10:50:25::SCWBDomain::ARCHIVER=arm-none-eabi-ar" "COMPILER_FLAGS=  -O2 -c" "EXTRA_COMPILER_FLAGS=-mcpu=cortex-a9 -mfpu=vfpv3 -mfloat-abi=hard -nostar
TRACE::2026-04-18.10:50:25::SCWBDomain::tfiles -g -Wall -Wextra -fno-tree-loop-distribute-patterns"

TRACE::2026-04-18.10:50:26::SCWBDomain::"Running Make libs in ps7_cortexa9_0/libsrc/usbps_v2_7/src"

TRACE::2026-04-18.10:50:26::SCWBDomain::make -C ps7_cortexa9_0/libsrc/usbps_v2_7/src -s libs  "SHELL=CMD" "COMPILER=arm-none-eabi-gcc" "ASSEMBLER=arm-none-eabi-as" "AR
TRACE::2026-04-18.10:50:26::SCWBDomain::CHIVER=arm-none-eabi-ar" "COMPILER_FLAGS=  -O2 -c" "EXTRA_COMPILER_FLAGS=-mcpu=cortex-a9 -mfpu=vfpv3 -mfloat-abi=hard -nostartf
TRACE::2026-04-18.10:50:26::SCWBDomain::iles -g -Wall -Wextra -fno-tree-loop-distribute-patterns"

TRACE::2026-04-18.10:50:26::SCWBDomain::"Running Make libs in ps7_cortexa9_0/libsrc/xadcps_v2_6/src"

TRACE::2026-04-18.10:50:26::SCWBDomain::make -C ps7_cortexa9_0/libsrc/xadcps_v2_6/src -s libs  "SHELL=CMD" "COMPILER=arm-none-eabi-gcc" "ASSEMBLER=arm-none-eabi-as" "A
TRACE::2026-04-18.10:50:26::SCWBDomain::RCHIVER=arm-none-eabi-ar" "COMPILER_FLAGS=  -O2 -c" "EXTRA_COMPILER_FLAGS=-mcpu=cortex-a9 -mfpu=vfpv3 -mfloat-abi=hard -nostart
TRACE::2026-04-18.10:50:26::SCWBDomain::files -g -Wall -Wextra -fno-tree-loop-distribute-patterns"

TRACE::2026-04-18.10:50:26::SCWBDomain::"Running Make libs in ps7_cortexa9_0/libsrc/xilffs_v5_0/src"

TRACE::2026-04-18.10:50:26::SCWBDomain::make -C ps7_cortexa9_0/libsrc/xilffs_v5_0/src -s libs  "SHELL=CMD" "COMPILER=arm-none-eabi-gcc" "ASSEMBLER=arm-none-eabi-as" "A
TRACE::2026-04-18.10:50:26::SCWBDomain::RCHIVER=arm-none-eabi-ar" "COMPILER_FLAGS=  -O2 -c" "EXTRA_COMPILER_FLAGS=-mcpu=cortex-a9 -mfpu=vfpv3 -mfloat-abi=hard -nostart
TRACE::2026-04-18.10:50:26::SCWBDomain::files -g -Wall -Wextra -fno-tree-loop-distribute-patterns"

TRACE::2026-04-18.10:50:29::SCWBDomain::'Finished building libraries parallelly.'

TRACE::2026-04-18.10:50:29::SCWBDomain::make --no-print-directory archive

TRACE::2026-04-18.10:50:29::SCWBDomain::arm-none-eabi-ar -r  ps7_cortexa9_0/lib/libxil.a ps7_cortexa9_0/lib/_exit.o ps7_cortexa9_0/lib/_open.o ps7_cortexa9_0/lib/_sbrk
TRACE::2026-04-18.10:50:29::SCWBDomain::.o ps7_cortexa9_0/lib/abort.o ps7_cortexa9_0/lib/asm_vectors.o ps7_cortexa9_0/lib/boot.o ps7_cortexa9_0/lib/close.o ps7_cortexa
TRACE::2026-04-18.10:50:29::SCWBDomain::9_0/lib/cpputest_time.o ps7_cortexa9_0/lib/cpu_init.o ps7_cortexa9_0/lib/errno.o ps7_cortexa9_0/lib/fcntl.o ps7_cortexa9_0/lib/
TRACE::2026-04-18.10:50:29::SCWBDomain::fstat.o ps7_cortexa9_0/lib/getentropy.o ps7_cortexa9_0/lib/getpid.o ps7_cortexa9_0/lib/inbyte.o ps7_cortexa9_0/lib/isatty.o ps7
TRACE::2026-04-18.10:50:29::SCWBDomain::_cortexa9_0/lib/kill.o ps7_cortexa9_0/lib/lseek.o ps7_cortexa9_0/lib/open.o ps7_cortexa9_0/lib/outbyte.o ps7_cortexa9_0/lib/pri
TRACE::2026-04-18.10:50:29::SCWBDomain::nt.o ps7_cortexa9_0/lib/putnum.o ps7_cortexa9_0/lib/read.o ps7_cortexa9_0/lib/sbrk.o ps7_cortexa9_0/lib/sleep.o ps7_cortexa9_0/
TRACE::2026-04-18.10:50:29::SCWBDomain::lib/time.o ps7_cortexa9_0/lib/translation_table.o ps7_cortexa9_0/lib/unlink.o ps7_cortexa9_0/lib/usleep.o ps7_cortexa9_0/lib/ve
TRACE::2026-04-18.10:50:29::SCWBDomain::ctors.o ps7_cortexa9_0/lib/write.o ps7_cortexa9_0/lib/xadcps.o ps7_cortexa9_0/lib/xadcps_g.o ps7_cortexa9_0/lib/xadcps_intr.o p
TRACE::2026-04-18.10:50:29::SCWBDomain::s7_cortexa9_0/lib/xadcps_selftest.o ps7_cortexa9_0/lib/xadcps_sinit.o ps7_cortexa9_0/lib/xcoresightpsdcc.o ps7_cortexa9_0/lib/x
TRACE::2026-04-18.10:50:29::SCWBDomain::devcfg.o ps7_cortexa9_0/lib/xdevcfg_g.o ps7_cortexa9_0/lib/xdevcfg_hw.o ps7_cortexa9_0/lib/xdevcfg_intr.o ps7_cortexa9_0/lib/xd
TRACE::2026-04-18.10:50:29::SCWBDomain::evcfg_selftest.o ps7_cortexa9_0/lib/xdevcfg_sinit.o ps7_cortexa9_0/lib/xdmaps.o ps7_cortexa9_0/lib/xdmaps_g.o ps7_cortexa9_0/li
TRACE::2026-04-18.10:50:29::SCWBDomain::b/xdmaps_hw.o ps7_cortexa9_0/lib/xdmaps_selftest.o ps7_cortexa9_0/lib/xdmaps_sinit.o ps7_cortexa9_0/lib/xemacps.o ps7_cortexa9_
TRACE::2026-04-18.10:50:29::SCWBDomain::0/lib/xemacps_bdring.o ps7_cortexa9_0/lib/xemacps_control.o ps7_cortexa9_0/lib/xemacps_g.o ps7_cortexa9_0/lib/xemacps_hw.o ps7_
TRACE::2026-04-18.10:50:29::SCWBDomain::cortexa9_0/lib/xemacps_intr.o ps7_cortexa9_0/lib/xemacps_sinit.o ps7_cortexa9_0/lib/xgpio.o ps7_cortexa9_0/lib/xgpio_extra.o ps
TRACE::2026-04-18.10:50:29::SCWBDomain::7_cortexa9_0/lib/xgpio_g.o ps7_cortexa9_0/lib/xgpio_intr.o ps7_cortexa9_0/lib/xgpio_selftest.o ps7_cortexa9_0/lib/xgpio_sinit.o
TRACE::2026-04-18.10:50:29::SCWBDomain:: ps7_cortexa9_0/lib/xgpiops.o ps7_cortexa9_0/lib/xgpiops_g.o ps7_cortexa9_0/lib/xgpiops_hw.o ps7_cortexa9_0/lib/xgpiops_intr.o 
TRACE::2026-04-18.10:50:29::SCWBDomain::ps7_cortexa9_0/lib/xgpiops_selftest.o ps7_cortexa9_0/lib/xgpiops_sinit.o ps7_cortexa9_0/lib/xiicps.o ps7_cortexa9_0/lib/xiicps_
TRACE::2026-04-18.10:50:29::SCWBDomain::g.o ps7_cortexa9_0/lib/xiicps_hw.o ps7_cortexa9_0/lib/xiicps_intr.o ps7_cortexa9_0/lib/xiicps_master.o ps7_cortexa9_0/lib/xiicp
TRACE::2026-04-18.10:50:29::SCWBDomain::s_options.o ps7_cortexa9_0/lib/xiicps_selftest.o ps7_cortexa9_0/lib/xiicps_sinit.o ps7_cortexa9_0/lib/xiicps_slave.o ps7_cortex
TRACE::2026-04-18.10:50:29::SCWBDomain::a9_0/lib/xiicps_xfer.o ps7_cortexa9_0/lib/xil-crt0.o ps7_cortexa9_0/lib/xil_assert.o ps7_cortexa9_0/lib/xil_cache.o ps7_cortexa
TRACE::2026-04-18.10:50:29::SCWBDomain::9_0/lib/xil_clocking.o ps7_cortexa9_0/lib/xil_exception.o ps7_cortexa9_0/lib/xil_mem.o ps7_cortexa9_0/lib/xil_misc_psreset_api.
TRACE::2026-04-18.10:50:29::SCWBDomain::o ps7_cortexa9_0/lib/xil_mmu.o ps7_cortexa9_0/lib/xil_printf.o ps7_cortexa9_0/lib/xil_sleepcommon.o ps7_cortexa9_0/lib/xil_slee
TRACE::2026-04-18.10:50:29::SCWBDomain::ptimer.o ps7_cortexa9_0/lib/xil_spinlock.o ps7_cortexa9_0/lib/xil_testcache.o ps7_cortexa9_0/lib/xil_testio.o ps7_cortexa9_0/li
TRACE::2026-04-18.10:50:29::SCWBDomain::b/xil_testmem.o ps7_cortexa9_0/lib/xil_util.o ps7_cortexa9_0/lib/xinterrupt_wrap.o ps7_cortexa9_0/lib/xl2cc_counter.o ps7_corte
TRACE::2026-04-18.10:50:29::SCWBDomain::xa9_0/lib/xplatform_info.o ps7_cortexa9_0/lib/xpm_counter.o ps7_cortexa9_0/lib/xqspips.o ps7_cortexa9_0/lib/xqspips_g.o ps7_cor
TRACE::2026-04-18.10:50:29::SCWBDomain::texa9_0/lib/xqspips_hw.o ps7_cortexa9_0/lib/xqspips_options.o ps7_cortexa9_0/lib/xqspips_selftest.o ps7_cortexa9_0/lib/xqspips_
TRACE::2026-04-18.10:50:29::SCWBDomain::sinit.o ps7_cortexa9_0/lib/xscugic.o ps7_cortexa9_0/lib/xscugic_g.o ps7_cortexa9_0/lib/xscugic_hw.o ps7_cortexa9_0/lib/xscugic_
TRACE::2026-04-18.10:50:29::SCWBDomain::intr.o ps7_cortexa9_0/lib/xscugic_selftest.o ps7_cortexa9_0/lib/xscugic_sinit.o ps7_cortexa9_0/lib/xscutimer.o ps7_cortexa9_0/l
TRACE::2026-04-18.10:50:29::SCWBDomain::ib/xscutimer_g.o ps7_cortexa9_0/lib/xscutimer_selftest.o ps7_cortexa9_0/lib/xscutimer_sinit.o ps7_cortexa9_0/lib/xscuwdt.o ps7_
TRACE::2026-04-18.10:50:29::SCWBDomain::cortexa9_0/lib/xscuwdt_g.o ps7_cortexa9_0/lib/xscuwdt_selftest.o ps7_cortexa9_0/lib/xscuwdt_sinit.o ps7_cortexa9_0/lib/xsdps.o 
TRACE::2026-04-18.10:50:29::SCWBDomain::ps7_cortexa9_0/lib/xsdps_card.o ps7_cortexa9_0/lib/xsdps_g.o ps7_cortexa9_0/lib/xsdps_host.o ps7_cortexa9_0/lib/xsdps_options.o
TRACE::2026-04-18.10:50:29::SCWBDomain:: ps7_cortexa9_0/lib/xsdps_sinit.o ps7_cortexa9_0/lib/xtime_l.o ps7_cortexa9_0/lib/xuartps.o ps7_cortexa9_0/lib/xuartps_g.o ps7_
TRACE::2026-04-18.10:50:29::SCWBDomain::cortexa9_0/lib/xuartps_hw.o ps7_cortexa9_0/lib/xuartps_intr.o ps7_cortexa9_0/lib/xuartps_options.o ps7_cortexa9_0/lib/xuartps_s
TRACE::2026-04-18.10:50:29::SCWBDomain::elftest.o ps7_cortexa9_0/lib/xuartps_sinit.o ps7_cortexa9_0/lib/xusbps.o ps7_cortexa9_0/lib/xusbps_endpoint.o ps7_cortexa9_0/li
TRACE::2026-04-18.10:50:29::SCWBDomain::b/xusbps_g.o ps7_cortexa9_0/lib/xusbps_hw.o ps7_cortexa9_0/lib/xusbps_intr.o ps7_cortexa9_0/lib/xusbps_sinit.o

TRACE::2026-04-18.10:50:30::SCWBDomain::'Finished building libraries'

TRACE::2026-04-18.10:50:30::SCWBDomain::make: Leaving directory 'C:/Users/kc10b/Vivado/ECE520L/FinalProject/project_1/project_1_vitis/project_1_plat/zynq_fsbl/zynq_fsb
TRACE::2026-04-18.10:50:30::SCWBDomain::l_bsp'

TRACE::2026-04-18.10:50:30::SCWBDomain::arm-none-eabi-gcc  -O2 -c -MMD -MP       -mcpu=cortex-a9 -mfpu=vfpv3 -mfloat-abi=hard  -c sd.c -o sd.o -Izynq_fsbl_bsp/ps7_cort
TRACE::2026-04-18.10:50:30::SCWBDomain::exa9_0/include -I.

TRACE::2026-04-18.10:50:30::SCWBDomain::arm-none-eabi-gcc  -O2 -c -MMD -MP       -mcpu=cortex-a9 -mfpu=vfpv3 -mfloat-abi=hard  -c nand.c -o nand.o -Izynq_fsbl_bsp/ps7_
TRACE::2026-04-18.10:50:30::SCWBDomain::cortexa9_0/include -I.

TRACE::2026-04-18.10:50:30::SCWBDomain::arm-none-eabi-gcc  -O2 -c -MMD -MP       -mcpu=cortex-a9 -mfpu=vfpv3 -mfloat-abi=hard  -c nor.c -o nor.o -Izynq_fsbl_bsp/ps7_co
TRACE::2026-04-18.10:50:30::SCWBDomain::rtexa9_0/include -I.

TRACE::2026-04-18.10:50:30::SCWBDomain::arm-none-eabi-gcc  -O2 -c -MMD -MP       -mcpu=cortex-a9 -mfpu=vfpv3 -mfloat-abi=hard  -c image_mover.c -o image_mover.o -Izynq
TRACE::2026-04-18.10:50:30::SCWBDomain::_fsbl_bsp/ps7_cortexa9_0/include -I.

TRACE::2026-04-18.10:50:31::SCWBDomain::arm-none-eabi-gcc  -O2 -c -MMD -MP       -mcpu=cortex-a9 -mfpu=vfpv3 -mfloat-abi=hard  -c md5.c -o md5.o -Izynq_fsbl_bsp/ps7_co
TRACE::2026-04-18.10:50:31::SCWBDomain::rtexa9_0/include -I.

TRACE::2026-04-18.10:50:31::SCWBDomain::arm-none-eabi-gcc  -O2 -c -MMD -MP       -mcpu=cortex-a9 -mfpu=vfpv3 -mfloat-abi=hard  -c fsbl_hooks.c -o fsbl_hooks.o -Izynq_f
TRACE::2026-04-18.10:50:31::SCWBDomain::sbl_bsp/ps7_cortexa9_0/include -I.

TRACE::2026-04-18.10:50:31::SCWBDomain::arm-none-eabi-gcc  -O2 -c -MMD -MP       -mcpu=cortex-a9 -mfpu=vfpv3 -mfloat-abi=hard  -c main.c -o main.o -Izynq_fsbl_bsp/ps7_
TRACE::2026-04-18.10:50:31::SCWBDomain::cortexa9_0/include -I.

TRACE::2026-04-18.10:50:31::SCWBDomain::arm-none-eabi-gcc  -O2 -c -MMD -MP       -mcpu=cortex-a9 -mfpu=vfpv3 -mfloat-abi=hard  -c rsa.c -o rsa.o -Izynq_fsbl_bsp/ps7_co
TRACE::2026-04-18.10:50:31::SCWBDomain::rtexa9_0/include -I.

TRACE::2026-04-18.10:50:32::SCWBDomain::arm-none-eabi-gcc  -O2 -c -MMD -MP       -mcpu=cortex-a9 -mfpu=vfpv3 -mfloat-abi=hard  -c qspi.c -o qspi.o -Izynq_fsbl_bsp/ps7_
TRACE::2026-04-18.10:50:32::SCWBDomain::cortexa9_0/include -I.

TRACE::2026-04-18.10:50:32::SCWBDomain::arm-none-eabi-gcc  -O2 -c -MMD -MP       -mcpu=cortex-a9 -mfpu=vfpv3 -mfloat-abi=hard  -c ps7_init.c -o ps7_init.o -Izynq_fsbl_
TRACE::2026-04-18.10:50:32::SCWBDomain::bsp/ps7_cortexa9_0/include -I.

TRACE::2026-04-18.10:50:32::SCWBDomain::arm-none-eabi-gcc  -O2 -c -MMD -MP       -mcpu=cortex-a9 -mfpu=vfpv3 -mfloat-abi=hard  -c pcap.c -o pcap.o -Izynq_fsbl_bsp/ps7_
TRACE::2026-04-18.10:50:32::SCWBDomain::cortexa9_0/include -I.

TRACE::2026-04-18.10:50:32::SCWBDomain::arm-none-eabi-gcc  -O2 -c -MMD -MP       -mcpu=cortex-a9 -mfpu=vfpv3 -mfloat-abi=hard  -c fsbl_handoff.S -o fsbl_handoff.o -Izy
TRACE::2026-04-18.10:50:32::SCWBDomain::nq_fsbl_bsp/ps7_cortexa9_0/include -I.

TRACE::2026-04-18.10:50:33::SCWBDomain::arm-none-eabi-gcc -o fsbl.elf fsbl_handoff.o fsbl_hooks.o image_mover.o main.o md5.o nand.o nor.o pcap.o ps7_init.o qspi.o rsa.
TRACE::2026-04-18.10:50:33::SCWBDomain::o sd.o -MMD -MP       -mcpu=cortex-a9 -mfpu=vfpv3 -mfloat-abi=hard   -mcpu=cortex-a9 -mfpu=vfpv3 -mfloat-abi=hard -Wl,-build-id
TRACE::2026-04-18.10:50:33::SCWBDomain::=none -specs=Xilinx.spec  -lrsa -Wl,--start-group,-lxil,-lgcc,-lc,--end-group -Wl,--start-group,-lxilffs,-lxil,-lgcc,-lc,--end-
TRACE::2026-04-18.10:50:33::SCWBDomain::group -Wl,--start-group,-lrsa,-lxil,-lgcc,-lc,--end-group                                     -Wl,--gc-sections -Lzynq_fsbl_bsp
TRACE::2026-04-18.10:50:33::SCWBDomain::/ps7_cortexa9_0/lib -L./ -Tlscript.ld

LOG::2026-04-18.10:50:34::SCWSystem::Checking the domain standalone_domain
LOG::2026-04-18.10:50:34::SCWSystem::Not a boot domain 
LOG::2026-04-18.10:50:34::SCWSystem::Started Processing the domain standalone_domain
TRACE::2026-04-18.10:50:34::SCWDomain::Generating domain artifcats
TRACE::2026-04-18.10:50:34::SCWMssOS::Generating standalone artifcats
TRACE::2026-04-18.10:50:34::SCWMssOS::Copying the qemu file from  C:/Users/kc10b/Vivado/ECE520L/FinalProject/project_1/project_1_vitis/project_1_plat/resources/project_1_plat/standalone_domain/qemu_args.txt To C:/Users/kc10b/Vivado/ECE520L/FinalProject/project_1/project_1_vitis/project_1_plat/export/project_1_plat/sw/project_1_plat/qemu/
TRACE::2026-04-18.10:50:34::SCWMssOS::Copying the qemu file from  C:/Users/kc10b/Vivado/ECE520L/FinalProject/project_1/project_1_vitis/project_1_plat/resources/project_1_plat/standalone_domain/qemu_args.txt To C:/Users/kc10b/Vivado/ECE520L/FinalProject/project_1/project_1_vitis/project_1_plat/export/project_1_plat/sw/project_1_plat/standalone_domain/qemu/
TRACE::2026-04-18.10:50:34::SCWMssOS:: Copying the user libraries. 
TRACE::2026-04-18.10:50:34::SCWPlatform::Trying to open the hw design at C:/Users/kc10b/Vivado/ECE520L/FinalProject/project_1/project_1_vitis/project_1_plat/hw/design_1_wrapper.xsa
TRACE::2026-04-18.10:50:34::SCWPlatform::DSA given C:/Users/kc10b/Vivado/ECE520L/FinalProject/project_1/project_1_vitis/project_1_plat/hw/design_1_wrapper.xsa
TRACE::2026-04-18.10:50:34::SCWPlatform::DSA absoulate path C:/Users/kc10b/Vivado/ECE520L/FinalProject/project_1/project_1_vitis/project_1_plat/hw/design_1_wrapper.xsa
TRACE::2026-04-18.10:50:34::SCWPlatform::DSA directory C:/Users/kc10b/Vivado/ECE520L/FinalProject/project_1/project_1_vitis/project_1_plat/hw
TRACE::2026-04-18.10:50:34::SCWPlatform:: Platform Path C:/Users/kc10b/Vivado/ECE520L/FinalProject/project_1/project_1_vitis/project_1_plat/hw/design_1_wrapper.xsa
TRACE::2026-04-18.10:50:34::SCWPlatform:: Unique name xilinx:zybo-z7-10::0.0
TRACE::2026-04-18.10:50:34::SCWPlatform::Trying to set the existing hwdb with name design_1_wrapper_1
TRACE::2026-04-18.10:50:34::SCWPlatform::Opened existing hwdb design_1_wrapper_1
TRACE::2026-04-18.10:50:34::SCWPlatform::Found the Hw Db part of the input DSA
TRACE::2026-04-18.10:50:34::SCWMssOS::Checking the sw design at  C:/Users/kc10b/Vivado/ECE520L/FinalProject/project_1/project_1_vitis/project_1_plat/ps7_cortexa9_0/standalone_domain/bsp/system.mss
TRACE::2026-04-18.10:50:34::SCWMssOS::DEBUG:  swdes dump  C:/Users/kc10b/Vivado/ECE520L/FinalProject/project_1/project_1_vitis/project_1_plat/ps7_cortexa9_0/standalone_domain/bsp/system.mss|system_0||
C:/Users/kc10b/Vivado/ECE520L/FinalProject/project_1/project_1_vitis/project_1_plat/zynq_fsbl/zynq_fsbl_bsp/system.mss|system||

TRACE::2026-04-18.10:50:34::SCWMssOS::Sw design exists and opened at  C:/Users/kc10b/Vivado/ECE520L/FinalProject/project_1/project_1_vitis/project_1_plat/ps7_cortexa9_0/standalone_domain/bsp/system.mss
TRACE::2026-04-18.10:50:34::SCWMssOS::Completed writing the mss file at C:/Users/kc10b/Vivado/ECE520L/FinalProject/project_1/project_1_vitis/project_1_plat/ps7_cortexa9_0/standalone_domain/bsp
TRACE::2026-04-18.10:50:34::SCWMssOS::Mss edits present, copying mssfile into export location C:/Users/kc10b/Vivado/ECE520L/FinalProject/project_1/project_1_vitis/project_1_plat/ps7_cortexa9_0/standalone_domain/bsp/system.mss
TRACE::2026-04-18.10:50:34::SCWMssOS::bsp generated is upto date with the mss file. Skipping bsp generation.
TRACE::2026-04-18.10:50:34::SCWMssOS::BSP is already built. skipping the bsp build ... 
TRACE::2026-04-18.10:50:34::SCWDomain::Building the domain as part of full build :  standalone_domain
TRACE::2026-04-18.10:50:34::SCWMssOS::doing bsp build ... 
TRACE::2026-04-18.10:50:34::SCWMssOS::System Command Ran  C: & cd  C:/Users/kc10b/Vivado/ECE520L/FinalProject/project_1/project_1_vitis/project_1_plat/ps7_cortexa9_0/standalone_domain/bsp & make 
TRACE::2026-04-18.10:50:34::SCWMssOS::make --no-print-directory seq_libs

TRACE::2026-04-18.10:50:34::SCWMssOS::'Finished building libraries sequentially.'

TRACE::2026-04-18.10:50:34::SCWMssOS::make -j 14 --no-print-directory par_libs

TRACE::2026-04-18.10:50:34::SCWMssOS::"Running Make include in ps7_cortexa9_0/libsrc/coresightps_dcc_v1_8/src"

TRACE::2026-04-18.10:50:34::SCWMssOS::"Running Make include in ps7_cortexa9_0/libsrc/cpu_cortexa9_v2_11/src"

TRACE::2026-04-18.10:50:34::SCWMssOS::make -C ps7_cortexa9_0/libsrc/coresightps_dcc_v1_8/src -s include  "SHELL=CMD" "COMPILER=arm-none-eabi-gcc" "ASSEMBLER=arm-none
TRACE::2026-04-18.10:50:34::SCWMssOS::-eabi-as" "ARCHIVER=arm-none-eabi-ar" "COMPILER_FLAGS=  -O2 -c" "EXTRA_COMPILER_FLAGS=-mcpu=cortex-a9 -mfpu=vfpv3 -mfloat-abi=h
TRACE::2026-04-18.10:50:34::SCWMssOS::ard -nostartfiles -g -Wall -Wextra -fno-tree-loop-distribute-patterns"

TRACE::2026-04-18.10:50:34::SCWMssOS::"Running Make include in ps7_cortexa9_0/libsrc/ddrps_v1_2/src"

TRACE::2026-04-18.10:50:34::SCWMssOS::make -C ps7_cortexa9_0/libsrc/cpu_cortexa9_v2_11/src -s include  "SHELL=CMD" "COMPILER=arm-none-eabi-gcc" "ASSEMBLER=arm-none-e
TRACE::2026-04-18.10:50:34::SCWMssOS::abi-as" "ARCHIVER=arm-none-eabi-ar" "COMPILER_FLAGS=  -O2 -c" "EXTRA_COMPILER_FLAGS=-mcpu=cortex-a9 -mfpu=vfpv3 -mfloat-abi=har
TRACE::2026-04-18.10:50:34::SCWMssOS::d -nostartfiles -g -Wall -Wextra -fno-tree-loop-distribute-patterns"

TRACE::2026-04-18.10:50:34::SCWMssOS::make -C ps7_cortexa9_0/libsrc/ddrps_v1_2/src -s include  "SHELL=CMD" "COMPILER=arm-none-eabi-gcc" "ASSEMBLER=arm-none-eabi-as" 
TRACE::2026-04-18.10:50:34::SCWMssOS::"ARCHIVER=arm-none-eabi-ar" "COMPILER_FLAGS=  -O2 -c" "EXTRA_COMPILER_FLAGS=-mcpu=cortex-a9 -mfpu=vfpv3 -mfloat-abi=hard -nosta
TRACE::2026-04-18.10:50:34::SCWMssOS::rtfiles -g -Wall -Wextra -fno-tree-loop-distribute-patterns"

TRACE::2026-04-18.10:50:35::SCWMssOS::"Running Make include in ps7_cortexa9_0/libsrc/devcfg_v3_7/src"

TRACE::2026-04-18.10:50:35::SCWMssOS::make -C ps7_cortexa9_0/libsrc/devcfg_v3_7/src -s include  "SHELL=CMD" "COMPILER=arm-none-eabi-gcc" "ASSEMBLER=arm-none-eabi-as"
TRACE::2026-04-18.10:50:35::SCWMssOS:: "ARCHIVER=arm-none-eabi-ar" "COMPILER_FLAGS=  -O2 -c" "EXTRA_COMPILER_FLAGS=-mcpu=cortex-a9 -mfpu=vfpv3 -mfloat-abi=hard -nost
TRACE::2026-04-18.10:50:35::SCWMssOS::artfiles -g -Wall -Wextra -fno-tree-loop-distribute-patterns"

TRACE::2026-04-18.10:50:35::SCWMssOS::"Running Make include in ps7_cortexa9_0/libsrc/dmaps_v2_8/src"

TRACE::2026-04-18.10:50:35::SCWMssOS::"Running Make include in ps7_cortexa9_0/libsrc/emacps_v3_18/src"

TRACE::2026-04-18.10:50:35::SCWMssOS::make -C ps7_cortexa9_0/libsrc/dmaps_v2_8/src -s include  "SHELL=CMD" "COMPILER=arm-none-eabi-gcc" "ASSEMBLER=arm-none-eabi-as" 
TRACE::2026-04-18.10:50:35::SCWMssOS::"ARCHIVER=arm-none-eabi-ar" "COMPILER_FLAGS=  -O2 -c" "EXTRA_COMPILER_FLAGS=-mcpu=cortex-a9 -mfpu=vfpv3 -mfloat-abi=hard -nosta
TRACE::2026-04-18.10:50:35::SCWMssOS::rtfiles -g -Wall -Wextra -fno-tree-loop-distribute-patterns"

TRACE::2026-04-18.10:50:35::SCWMssOS::make -C ps7_cortexa9_0/libsrc/emacps_v3_18/src -s include  "SHELL=CMD" "COMPILER=arm-none-eabi-gcc" "ASSEMBLER=arm-none-eabi-as
TRACE::2026-04-18.10:50:35::SCWMssOS::" "ARCHIVER=arm-none-eabi-ar" "COMPILER_FLAGS=  -O2 -c" "EXTRA_COMPILER_FLAGS=-mcpu=cortex-a9 -mfpu=vfpv3 -mfloat-abi=hard -nos
TRACE::2026-04-18.10:50:35::SCWMssOS::tartfiles -g -Wall -Wextra -fno-tree-loop-distribute-patterns"

TRACE::2026-04-18.10:50:35::SCWMssOS::"Running Make include in ps7_cortexa9_0/libsrc/gpiops_v3_11/src"

TRACE::2026-04-18.10:50:35::SCWMssOS::make -C ps7_cortexa9_0/libsrc/gpiops_v3_11/src -s include  "SHELL=CMD" "COMPILER=arm-none-eabi-gcc" "ASSEMBLER=arm-none-eabi-as
TRACE::2026-04-18.10:50:35::SCWMssOS::" "ARCHIVER=arm-none-eabi-ar" "COMPILER_FLAGS=  -O2 -c" "EXTRA_COMPILER_FLAGS=-mcpu=cortex-a9 -mfpu=vfpv3 -mfloat-abi=hard -nos
TRACE::2026-04-18.10:50:35::SCWMssOS::tartfiles -g -Wall -Wextra -fno-tree-loop-distribute-patterns"

TRACE::2026-04-18.10:50:35::SCWMssOS::"Running Make include in ps7_cortexa9_0/libsrc/gpio_v4_9/src"

TRACE::2026-04-18.10:50:35::SCWMssOS::"Running Make include in ps7_cortexa9_0/libsrc/iicps_v3_17/src"

TRACE::2026-04-18.10:50:35::SCWMssOS::make -C ps7_cortexa9_0/libsrc/gpio_v4_9/src -s include  "SHELL=CMD" "COMPILER=arm-none-eabi-gcc" "ASSEMBLER=arm-none-eabi-as" "
TRACE::2026-04-18.10:50:35::SCWMssOS::ARCHIVER=arm-none-eabi-ar" "COMPILER_FLAGS=  -O2 -c" "EXTRA_COMPILER_FLAGS=-mcpu=cortex-a9 -mfpu=vfpv3 -mfloat-abi=hard -nostar
TRACE::2026-04-18.10:50:35::SCWMssOS::tfiles -g -Wall -Wextra -fno-tree-loop-distribute-patterns"

TRACE::2026-04-18.10:50:35::SCWMssOS::make -C ps7_cortexa9_0/libsrc/iicps_v3_17/src -s include  "SHELL=CMD" "COMPILER=arm-none-eabi-gcc" "ASSEMBLER=arm-none-eabi-as"
TRACE::2026-04-18.10:50:35::SCWMssOS:: "ARCHIVER=arm-none-eabi-ar" "COMPILER_FLAGS=  -O2 -c" "EXTRA_COMPILER_FLAGS=-mcpu=cortex-a9 -mfpu=vfpv3 -mfloat-abi=hard -nost
TRACE::2026-04-18.10:50:35::SCWMssOS::artfiles -g -Wall -Wextra -fno-tree-loop-distribute-patterns"

TRACE::2026-04-18.10:50:35::SCWMssOS::"Running Make include in ps7_cortexa9_0/libsrc/qspips_v3_10/src"

TRACE::2026-04-18.10:50:35::SCWMssOS::"Running Make include in ps7_cortexa9_0/libsrc/scugic_v5_1/src"

TRACE::2026-04-18.10:50:35::SCWMssOS::make -C ps7_cortexa9_0/libsrc/qspips_v3_10/src -s include  "SHELL=CMD" "COMPILER=arm-none-eabi-gcc" "ASSEMBLER=arm-none-eabi-as
TRACE::2026-04-18.10:50:35::SCWMssOS::" "ARCHIVER=arm-none-eabi-ar" "COMPILER_FLAGS=  -O2 -c" "EXTRA_COMPILER_FLAGS=-mcpu=cortex-a9 -mfpu=vfpv3 -mfloat-abi=hard -nos
TRACE::2026-04-18.10:50:35::SCWMssOS::tartfiles -g -Wall -Wextra -fno-tree-loop-distribute-patterns"

TRACE::2026-04-18.10:50:35::SCWMssOS::"Running Make include in ps7_cortexa9_0/libsrc/scutimer_v2_4/src"

TRACE::2026-04-18.10:50:35::SCWMssOS::make -C ps7_cortexa9_0/libsrc/scugic_v5_1/src -s include  "SHELL=CMD" "COMPILER=arm-none-eabi-gcc" "ASSEMBLER=arm-none-eabi-as"
TRACE::2026-04-18.10:50:35::SCWMssOS:: "ARCHIVER=arm-none-eabi-ar" "COMPILER_FLAGS=  -O2 -c" "EXTRA_COMPILER_FLAGS=-mcpu=cortex-a9 -mfpu=vfpv3 -mfloat-abi=hard -nost
TRACE::2026-04-18.10:50:35::SCWMssOS::artfiles -g -Wall -Wextra -fno-tree-loop-distribute-patterns"

TRACE::2026-04-18.10:50:35::SCWMssOS::make -C ps7_cortexa9_0/libsrc/scutimer_v2_4/src -s include  "SHELL=CMD" "COMPILER=arm-none-eabi-gcc" "ASSEMBLER=arm-none-eabi-a
TRACE::2026-04-18.10:50:35::SCWMssOS::s" "ARCHIVER=arm-none-eabi-ar" "COMPILER_FLAGS=  -O2 -c" "EXTRA_COMPILER_FLAGS=-mcpu=cortex-a9 -mfpu=vfpv3 -mfloat-abi=hard -no
TRACE::2026-04-18.10:50:35::SCWMssOS::startfiles -g -Wall -Wextra -fno-tree-loop-distribute-patterns"

TRACE::2026-04-18.10:50:35::SCWMssOS::"Running Make include in ps7_cortexa9_0/libsrc/scuwdt_v2_4/src"

TRACE::2026-04-18.10:50:35::SCWMssOS::make -C ps7_cortexa9_0/libsrc/scuwdt_v2_4/src -s include  "SHELL=CMD" "COMPILER=arm-none-eabi-gcc" "ASSEMBLER=arm-none-eabi-as"
TRACE::2026-04-18.10:50:35::SCWMssOS:: "ARCHIVER=arm-none-eabi-ar" "COMPILER_FLAGS=  -O2 -c" "EXTRA_COMPILER_FLAGS=-mcpu=cortex-a9 -mfpu=vfpv3 -mfloat-abi=hard -nost
TRACE::2026-04-18.10:50:35::SCWMssOS::artfiles -g -Wall -Wextra -fno-tree-loop-distribute-patterns"

TRACE::2026-04-18.10:50:35::SCWMssOS::"Running Make include in ps7_cortexa9_0/libsrc/sdps_v4_1/src"

TRACE::2026-04-18.10:50:35::SCWMssOS::make -C ps7_cortexa9_0/libsrc/sdps_v4_1/src -s include  "SHELL=CMD" "COMPILER=arm-none-eabi-gcc" "ASSEMBLER=arm-none-eabi-as" "
TRACE::2026-04-18.10:50:35::SCWMssOS::ARCHIVER=arm-none-eabi-ar" "COMPILER_FLAGS=  -O2 -c" "EXTRA_COMPILER_FLAGS=-mcpu=cortex-a9 -mfpu=vfpv3 -mfloat-abi=hard -nostar
TRACE::2026-04-18.10:50:35::SCWMssOS::tfiles -g -Wall -Wextra -fno-tree-loop-distribute-patterns"

TRACE::2026-04-18.10:50:35::SCWMssOS::"Running Make include in ps7_cortexa9_0/libsrc/standalone_v8_1/src"

TRACE::2026-04-18.10:50:35::SCWMssOS::make -C ps7_cortexa9_0/libsrc/standalone_v8_1/src -s include  "SHELL=CMD" "COMPILER=arm-none-eabi-gcc" "ASSEMBLER=arm-none-eabi
TRACE::2026-04-18.10:50:35::SCWMssOS::-as" "ARCHIVER=arm-none-eabi-ar" "COMPILER_FLAGS=  -O2 -c" "EXTRA_COMPILER_FLAGS=-mcpu=cortex-a9 -mfpu=vfpv3 -mfloat-abi=hard -
TRACE::2026-04-18.10:50:35::SCWMssOS::nostartfiles -g -Wall -Wextra -fno-tree-loop-distribute-patterns"

TRACE::2026-04-18.10:50:35::SCWMssOS::"Running Make include in ps7_cortexa9_0/libsrc/uartps_v3_12/src"

TRACE::2026-04-18.10:50:35::SCWMssOS::"Running Make include in ps7_cortexa9_0/libsrc/usbps_v2_7/src"

TRACE::2026-04-18.10:50:35::SCWMssOS::make -C ps7_cortexa9_0/libsrc/uartps_v3_12/src -s include  "SHELL=CMD" "COMPILER=arm-none-eabi-gcc" "ASSEMBLER=arm-none-eabi-as
TRACE::2026-04-18.10:50:35::SCWMssOS::" "ARCHIVER=arm-none-eabi-ar" "COMPILER_FLAGS=  -O2 -c" "EXTRA_COMPILER_FLAGS=-mcpu=cortex-a9 -mfpu=vfpv3 -mfloat-abi=hard -nos
TRACE::2026-04-18.10:50:35::SCWMssOS::tartfiles -g -Wall -Wextra -fno-tree-loop-distribute-patterns"

TRACE::2026-04-18.10:50:35::SCWMssOS::make -C ps7_cortexa9_0/libsrc/usbps_v2_7/src -s include  "SHELL=CMD" "COMPILER=arm-none-eabi-gcc" "ASSEMBLER=arm-none-eabi-as" 
TRACE::2026-04-18.10:50:35::SCWMssOS::"ARCHIVER=arm-none-eabi-ar" "COMPILER_FLAGS=  -O2 -c" "EXTRA_COMPILER_FLAGS=-mcpu=cortex-a9 -mfpu=vfpv3 -mfloat-abi=hard -nosta
TRACE::2026-04-18.10:50:35::SCWMssOS::rtfiles -g -Wall -Wextra -fno-tree-loop-distribute-patterns"

TRACE::2026-04-18.10:50:35::SCWMssOS::"Running Make include in ps7_cortexa9_0/libsrc/xadcps_v2_6/src"

TRACE::2026-04-18.10:50:35::SCWMssOS::make -C ps7_cortexa9_0/libsrc/xadcps_v2_6/src -s include  "SHELL=CMD" "COMPILER=arm-none-eabi-gcc" "ASSEMBLER=arm-none-eabi-as"
TRACE::2026-04-18.10:50:35::SCWMssOS:: "ARCHIVER=arm-none-eabi-ar" "COMPILER_FLAGS=  -O2 -c" "EXTRA_COMPILER_FLAGS=-mcpu=cortex-a9 -mfpu=vfpv3 -mfloat-abi=hard -nost
TRACE::2026-04-18.10:50:35::SCWMssOS::artfiles -g -Wall -Wextra -fno-tree-loop-distribute-patterns"

TRACE::2026-04-18.10:50:36::SCWMssOS::"Running Make libs in ps7_cortexa9_0/libsrc/coresightps_dcc_v1_8/src"

TRACE::2026-04-18.10:50:36::SCWMssOS::"Running Make libs in ps7_cortexa9_0/libsrc/cpu_cortexa9_v2_11/src"

TRACE::2026-04-18.10:50:36::SCWMssOS::make -C ps7_cortexa9_0/libsrc/coresightps_dcc_v1_8/src -s libs  "SHELL=CMD" "COMPILER=arm-none-eabi-gcc" "ASSEMBLER=arm-none-ea
TRACE::2026-04-18.10:50:36::SCWMssOS::bi-as" "ARCHIVER=arm-none-eabi-ar" "COMPILER_FLAGS=  -O2 -c" "EXTRA_COMPILER_FLAGS=-mcpu=cortex-a9 -mfpu=vfpv3 -mfloat-abi=hard
TRACE::2026-04-18.10:50:36::SCWMssOS:: -nostartfiles -g -Wall -Wextra -fno-tree-loop-distribute-patterns"

TRACE::2026-04-18.10:50:36::SCWMssOS::"Running Make libs in ps7_cortexa9_0/libsrc/ddrps_v1_2/src"

TRACE::2026-04-18.10:50:36::SCWMssOS::make -C ps7_cortexa9_0/libsrc/cpu_cortexa9_v2_11/src -s libs  "SHELL=CMD" "COMPILER=arm-none-eabi-gcc" "ASSEMBLER=arm-none-eabi
TRACE::2026-04-18.10:50:36::SCWMssOS::-as" "ARCHIVER=arm-none-eabi-ar" "COMPILER_FLAGS=  -O2 -c" "EXTRA_COMPILER_FLAGS=-mcpu=cortex-a9 -mfpu=vfpv3 -mfloat-abi=hard -
TRACE::2026-04-18.10:50:36::SCWMssOS::nostartfiles -g -Wall -Wextra -fno-tree-loop-distribute-patterns"

TRACE::2026-04-18.10:50:36::SCWMssOS::make -C ps7_cortexa9_0/libsrc/ddrps_v1_2/src -s libs  "SHELL=CMD" "COMPILER=arm-none-eabi-gcc" "ASSEMBLER=arm-none-eabi-as" "AR
TRACE::2026-04-18.10:50:36::SCWMssOS::CHIVER=arm-none-eabi-ar" "COMPILER_FLAGS=  -O2 -c" "EXTRA_COMPILER_FLAGS=-mcpu=cortex-a9 -mfpu=vfpv3 -mfloat-abi=hard -nostartf
TRACE::2026-04-18.10:50:36::SCWMssOS::iles -g -Wall -Wextra -fno-tree-loop-distribute-patterns"

TRACE::2026-04-18.10:50:37::SCWMssOS::"Running Make libs in ps7_cortexa9_0/libsrc/devcfg_v3_7/src"

TRACE::2026-04-18.10:50:37::SCWMssOS::make -C ps7_cortexa9_0/libsrc/devcfg_v3_7/src -s libs  "SHELL=CMD" "COMPILER=arm-none-eabi-gcc" "ASSEMBLER=arm-none-eabi-as" "A
TRACE::2026-04-18.10:50:37::SCWMssOS::RCHIVER=arm-none-eabi-ar" "COMPILER_FLAGS=  -O2 -c" "EXTRA_COMPILER_FLAGS=-mcpu=cortex-a9 -mfpu=vfpv3 -mfloat-abi=hard -nostart
TRACE::2026-04-18.10:50:37::SCWMssOS::files -g -Wall -Wextra -fno-tree-loop-distribute-patterns"

TRACE::2026-04-18.10:50:37::SCWMssOS::"Running Make libs in ps7_cortexa9_0/libsrc/dmaps_v2_8/src"

TRACE::2026-04-18.10:50:37::SCWMssOS::make -C ps7_cortexa9_0/libsrc/dmaps_v2_8/src -s libs  "SHELL=CMD" "COMPILER=arm-none-eabi-gcc" "ASSEMBLER=arm-none-eabi-as" "AR
TRACE::2026-04-18.10:50:37::SCWMssOS::CHIVER=arm-none-eabi-ar" "COMPILER_FLAGS=  -O2 -c" "EXTRA_COMPILER_FLAGS=-mcpu=cortex-a9 -mfpu=vfpv3 -mfloat-abi=hard -nostartf
TRACE::2026-04-18.10:50:37::SCWMssOS::iles -g -Wall -Wextra -fno-tree-loop-distribute-patterns"

TRACE::2026-04-18.10:50:37::SCWMssOS::"Running Make libs in ps7_cortexa9_0/libsrc/emacps_v3_18/src"

TRACE::2026-04-18.10:50:37::SCWMssOS::make -C ps7_cortexa9_0/libsrc/emacps_v3_18/src -s libs  "SHELL=CMD" "COMPILER=arm-none-eabi-gcc" "ASSEMBLER=arm-none-eabi-as" "
TRACE::2026-04-18.10:50:37::SCWMssOS::ARCHIVER=arm-none-eabi-ar" "COMPILER_FLAGS=  -O2 -c" "EXTRA_COMPILER_FLAGS=-mcpu=cortex-a9 -mfpu=vfpv3 -mfloat-abi=hard -nostar
TRACE::2026-04-18.10:50:37::SCWMssOS::tfiles -g -Wall -Wextra -fno-tree-loop-distribute-patterns"

TRACE::2026-04-18.10:50:37::SCWMssOS::"Running Make libs in ps7_cortexa9_0/libsrc/gpiops_v3_11/src"

TRACE::2026-04-18.10:50:37::SCWMssOS::make -C ps7_cortexa9_0/libsrc/gpiops_v3_11/src -s libs  "SHELL=CMD" "COMPILER=arm-none-eabi-gcc" "ASSEMBLER=arm-none-eabi-as" "
TRACE::2026-04-18.10:50:37::SCWMssOS::ARCHIVER=arm-none-eabi-ar" "COMPILER_FLAGS=  -O2 -c" "EXTRA_COMPILER_FLAGS=-mcpu=cortex-a9 -mfpu=vfpv3 -mfloat-abi=hard -nostar
TRACE::2026-04-18.10:50:37::SCWMssOS::tfiles -g -Wall -Wextra -fno-tree-loop-distribute-patterns"

TRACE::2026-04-18.10:50:37::SCWMssOS::"Running Make libs in ps7_cortexa9_0/libsrc/gpio_v4_9/src"

TRACE::2026-04-18.10:50:37::SCWMssOS::make -C ps7_cortexa9_0/libsrc/gpio_v4_9/src -s libs  "SHELL=CMD" "COMPILER=arm-none-eabi-gcc" "ASSEMBLER=arm-none-eabi-as" "ARC
TRACE::2026-04-18.10:50:37::SCWMssOS::HIVER=arm-none-eabi-ar" "COMPILER_FLAGS=  -O2 -c" "EXTRA_COMPILER_FLAGS=-mcpu=cortex-a9 -mfpu=vfpv3 -mfloat-abi=hard -nostartfi
TRACE::2026-04-18.10:50:37::SCWMssOS::les -g -Wall -Wextra -fno-tree-loop-distribute-patterns"

TRACE::2026-04-18.10:50:37::SCWMssOS::"Running Make libs in ps7_cortexa9_0/libsrc/iicps_v3_17/src"

TRACE::2026-04-18.10:50:38::SCWMssOS::make -C ps7_cortexa9_0/libsrc/iicps_v3_17/src -s libs  "SHELL=CMD" "COMPILER=arm-none-eabi-gcc" "ASSEMBLER=arm-none-eabi-as" "A
TRACE::2026-04-18.10:50:38::SCWMssOS::RCHIVER=arm-none-eabi-ar" "COMPILER_FLAGS=  -O2 -c" "EXTRA_COMPILER_FLAGS=-mcpu=cortex-a9 -mfpu=vfpv3 -mfloat-abi=hard -nostart
TRACE::2026-04-18.10:50:38::SCWMssOS::files -g -Wall -Wextra -fno-tree-loop-distribute-patterns"

TRACE::2026-04-18.10:50:38::SCWMssOS::"Running Make libs in ps7_cortexa9_0/libsrc/qspips_v3_10/src"

TRACE::2026-04-18.10:50:38::SCWMssOS::make -C ps7_cortexa9_0/libsrc/qspips_v3_10/src -s libs  "SHELL=CMD" "COMPILER=arm-none-eabi-gcc" "ASSEMBLER=arm-none-eabi-as" "
TRACE::2026-04-18.10:50:38::SCWMssOS::ARCHIVER=arm-none-eabi-ar" "COMPILER_FLAGS=  -O2 -c" "EXTRA_COMPILER_FLAGS=-mcpu=cortex-a9 -mfpu=vfpv3 -mfloat-abi=hard -nostar
TRACE::2026-04-18.10:50:38::SCWMssOS::tfiles -g -Wall -Wextra -fno-tree-loop-distribute-patterns"

TRACE::2026-04-18.10:50:38::SCWMssOS::"Running Make libs in ps7_cortexa9_0/libsrc/scugic_v5_1/src"

TRACE::2026-04-18.10:50:38::SCWMssOS::make -C ps7_cortexa9_0/libsrc/scugic_v5_1/src -s libs  "SHELL=CMD" "COMPILER=arm-none-eabi-gcc" "ASSEMBLER=arm-none-eabi-as" "A
TRACE::2026-04-18.10:50:38::SCWMssOS::RCHIVER=arm-none-eabi-ar" "COMPILER_FLAGS=  -O2 -c" "EXTRA_COMPILER_FLAGS=-mcpu=cortex-a9 -mfpu=vfpv3 -mfloat-abi=hard -nostart
TRACE::2026-04-18.10:50:38::SCWMssOS::files -g -Wall -Wextra -fno-tree-loop-distribute-patterns"

TRACE::2026-04-18.10:50:38::SCWMssOS::"Running Make libs in ps7_cortexa9_0/libsrc/scutimer_v2_4/src"

TRACE::2026-04-18.10:50:38::SCWMssOS::make -C ps7_cortexa9_0/libsrc/scutimer_v2_4/src -s libs  "SHELL=CMD" "COMPILER=arm-none-eabi-gcc" "ASSEMBLER=arm-none-eabi-as" 
TRACE::2026-04-18.10:50:38::SCWMssOS::"ARCHIVER=arm-none-eabi-ar" "COMPILER_FLAGS=  -O2 -c" "EXTRA_COMPILER_FLAGS=-mcpu=cortex-a9 -mfpu=vfpv3 -mfloat-abi=hard -nosta
TRACE::2026-04-18.10:50:38::SCWMssOS::rtfiles -g -Wall -Wextra -fno-tree-loop-distribute-patterns"

TRACE::2026-04-18.10:50:39::SCWMssOS::"Running Make libs in ps7_cortexa9_0/libsrc/scuwdt_v2_4/src"

TRACE::2026-04-18.10:50:39::SCWMssOS::make -C ps7_cortexa9_0/libsrc/scuwdt_v2_4/src -s libs  "SHELL=CMD" "COMPILER=arm-none-eabi-gcc" "ASSEMBLER=arm-none-eabi-as" "A
TRACE::2026-04-18.10:50:39::SCWMssOS::RCHIVER=arm-none-eabi-ar" "COMPILER_FLAGS=  -O2 -c" "EXTRA_COMPILER_FLAGS=-mcpu=cortex-a9 -mfpu=vfpv3 -mfloat-abi=hard -nostart
TRACE::2026-04-18.10:50:39::SCWMssOS::files -g -Wall -Wextra -fno-tree-loop-distribute-patterns"

TRACE::2026-04-18.10:50:39::SCWMssOS::"Running Make libs in ps7_cortexa9_0/libsrc/sdps_v4_1/src"

TRACE::2026-04-18.10:50:39::SCWMssOS::make -C ps7_cortexa9_0/libsrc/sdps_v4_1/src -s libs  "SHELL=CMD" "COMPILER=arm-none-eabi-gcc" "ASSEMBLER=arm-none-eabi-as" "ARC
TRACE::2026-04-18.10:50:39::SCWMssOS::HIVER=arm-none-eabi-ar" "COMPILER_FLAGS=  -O2 -c" "EXTRA_COMPILER_FLAGS=-mcpu=cortex-a9 -mfpu=vfpv3 -mfloat-abi=hard -nostartfi
TRACE::2026-04-18.10:50:39::SCWMssOS::les -g -Wall -Wextra -fno-tree-loop-distribute-patterns"

TRACE::2026-04-18.10:50:40::SCWMssOS::"Running Make libs in ps7_cortexa9_0/libsrc/standalone_v8_1/src"

TRACE::2026-04-18.10:50:40::SCWMssOS::make -C ps7_cortexa9_0/libsrc/standalone_v8_1/src -s libs  "SHELL=CMD" "COMPILER=arm-none-eabi-gcc" "ASSEMBLER=arm-none-eabi-as
TRACE::2026-04-18.10:50:40::SCWMssOS::" "ARCHIVER=arm-none-eabi-ar" "COMPILER_FLAGS=  -O2 -c" "EXTRA_COMPILER_FLAGS=-mcpu=cortex-a9 -mfpu=vfpv3 -mfloat-abi=hard -nos
TRACE::2026-04-18.10:50:40::SCWMssOS::tartfiles -g -Wall -Wextra -fno-tree-loop-distribute-patterns"

TRACE::2026-04-18.10:50:40::SCWMssOS::"Running Make libs in ps7_cortexa9_0/libsrc/uartps_v3_12/src"

TRACE::2026-04-18.10:50:40::SCWMssOS::make -C ps7_cortexa9_0/libsrc/uartps_v3_12/src -s libs  "SHELL=CMD" "COMPILER=arm-none-eabi-gcc" "ASSEMBLER=arm-none-eabi-as" "
TRACE::2026-04-18.10:50:40::SCWMssOS::ARCHIVER=arm-none-eabi-ar" "COMPILER_FLAGS=  -O2 -c" "EXTRA_COMPILER_FLAGS=-mcpu=cortex-a9 -mfpu=vfpv3 -mfloat-abi=hard -nostar
TRACE::2026-04-18.10:50:40::SCWMssOS::tfiles -g -Wall -Wextra -fno-tree-loop-distribute-patterns"

TRACE::2026-04-18.10:50:40::SCWMssOS::"Running Make libs in ps7_cortexa9_0/libsrc/usbps_v2_7/src"

TRACE::2026-04-18.10:50:40::SCWMssOS::make -C ps7_cortexa9_0/libsrc/usbps_v2_7/src -s libs  "SHELL=CMD" "COMPILER=arm-none-eabi-gcc" "ASSEMBLER=arm-none-eabi-as" "AR
TRACE::2026-04-18.10:50:40::SCWMssOS::CHIVER=arm-none-eabi-ar" "COMPILER_FLAGS=  -O2 -c" "EXTRA_COMPILER_FLAGS=-mcpu=cortex-a9 -mfpu=vfpv3 -mfloat-abi=hard -nostartf
TRACE::2026-04-18.10:50:40::SCWMssOS::iles -g -Wall -Wextra -fno-tree-loop-distribute-patterns"

TRACE::2026-04-18.10:50:40::SCWMssOS::"Running Make libs in ps7_cortexa9_0/libsrc/xadcps_v2_6/src"

TRACE::2026-04-18.10:50:40::SCWMssOS::make -C ps7_cortexa9_0/libsrc/xadcps_v2_6/src -s libs  "SHELL=CMD" "COMPILER=arm-none-eabi-gcc" "ASSEMBLER=arm-none-eabi-as" "A
TRACE::2026-04-18.10:50:40::SCWMssOS::RCHIVER=arm-none-eabi-ar" "COMPILER_FLAGS=  -O2 -c" "EXTRA_COMPILER_FLAGS=-mcpu=cortex-a9 -mfpu=vfpv3 -mfloat-abi=hard -nostart
TRACE::2026-04-18.10:50:40::SCWMssOS::files -g -Wall -Wextra -fno-tree-loop-distribute-patterns"

TRACE::2026-04-18.10:50:44::SCWMssOS::'Finished building libraries parallelly.'

TRACE::2026-04-18.10:50:44::SCWMssOS::make --no-print-directory archive

TRACE::2026-04-18.10:50:44::SCWMssOS::arm-none-eabi-ar -r  ps7_cortexa9_0/lib/libxil.a ps7_cortexa9_0/lib/_exit.o ps7_cortexa9_0/lib/_open.o ps7_cortexa9_0/lib/_sbrk
TRACE::2026-04-18.10:50:44::SCWMssOS::.o ps7_cortexa9_0/lib/abort.o ps7_cortexa9_0/lib/asm_vectors.o ps7_cortexa9_0/lib/boot.o ps7_cortexa9_0/lib/close.o ps7_cortexa
TRACE::2026-04-18.10:50:44::SCWMssOS::9_0/lib/cpputest_time.o ps7_cortexa9_0/lib/cpu_init.o ps7_cortexa9_0/lib/errno.o ps7_cortexa9_0/lib/fcntl.o ps7_cortexa9_0/lib/
TRACE::2026-04-18.10:50:44::SCWMssOS::fstat.o ps7_cortexa9_0/lib/getentropy.o ps7_cortexa9_0/lib/getpid.o ps7_cortexa9_0/lib/inbyte.o ps7_cortexa9_0/lib/isatty.o ps7
TRACE::2026-04-18.10:50:44::SCWMssOS::_cortexa9_0/lib/kill.o ps7_cortexa9_0/lib/lseek.o ps7_cortexa9_0/lib/open.o ps7_cortexa9_0/lib/outbyte.o ps7_cortexa9_0/lib/pri
TRACE::2026-04-18.10:50:44::SCWMssOS::nt.o ps7_cortexa9_0/lib/putnum.o ps7_cortexa9_0/lib/read.o ps7_cortexa9_0/lib/sbrk.o ps7_cortexa9_0/lib/sleep.o ps7_cortexa9_0/
TRACE::2026-04-18.10:50:44::SCWMssOS::lib/time.o ps7_cortexa9_0/lib/translation_table.o ps7_cortexa9_0/lib/unlink.o ps7_cortexa9_0/lib/usleep.o ps7_cortexa9_0/lib/ve
TRACE::2026-04-18.10:50:44::SCWMssOS::ctors.o ps7_cortexa9_0/lib/write.o ps7_cortexa9_0/lib/xadcps.o ps7_cortexa9_0/lib/xadcps_g.o ps7_cortexa9_0/lib/xadcps_intr.o p
TRACE::2026-04-18.10:50:44::SCWMssOS::s7_cortexa9_0/lib/xadcps_selftest.o ps7_cortexa9_0/lib/xadcps_sinit.o ps7_cortexa9_0/lib/xcoresightpsdcc.o ps7_cortexa9_0/lib/x
TRACE::2026-04-18.10:50:44::SCWMssOS::devcfg.o ps7_cortexa9_0/lib/xdevcfg_g.o ps7_cortexa9_0/lib/xdevcfg_hw.o ps7_cortexa9_0/lib/xdevcfg_intr.o ps7_cortexa9_0/lib/xd
TRACE::2026-04-18.10:50:44::SCWMssOS::evcfg_selftest.o ps7_cortexa9_0/lib/xdevcfg_sinit.o ps7_cortexa9_0/lib/xdmaps.o ps7_cortexa9_0/lib/xdmaps_g.o ps7_cortexa9_0/li
TRACE::2026-04-18.10:50:44::SCWMssOS::b/xdmaps_hw.o ps7_cortexa9_0/lib/xdmaps_selftest.o ps7_cortexa9_0/lib/xdmaps_sinit.o ps7_cortexa9_0/lib/xemacps.o ps7_cortexa9_
TRACE::2026-04-18.10:50:44::SCWMssOS::0/lib/xemacps_bdring.o ps7_cortexa9_0/lib/xemacps_control.o ps7_cortexa9_0/lib/xemacps_g.o ps7_cortexa9_0/lib/xemacps_hw.o ps7_
TRACE::2026-04-18.10:50:44::SCWMssOS::cortexa9_0/lib/xemacps_intr.o ps7_cortexa9_0/lib/xemacps_sinit.o ps7_cortexa9_0/lib/xgpio.o ps7_cortexa9_0/lib/xgpio_extra.o ps
TRACE::2026-04-18.10:50:44::SCWMssOS::7_cortexa9_0/lib/xgpio_g.o ps7_cortexa9_0/lib/xgpio_intr.o ps7_cortexa9_0/lib/xgpio_selftest.o ps7_cortexa9_0/lib/xgpio_sinit.o
TRACE::2026-04-18.10:50:44::SCWMssOS:: ps7_cortexa9_0/lib/xgpiops.o ps7_cortexa9_0/lib/xgpiops_g.o ps7_cortexa9_0/lib/xgpiops_hw.o ps7_cortexa9_0/lib/xgpiops_intr.o 
TRACE::2026-04-18.10:50:44::SCWMssOS::ps7_cortexa9_0/lib/xgpiops_selftest.o ps7_cortexa9_0/lib/xgpiops_sinit.o ps7_cortexa9_0/lib/xiicps.o ps7_cortexa9_0/lib/xiicps_
TRACE::2026-04-18.10:50:44::SCWMssOS::g.o ps7_cortexa9_0/lib/xiicps_hw.o ps7_cortexa9_0/lib/xiicps_intr.o ps7_cortexa9_0/lib/xiicps_master.o ps7_cortexa9_0/lib/xiicp
TRACE::2026-04-18.10:50:44::SCWMssOS::s_options.o ps7_cortexa9_0/lib/xiicps_selftest.o ps7_cortexa9_0/lib/xiicps_sinit.o ps7_cortexa9_0/lib/xiicps_slave.o ps7_cortex
TRACE::2026-04-18.10:50:44::SCWMssOS::a9_0/lib/xiicps_xfer.o ps7_cortexa9_0/lib/xil-crt0.o ps7_cortexa9_0/lib/xil_assert.o ps7_cortexa9_0/lib/xil_cache.o ps7_cortexa
TRACE::2026-04-18.10:50:44::SCWMssOS::9_0/lib/xil_clocking.o ps7_cortexa9_0/lib/xil_exception.o ps7_cortexa9_0/lib/xil_mem.o ps7_cortexa9_0/lib/xil_misc_psreset_api.
TRACE::2026-04-18.10:50:44::SCWMssOS::o ps7_cortexa9_0/lib/xil_mmu.o ps7_cortexa9_0/lib/xil_printf.o ps7_cortexa9_0/lib/xil_sleepcommon.o ps7_cortexa9_0/lib/xil_slee
TRACE::2026-04-18.10:50:44::SCWMssOS::ptimer.o ps7_cortexa9_0/lib/xil_spinlock.o ps7_cortexa9_0/lib/xil_testcache.o ps7_cortexa9_0/lib/xil_testio.o ps7_cortexa9_0/li
TRACE::2026-04-18.10:50:44::SCWMssOS::b/xil_testmem.o ps7_cortexa9_0/lib/xil_util.o ps7_cortexa9_0/lib/xinterrupt_wrap.o ps7_cortexa9_0/lib/xl2cc_counter.o ps7_corte
TRACE::2026-04-18.10:50:44::SCWMssOS::xa9_0/lib/xplatform_info.o ps7_cortexa9_0/lib/xpm_counter.o ps7_cortexa9_0/lib/xqspips.o ps7_cortexa9_0/lib/xqspips_g.o ps7_cor
TRACE::2026-04-18.10:50:44::SCWMssOS::texa9_0/lib/xqspips_hw.o ps7_cortexa9_0/lib/xqspips_options.o ps7_cortexa9_0/lib/xqspips_selftest.o ps7_cortexa9_0/lib/xqspips_
TRACE::2026-04-18.10:50:44::SCWMssOS::sinit.o ps7_cortexa9_0/lib/xscugic.o ps7_cortexa9_0/lib/xscugic_g.o ps7_cortexa9_0/lib/xscugic_hw.o ps7_cortexa9_0/lib/xscugic_
TRACE::2026-04-18.10:50:44::SCWMssOS::intr.o ps7_cortexa9_0/lib/xscugic_selftest.o ps7_cortexa9_0/lib/xscugic_sinit.o ps7_cortexa9_0/lib/xscutimer.o ps7_cortexa9_0/l
TRACE::2026-04-18.10:50:44::SCWMssOS::ib/xscutimer_g.o ps7_cortexa9_0/lib/xscutimer_selftest.o ps7_cortexa9_0/lib/xscutimer_sinit.o ps7_cortexa9_0/lib/xscuwdt.o ps7_
TRACE::2026-04-18.10:50:44::SCWMssOS::cortexa9_0/lib/xscuwdt_g.o ps7_cortexa9_0/lib/xscuwdt_selftest.o ps7_cortexa9_0/lib/xscuwdt_sinit.o ps7_cortexa9_0/lib/xsdps.o 
TRACE::2026-04-18.10:50:44::SCWMssOS::ps7_cortexa9_0/lib/xsdps_card.o ps7_cortexa9_0/lib/xsdps_g.o ps7_cortexa9_0/lib/xsdps_host.o ps7_cortexa9_0/lib/xsdps_options.o
TRACE::2026-04-18.10:50:44::SCWMssOS:: ps7_cortexa9_0/lib/xsdps_sinit.o ps7_cortexa9_0/lib/xtime_l.o ps7_cortexa9_0/lib/xuartps.o ps7_cortexa9_0/lib/xuartps_g.o ps7_
TRACE::2026-04-18.10:50:44::SCWMssOS::cortexa9_0/lib/xuartps_hw.o ps7_cortexa9_0/lib/xuartps_intr.o ps7_cortexa9_0/lib/xuartps_options.o ps7_cortexa9_0/lib/xuartps_s
TRACE::2026-04-18.10:50:44::SCWMssOS::elftest.o ps7_cortexa9_0/lib/xuartps_sinit.o ps7_cortexa9_0/lib/xusbps.o ps7_cortexa9_0/lib/xusbps_endpoint.o ps7_cortexa9_0/li
TRACE::2026-04-18.10:50:44::SCWMssOS::b/xusbps_g.o ps7_cortexa9_0/lib/xusbps_hw.o ps7_cortexa9_0/lib/xusbps_intr.o ps7_cortexa9_0/lib/xusbps_sinit.o

TRACE::2026-04-18.10:50:45::SCWMssOS::'Finished building libraries'

TRACE::2026-04-18.10:50:45::SCWMssOS::Copying to export directory.
TRACE::2026-04-18.10:50:45::SCWMssOS:: Checking if to create the Supporting Applications
TRACE::2026-04-18.10:50:45::SCWMssOS:: No Linux domain exists, trying to generate FSBL 
LOG::2026-04-18.10:50:45::SCWSystem::Completed Processing the domain standalone_domain
LOG::2026-04-18.10:50:45::SCWSystem::Completed Processing the sysconfig project_1_plat
LOG::2026-04-18.10:50:45::SCWPlatform::Completed generating the artifacts for system configuration project_1_plat
TRACE::2026-04-18.10:50:45::SCWPlatform::Started preparing the platform 
TRACE::2026-04-18.10:50:45::SCWSystem::Writing the bif file for system config project_1_plat
TRACE::2026-04-18.10:50:45::SCWSystem::dir created 
TRACE::2026-04-18.10:50:45::SCWSystem::Writing the bif 
TRACE::2026-04-18.10:50:45::SCWPlatform::Started writing the spfm file 
TRACE::2026-04-18.10:50:45::SCWPlatform::Started writing the xpfm file 
TRACE::2026-04-18.10:50:45::SCWPlatform::Completed generating the platform
TRACE::2026-04-18.10:50:45::SCWMssOS::Saving the mss changes C:/Users/kc10b/Vivado/ECE520L/FinalProject/project_1/project_1_vitis/project_1_plat/zynq_fsbl/zynq_fsbl_bsp/system.mss
TRACE::2026-04-18.10:50:45::SCWMssOS::Found a swdesign opened with the mssfile.
TRACE::2026-04-18.10:50:45::SCWMssOS::Completed writemss as part of save.
TRACE::2026-04-18.10:50:45::SCWMssOS::Commit changes completed.
TRACE::2026-04-18.10:50:45::SCWMssOS::Saving the mss changes C:/Users/kc10b/Vivado/ECE520L/FinalProject/project_1/project_1_vitis/project_1_plat/ps7_cortexa9_0/standalone_domain/bsp/system.mss
TRACE::2026-04-18.10:50:45::SCWMssOS::Found a swdesign opened with the mssfile.
TRACE::2026-04-18.10:50:45::SCWMssOS::Completed writemss as part of save.
TRACE::2026-04-18.10:50:45::SCWMssOS::Commit changes completed.
TRACE::2026-04-18.10:50:45::SCWPlatform::Trying to open the hw design at C:/Users/kc10b/Vivado/ECE520L/FinalProject/project_1/project_1_vitis/project_1_plat/hw/design_1_wrapper.xsa
TRACE::2026-04-18.10:50:45::SCWPlatform::DSA given C:/Users/kc10b/Vivado/ECE520L/FinalProject/project_1/project_1_vitis/project_1_plat/hw/design_1_wrapper.xsa
TRACE::2026-04-18.10:50:45::SCWPlatform::DSA absoulate path C:/Users/kc10b/Vivado/ECE520L/FinalProject/project_1/project_1_vitis/project_1_plat/hw/design_1_wrapper.xsa
TRACE::2026-04-18.10:50:45::SCWPlatform::DSA directory C:/Users/kc10b/Vivado/ECE520L/FinalProject/project_1/project_1_vitis/project_1_plat/hw
TRACE::2026-04-18.10:50:45::SCWPlatform:: Platform Path C:/Users/kc10b/Vivado/ECE520L/FinalProject/project_1/project_1_vitis/project_1_plat/hw/design_1_wrapper.xsa
TRACE::2026-04-18.10:50:45::SCWPlatform:: Unique name xilinx:zybo-z7-10::0.0
TRACE::2026-04-18.10:50:45::SCWPlatform::Trying to set the existing hwdb with name design_1_wrapper_1
TRACE::2026-04-18.10:50:45::SCWPlatform::Opened existing hwdb design_1_wrapper_1
TRACE::2026-04-18.10:50:45::SCWPlatform::Found the Hw Db part of the input DSA
TRACE::2026-04-18.10:50:45::SCWMssOS::Checking the sw design at  C:/Users/kc10b/Vivado/ECE520L/FinalProject/project_1/project_1_vitis/project_1_plat/zynq_fsbl/zynq_fsbl_bsp/system.mss
TRACE::2026-04-18.10:50:45::SCWMssOS::DEBUG:  swdes dump  C:/Users/kc10b/Vivado/ECE520L/FinalProject/project_1/project_1_vitis/project_1_plat/ps7_cortexa9_0/standalone_domain/bsp/system.mss|system_0||
C:/Users/kc10b/Vivado/ECE520L/FinalProject/project_1/project_1_vitis/project_1_plat/zynq_fsbl/zynq_fsbl_bsp/system.mss|system||

TRACE::2026-04-18.10:50:45::SCWMssOS::Sw design exists and opened at  C:/Users/kc10b/Vivado/ECE520L/FinalProject/project_1/project_1_vitis/project_1_plat/zynq_fsbl/zynq_fsbl_bsp/system.mss
TRACE::2026-04-18.10:50:45::SCWPlatform::Trying to open the hw design at C:/Users/kc10b/Vivado/ECE520L/FinalProject/project_1/project_1_vitis/project_1_plat/hw/design_1_wrapper.xsa
TRACE::2026-04-18.10:50:45::SCWPlatform::DSA given C:/Users/kc10b/Vivado/ECE520L/FinalProject/project_1/project_1_vitis/project_1_plat/hw/design_1_wrapper.xsa
TRACE::2026-04-18.10:50:45::SCWPlatform::DSA absoulate path C:/Users/kc10b/Vivado/ECE520L/FinalProject/project_1/project_1_vitis/project_1_plat/hw/design_1_wrapper.xsa
TRACE::2026-04-18.10:50:45::SCWPlatform::DSA directory C:/Users/kc10b/Vivado/ECE520L/FinalProject/project_1/project_1_vitis/project_1_plat/hw
TRACE::2026-04-18.10:50:45::SCWPlatform:: Platform Path C:/Users/kc10b/Vivado/ECE520L/FinalProject/project_1/project_1_vitis/project_1_plat/hw/design_1_wrapper.xsa
TRACE::2026-04-18.10:50:45::SCWPlatform:: Unique name xilinx:zybo-z7-10::0.0
TRACE::2026-04-18.10:50:45::SCWPlatform::Trying to set the existing hwdb with name design_1_wrapper_1
TRACE::2026-04-18.10:50:45::SCWPlatform::Opened existing hwdb design_1_wrapper_1
TRACE::2026-04-18.10:50:45::SCWPlatform::Found the Hw Db part of the input DSA
TRACE::2026-04-18.10:50:45::SCWMssOS::Checking the sw design at  C:/Users/kc10b/Vivado/ECE520L/FinalProject/project_1/project_1_vitis/project_1_plat/ps7_cortexa9_0/standalone_domain/bsp/system.mss
TRACE::2026-04-18.10:50:45::SCWMssOS::DEBUG:  swdes dump  C:/Users/kc10b/Vivado/ECE520L/FinalProject/project_1/project_1_vitis/project_1_plat/ps7_cortexa9_0/standalone_domain/bsp/system.mss|system_0||
C:/Users/kc10b/Vivado/ECE520L/FinalProject/project_1/project_1_vitis/project_1_plat/zynq_fsbl/zynq_fsbl_bsp/system.mss|system||

TRACE::2026-04-18.10:50:45::SCWMssOS::Sw design exists and opened at  C:/Users/kc10b/Vivado/ECE520L/FinalProject/project_1/project_1_vitis/project_1_plat/ps7_cortexa9_0/standalone_domain/bsp/system.mss
TRACE::2026-04-18.10:50:45::SCWWriter::formatted JSON is {
	"platformName":	"project_1_plat",
	"sprVersion":	"2.0",
	"mode":	"gui",
	"dsaType":	"Fixed",
	"platformDesc":	"project_1_plat",
	"platHandOff":	"C:/Users/kc10b/Vivado/ECE520L/FinalProject/project_1/design_1_wrapper.xsa",
	"platIntHandOff":	"<platformDir>/hw/design_1_wrapper.xsa",
	"deviceType":	"zynq",
	"platIsPrebuiltAutogen":	"false",
	"platIsNoBootBsp":	"false",
	"hasFsblMakeHasChanges":	"false",
	"hasPmufwMakeHasChanges":	"false",
	"fsblExtraCompilerFlags":	"-MMD -MP       -mcpu=cortex-a9 -mfpu=vfpv3 -mfloat-abi=hard ",
	"platPreBuiltFlag":	false,
	"platformSamplesDir":	"",
	"platActiveSys":	"project_1_plat",
	"systems":	[{
			"systemName":	"project_1_plat",
			"systemDesc":	"project_1_plat",
			"sysIsBootAutoGen":	"true",
			"systemDispName":	"project_1_plat",
			"sysActiveDom":	"zynq_fsbl",
			"sysDefaultDom":	"standalone_domain",
			"domains":	[{
					"domainName":	"zynq_fsbl",
					"domainDispName":	"zynq_fsbl",
					"domainDesc":	"FSBL Application BSP - Auto Generated.",
					"processors":	"ps7_cortexa9_0",
					"os":	"standalone",
					"sdxOs":	"standalone",
					"debugEnable":	"",
					"domRuntimes":	["cpp"],
					"swRepo":	"",
					"mssOsVer":	"8.1",
					"mssFile":	"",
					"md5Digest":	"1323684c4095fbbc921b32dcc7efd326",
					"compatibleApp":	"zynq_fsbl",
					"domType":	"bootDomain",
					"arch":	"32-bit",
					"appSettings":	{
						"appCompilerFlags":	"",
						"appLinkerFlags":	""
					},
					"addedLibs":	["xilffs:5.0", "xilrsa:1.6"],
					"libOptions":	{
						"libsContainingOptions":	[]
					},
					"prebuiltLibs":	{
						"prebuiltIncPath":	[],
						"prebuiltLibPath":	[]
					},
					"isolation":	{
					}
				}, {
					"domainName":	"standalone_domain",
					"domainDispName":	"standalone on ps7_cortexa9_0",
					"domainDesc":	"standalone_domain",
					"processors":	"ps7_cortexa9_0",
					"os":	"standalone",
					"sdxOs":	"standalone",
					"qemuArgs":	"<platformDir>/resources/project_1_plat/standalone_domain/qemu_args.txt",
					"qemuData":	"<platformDir>/resources/project_1_plat/standalone_domain/qemu",
					"debugEnable":	"False",
					"domRuntimes":	["cpp"],
					"swRepo":	"",
					"mssOsVer":	"8.1",
					"mssFile":	"",
					"md5Digest":	"fe2128fe8c5b487e39e1c2948b2870c6",
					"compatibleApp":	"",
					"domType":	"mssDomain",
					"appSettings":	{
						"appCompilerFlags":	"",
						"appLinkerFlags":	""
					},
					"addedLibs":	[],
					"libOptions":	{
						"libsContainingOptions":	[]
					},
					"prebuiltLibs":	{
						"prebuiltIncPath":	[],
						"prebuiltLibPath":	[]
					},
					"isolation":	{
					}
				}]
		}]
}
KEYINFO::2026-04-18.10:50:45::SCWPlatform::updated the xpfm file.
TRACE::2026-04-18.10:50:47::SCWPlatform::Trying to open the hw design at C:/Users/kc10b/Vivado/ECE520L/FinalProject/project_1/project_1_vitis/project_1_plat/hw/design_1_wrapper.xsa
TRACE::2026-04-18.10:50:47::SCWPlatform::DSA given C:/Users/kc10b/Vivado/ECE520L/FinalProject/project_1/project_1_vitis/project_1_plat/hw/design_1_wrapper.xsa
TRACE::2026-04-18.10:50:47::SCWPlatform::DSA absoulate path C:/Users/kc10b/Vivado/ECE520L/FinalProject/project_1/project_1_vitis/project_1_plat/hw/design_1_wrapper.xsa
TRACE::2026-04-18.10:50:47::SCWPlatform::DSA directory C:/Users/kc10b/Vivado/ECE520L/FinalProject/project_1/project_1_vitis/project_1_plat/hw
TRACE::2026-04-18.10:50:47::SCWPlatform:: Platform Path C:/Users/kc10b/Vivado/ECE520L/FinalProject/project_1/project_1_vitis/project_1_plat/hw/design_1_wrapper.xsa
TRACE::2026-04-18.10:50:47::SCWPlatform:: Unique name xilinx:zybo-z7-10::0.0
TRACE::2026-04-18.10:50:47::SCWPlatform::Trying to set the existing hwdb with name design_1_wrapper_1
TRACE::2026-04-18.10:50:47::SCWPlatform::Opened existing hwdb design_1_wrapper_1
TRACE::2026-04-18.10:50:47::SCWPlatform::Found the Hw Db part of the input DSA
TRACE::2026-04-18.10:50:47::SCWMssOS::Checking the sw design at  C:/Users/kc10b/Vivado/ECE520L/FinalProject/project_1/project_1_vitis/project_1_plat/ps7_cortexa9_0/standalone_domain/bsp/system.mss
TRACE::2026-04-18.10:50:47::SCWMssOS::DEBUG:  swdes dump  C:/Users/kc10b/Vivado/ECE520L/FinalProject/project_1/project_1_vitis/project_1_plat/ps7_cortexa9_0/standalone_domain/bsp/system.mss|system_0||
C:/Users/kc10b/Vivado/ECE520L/FinalProject/project_1/project_1_vitis/project_1_plat/zynq_fsbl/zynq_fsbl_bsp/system.mss|system||

TRACE::2026-04-18.10:50:47::SCWMssOS::Sw design exists and opened at  C:/Users/kc10b/Vivado/ECE520L/FinalProject/project_1/project_1_vitis/project_1_plat/ps7_cortexa9_0/standalone_domain/bsp/system.mss
TRACE::2026-04-18.10:55:46::SCWPlatform::Trying to open the hw design at C:/Users/kc10b/Vivado/ECE520L/FinalProject/project_1/project_1_vitis/project_1_plat/hw/design_1_wrapper.xsa
TRACE::2026-04-18.10:55:46::SCWPlatform::DSA given C:/Users/kc10b/Vivado/ECE520L/FinalProject/project_1/project_1_vitis/project_1_plat/hw/design_1_wrapper.xsa
TRACE::2026-04-18.10:55:46::SCWPlatform::DSA absoulate path C:/Users/kc10b/Vivado/ECE520L/FinalProject/project_1/project_1_vitis/project_1_plat/hw/design_1_wrapper.xsa
TRACE::2026-04-18.10:55:46::SCWPlatform::DSA directory C:/Users/kc10b/Vivado/ECE520L/FinalProject/project_1/project_1_vitis/project_1_plat/hw
TRACE::2026-04-18.10:55:46::SCWPlatform:: Platform Path C:/Users/kc10b/Vivado/ECE520L/FinalProject/project_1/project_1_vitis/project_1_plat/hw/design_1_wrapper.xsa
TRACE::2026-04-18.10:55:46::SCWPlatform:: Unique name xilinx:zybo-z7-10::0.0
TRACE::2026-04-18.10:55:46::SCWPlatform::Trying to set the existing hwdb with name design_1_wrapper_1
TRACE::2026-04-18.10:55:46::SCWPlatform::Opened existing hwdb design_1_wrapper_1
TRACE::2026-04-18.10:55:46::SCWPlatform::Found the Hw Db part of the input DSA
TRACE::2026-04-18.10:55:46::SCWMssOS::Checking the sw design at  C:/Users/kc10b/Vivado/ECE520L/FinalProject/project_1/project_1_vitis/project_1_plat/ps7_cortexa9_0/standalone_domain/bsp/system.mss
TRACE::2026-04-18.10:55:46::SCWMssOS::DEBUG:  swdes dump  C:/Users/kc10b/Vivado/ECE520L/FinalProject/project_1/project_1_vitis/project_1_plat/ps7_cortexa9_0/standalone_domain/bsp/system.mss|system_0||
C:/Users/kc10b/Vivado/ECE520L/FinalProject/project_1/project_1_vitis/project_1_plat/zynq_fsbl/zynq_fsbl_bsp/system.mss|system||

TRACE::2026-04-18.10:55:46::SCWMssOS::Sw design exists and opened at  C:/Users/kc10b/Vivado/ECE520L/FinalProject/project_1/project_1_vitis/project_1_plat/ps7_cortexa9_0/standalone_domain/bsp/system.mss
TRACE::2026-04-18.10:55:47::SCWMssOS::In reload Mss file.
TRACE::2026-04-18.10:55:47::SCWPlatform::Trying to open the hw design at C:/Users/kc10b/Vivado/ECE520L/FinalProject/project_1/project_1_vitis/project_1_plat/hw/design_1_wrapper.xsa
TRACE::2026-04-18.10:55:47::SCWPlatform::DSA given C:/Users/kc10b/Vivado/ECE520L/FinalProject/project_1/project_1_vitis/project_1_plat/hw/design_1_wrapper.xsa
TRACE::2026-04-18.10:55:47::SCWPlatform::DSA absoulate path C:/Users/kc10b/Vivado/ECE520L/FinalProject/project_1/project_1_vitis/project_1_plat/hw/design_1_wrapper.xsa
TRACE::2026-04-18.10:55:47::SCWPlatform::DSA directory C:/Users/kc10b/Vivado/ECE520L/FinalProject/project_1/project_1_vitis/project_1_plat/hw
TRACE::2026-04-18.10:55:47::SCWPlatform:: Platform Path C:/Users/kc10b/Vivado/ECE520L/FinalProject/project_1/project_1_vitis/project_1_plat/hw/design_1_wrapper.xsa
TRACE::2026-04-18.10:55:47::SCWPlatform:: Unique name xilinx:zybo-z7-10::0.0
TRACE::2026-04-18.10:55:47::SCWPlatform::Trying to set the existing hwdb with name design_1_wrapper_1
TRACE::2026-04-18.10:55:47::SCWPlatform::Opened existing hwdb design_1_wrapper_1
TRACE::2026-04-18.10:55:47::SCWPlatform::Found the Hw Db part of the input DSA
TRACE::2026-04-18.10:55:47::SCWMssOS::Checking the sw design at  C:/Users/kc10b/Vivado/ECE520L/FinalProject/project_1/project_1_vitis/project_1_plat/ps7_cortexa9_0/standalone_domain/bsp/system.mss
TRACE::2026-04-18.10:55:47::SCWMssOS::DEBUG:  swdes dump  C:/Users/kc10b/Vivado/ECE520L/FinalProject/project_1/project_1_vitis/project_1_plat/zynq_fsbl/zynq_fsbl_bsp/system.mss|system||

TRACE::2026-04-18.10:55:47::SCWMssOS::No sw design opened at  C:/Users/kc10b/Vivado/ECE520L/FinalProject/project_1/project_1_vitis/project_1_plat/ps7_cortexa9_0/standalone_domain/bsp/system.mss
TRACE::2026-04-18.10:55:47::SCWMssOS::mss exists loading the mss file  C:/Users/kc10b/Vivado/ECE520L/FinalProject/project_1/project_1_vitis/project_1_plat/ps7_cortexa9_0/standalone_domain/bsp/system.mss
TRACE::2026-04-18.10:55:47::SCWMssOS::Opened the sw design from mss  C:/Users/kc10b/Vivado/ECE520L/FinalProject/project_1/project_1_vitis/project_1_plat/ps7_cortexa9_0/standalone_domain/bsp/system.mss
TRACE::2026-04-18.10:55:47::SCWMssOS::Adding the swdes entry C:/Users/kc10b/Vivado/ECE520L/FinalProject/project_1/project_1_vitis/project_1_plat/ps7_cortexa9_0/standalone_domain/bsp/system.mss with des name system_0
TRACE::2026-04-18.10:55:47::SCWMssOS::updating the scw layer about changes
TRACE::2026-04-18.10:55:47::SCWMssOS::Opened the sw design.  C:/Users/kc10b/Vivado/ECE520L/FinalProject/project_1/project_1_vitis/project_1_plat/ps7_cortexa9_0/standalone_domain/bsp/system.mss
TRACE::2026-04-18.10:55:47::SCWMssOS::Saving the mss changes C:/Users/kc10b/Vivado/ECE520L/FinalProject/project_1/project_1_vitis/project_1_plat/ps7_cortexa9_0/standalone_domain/bsp/system.mss
TRACE::2026-04-18.10:55:47::SCWMssOS::Found a swdesign opened with the mssfile.
TRACE::2026-04-18.10:55:47::SCWMssOS::Completed writemss as part of save.
TRACE::2026-04-18.10:55:47::SCWMssOS::Commit changes completed.
TRACE::2026-04-18.10:55:47::SCWPlatform::Trying to open the hw design at C:/Users/kc10b/Vivado/ECE520L/FinalProject/project_1/project_1_vitis/project_1_plat/hw/design_1_wrapper.xsa
TRACE::2026-04-18.10:55:47::SCWPlatform::DSA given C:/Users/kc10b/Vivado/ECE520L/FinalProject/project_1/project_1_vitis/project_1_plat/hw/design_1_wrapper.xsa
TRACE::2026-04-18.10:55:47::SCWPlatform::DSA absoulate path C:/Users/kc10b/Vivado/ECE520L/FinalProject/project_1/project_1_vitis/project_1_plat/hw/design_1_wrapper.xsa
TRACE::2026-04-18.10:55:47::SCWPlatform::DSA directory C:/Users/kc10b/Vivado/ECE520L/FinalProject/project_1/project_1_vitis/project_1_plat/hw
TRACE::2026-04-18.10:55:47::SCWPlatform:: Platform Path C:/Users/kc10b/Vivado/ECE520L/FinalProject/project_1/project_1_vitis/project_1_plat/hw/design_1_wrapper.xsa
TRACE::2026-04-18.10:55:47::SCWPlatform:: Unique name xilinx:zybo-z7-10::0.0
TRACE::2026-04-18.10:55:47::SCWPlatform::Trying to set the existing hwdb with name design_1_wrapper_1
TRACE::2026-04-18.10:55:47::SCWPlatform::Opened existing hwdb design_1_wrapper_1
TRACE::2026-04-18.10:55:47::SCWPlatform::Found the Hw Db part of the input DSA
TRACE::2026-04-18.10:55:47::SCWMssOS::Checking the sw design at  C:/Users/kc10b/Vivado/ECE520L/FinalProject/project_1/project_1_vitis/project_1_plat/ps7_cortexa9_0/standalone_domain/bsp/system.mss
TRACE::2026-04-18.10:55:47::SCWMssOS::DEBUG:  swdes dump  C:/Users/kc10b/Vivado/ECE520L/FinalProject/project_1/project_1_vitis/project_1_plat/ps7_cortexa9_0/standalone_domain/bsp/system.mss|system_0||
C:/Users/kc10b/Vivado/ECE520L/FinalProject/project_1/project_1_vitis/project_1_plat/zynq_fsbl/zynq_fsbl_bsp/system.mss|system||

TRACE::2026-04-18.10:55:47::SCWMssOS::Sw design exists and opened at  C:/Users/kc10b/Vivado/ECE520L/FinalProject/project_1/project_1_vitis/project_1_plat/ps7_cortexa9_0/standalone_domain/bsp/system.mss
TRACE::2026-04-18.10:55:47::SCWMssOS::Removing the swdes entry for  C:/Users/kc10b/Vivado/ECE520L/FinalProject/project_1/project_1_vitis/project_1_plat/ps7_cortexa9_0/standalone_domain/bsp/system.mss
TRACE::2026-04-18.10:55:48::SCWPlatform::Trying to open the hw design at C:/Users/kc10b/Vivado/ECE520L/FinalProject/project_1/project_1_vitis/project_1_plat/hw/design_1_wrapper.xsa
TRACE::2026-04-18.10:55:48::SCWPlatform::DSA given C:/Users/kc10b/Vivado/ECE520L/FinalProject/project_1/project_1_vitis/project_1_plat/hw/design_1_wrapper.xsa
TRACE::2026-04-18.10:55:48::SCWPlatform::DSA absoulate path C:/Users/kc10b/Vivado/ECE520L/FinalProject/project_1/project_1_vitis/project_1_plat/hw/design_1_wrapper.xsa
TRACE::2026-04-18.10:55:48::SCWPlatform::DSA directory C:/Users/kc10b/Vivado/ECE520L/FinalProject/project_1/project_1_vitis/project_1_plat/hw
TRACE::2026-04-18.10:55:48::SCWPlatform:: Platform Path C:/Users/kc10b/Vivado/ECE520L/FinalProject/project_1/project_1_vitis/project_1_plat/hw/design_1_wrapper.xsa
TRACE::2026-04-18.10:55:48::SCWPlatform:: Unique name xilinx:zybo-z7-10::0.0
TRACE::2026-04-18.10:55:48::SCWPlatform::Trying to set the existing hwdb with name design_1_wrapper_1
TRACE::2026-04-18.10:55:48::SCWPlatform::Opened existing hwdb design_1_wrapper_1
TRACE::2026-04-18.10:55:48::SCWPlatform::Found the Hw Db part of the input DSA
TRACE::2026-04-18.10:55:48::SCWMssOS::Checking the sw design at  C:/Users/kc10b/Vivado/ECE520L/FinalProject/project_1/project_1_vitis/project_1_plat/ps7_cortexa9_0/standalone_domain/bsp/system.mss
TRACE::2026-04-18.10:55:48::SCWMssOS::DEBUG:  swdes dump  C:/Users/kc10b/Vivado/ECE520L/FinalProject/project_1/project_1_vitis/project_1_plat/zynq_fsbl/zynq_fsbl_bsp/system.mss|system||

TRACE::2026-04-18.10:55:48::SCWMssOS::No sw design opened at  C:/Users/kc10b/Vivado/ECE520L/FinalProject/project_1/project_1_vitis/project_1_plat/ps7_cortexa9_0/standalone_domain/bsp/system.mss
TRACE::2026-04-18.10:55:48::SCWMssOS::mss exists loading the mss file  C:/Users/kc10b/Vivado/ECE520L/FinalProject/project_1/project_1_vitis/project_1_plat/ps7_cortexa9_0/standalone_domain/bsp/system.mss
TRACE::2026-04-18.10:55:48::SCWMssOS::Opened the sw design from mss  C:/Users/kc10b/Vivado/ECE520L/FinalProject/project_1/project_1_vitis/project_1_plat/ps7_cortexa9_0/standalone_domain/bsp/system.mss
TRACE::2026-04-18.10:55:48::SCWMssOS::Adding the swdes entry C:/Users/kc10b/Vivado/ECE520L/FinalProject/project_1/project_1_vitis/project_1_plat/ps7_cortexa9_0/standalone_domain/bsp/system.mss with des name system_0
TRACE::2026-04-18.10:55:48::SCWMssOS::updating the scw layer about changes
TRACE::2026-04-18.10:55:48::SCWMssOS::Opened the sw design.  C:/Users/kc10b/Vivado/ECE520L/FinalProject/project_1/project_1_vitis/project_1_plat/ps7_cortexa9_0/standalone_domain/bsp/system.mss
TRACE::2026-04-18.10:55:58::SCWPlatform::Trying to open the hw design at C:/Users/kc10b/Vivado/ECE520L/FinalProject/project_1/project_1_vitis/project_1_plat/hw/design_1_wrapper.xsa
TRACE::2026-04-18.10:55:58::SCWPlatform::DSA given C:/Users/kc10b/Vivado/ECE520L/FinalProject/project_1/project_1_vitis/project_1_plat/hw/design_1_wrapper.xsa
TRACE::2026-04-18.10:55:58::SCWPlatform::DSA absoulate path C:/Users/kc10b/Vivado/ECE520L/FinalProject/project_1/project_1_vitis/project_1_plat/hw/design_1_wrapper.xsa
TRACE::2026-04-18.10:55:58::SCWPlatform::DSA directory C:/Users/kc10b/Vivado/ECE520L/FinalProject/project_1/project_1_vitis/project_1_plat/hw
TRACE::2026-04-18.10:55:58::SCWPlatform:: Platform Path C:/Users/kc10b/Vivado/ECE520L/FinalProject/project_1/project_1_vitis/project_1_plat/hw/design_1_wrapper.xsa
TRACE::2026-04-18.10:55:58::SCWPlatform:: Unique name xilinx:zybo-z7-10::0.0
TRACE::2026-04-18.10:55:58::SCWPlatform::Trying to set the existing hwdb with name design_1_wrapper_1
TRACE::2026-04-18.10:55:58::SCWPlatform::Opened existing hwdb design_1_wrapper_1
TRACE::2026-04-18.10:55:58::SCWPlatform::Found the Hw Db part of the input DSA
TRACE::2026-04-18.10:55:58::SCWMssOS::Checking the sw design at  C:/Users/kc10b/Vivado/ECE520L/FinalProject/project_1/project_1_vitis/project_1_plat/ps7_cortexa9_0/standalone_domain/bsp/system.mss
TRACE::2026-04-18.10:55:58::SCWMssOS::DEBUG:  swdes dump  C:/Users/kc10b/Vivado/ECE520L/FinalProject/project_1/project_1_vitis/project_1_plat/ps7_cortexa9_0/standalone_domain/bsp/system.mss|system_0||
C:/Users/kc10b/Vivado/ECE520L/FinalProject/project_1/project_1_vitis/project_1_plat/zynq_fsbl/zynq_fsbl_bsp/system.mss|system||

TRACE::2026-04-18.10:55:58::SCWMssOS::Sw design exists and opened at  C:/Users/kc10b/Vivado/ECE520L/FinalProject/project_1/project_1_vitis/project_1_plat/ps7_cortexa9_0/standalone_domain/bsp/system.mss
TRACE::2026-04-18.10:55:59::SCWMssOS::Saving the mss changes C:/Users/kc10b/Vivado/ECE520L/FinalProject/project_1/project_1_vitis/project_1_plat/zynq_fsbl/zynq_fsbl_bsp/system.mss
TRACE::2026-04-18.10:55:59::SCWMssOS::Found a swdesign opened with the mssfile.
TRACE::2026-04-18.10:55:59::SCWMssOS::Completed writemss as part of save.
TRACE::2026-04-18.10:55:59::SCWMssOS::Commit changes completed.
TRACE::2026-04-18.10:55:59::SCWMssOS::Saving the mss changes C:/Users/kc10b/Vivado/ECE520L/FinalProject/project_1/project_1_vitis/project_1_plat/ps7_cortexa9_0/standalone_domain/bsp/system.mss
TRACE::2026-04-18.10:55:59::SCWMssOS::Found a swdesign opened with the mssfile.
TRACE::2026-04-18.10:55:59::SCWMssOS::Completed writemss as part of save.
TRACE::2026-04-18.10:55:59::SCWMssOS::Commit changes completed.
TRACE::2026-04-18.10:55:59::SCWPlatform::Trying to open the hw design at C:/Users/kc10b/Vivado/ECE520L/FinalProject/project_1/project_1_vitis/project_1_plat/hw/design_1_wrapper.xsa
TRACE::2026-04-18.10:55:59::SCWPlatform::DSA given C:/Users/kc10b/Vivado/ECE520L/FinalProject/project_1/project_1_vitis/project_1_plat/hw/design_1_wrapper.xsa
TRACE::2026-04-18.10:55:59::SCWPlatform::DSA absoulate path C:/Users/kc10b/Vivado/ECE520L/FinalProject/project_1/project_1_vitis/project_1_plat/hw/design_1_wrapper.xsa
TRACE::2026-04-18.10:55:59::SCWPlatform::DSA directory C:/Users/kc10b/Vivado/ECE520L/FinalProject/project_1/project_1_vitis/project_1_plat/hw
TRACE::2026-04-18.10:55:59::SCWPlatform:: Platform Path C:/Users/kc10b/Vivado/ECE520L/FinalProject/project_1/project_1_vitis/project_1_plat/hw/design_1_wrapper.xsa
TRACE::2026-04-18.10:55:59::SCWPlatform:: Unique name xilinx:zybo-z7-10::0.0
TRACE::2026-04-18.10:55:59::SCWPlatform::Trying to set the existing hwdb with name design_1_wrapper_1
TRACE::2026-04-18.10:55:59::SCWPlatform::Opened existing hwdb design_1_wrapper_1
TRACE::2026-04-18.10:55:59::SCWPlatform::Found the Hw Db part of the input DSA
TRACE::2026-04-18.10:55:59::SCWMssOS::Checking the sw design at  C:/Users/kc10b/Vivado/ECE520L/FinalProject/project_1/project_1_vitis/project_1_plat/zynq_fsbl/zynq_fsbl_bsp/system.mss
TRACE::2026-04-18.10:55:59::SCWMssOS::DEBUG:  swdes dump  C:/Users/kc10b/Vivado/ECE520L/FinalProject/project_1/project_1_vitis/project_1_plat/ps7_cortexa9_0/standalone_domain/bsp/system.mss|system_0||
C:/Users/kc10b/Vivado/ECE520L/FinalProject/project_1/project_1_vitis/project_1_plat/zynq_fsbl/zynq_fsbl_bsp/system.mss|system||

TRACE::2026-04-18.10:55:59::SCWMssOS::Sw design exists and opened at  C:/Users/kc10b/Vivado/ECE520L/FinalProject/project_1/project_1_vitis/project_1_plat/zynq_fsbl/zynq_fsbl_bsp/system.mss
TRACE::2026-04-18.10:55:59::SCWPlatform::Trying to open the hw design at C:/Users/kc10b/Vivado/ECE520L/FinalProject/project_1/project_1_vitis/project_1_plat/hw/design_1_wrapper.xsa
TRACE::2026-04-18.10:55:59::SCWPlatform::DSA given C:/Users/kc10b/Vivado/ECE520L/FinalProject/project_1/project_1_vitis/project_1_plat/hw/design_1_wrapper.xsa
TRACE::2026-04-18.10:55:59::SCWPlatform::DSA absoulate path C:/Users/kc10b/Vivado/ECE520L/FinalProject/project_1/project_1_vitis/project_1_plat/hw/design_1_wrapper.xsa
TRACE::2026-04-18.10:55:59::SCWPlatform::DSA directory C:/Users/kc10b/Vivado/ECE520L/FinalProject/project_1/project_1_vitis/project_1_plat/hw
TRACE::2026-04-18.10:55:59::SCWPlatform:: Platform Path C:/Users/kc10b/Vivado/ECE520L/FinalProject/project_1/project_1_vitis/project_1_plat/hw/design_1_wrapper.xsa
TRACE::2026-04-18.10:55:59::SCWPlatform:: Unique name xilinx:zybo-z7-10::0.0
TRACE::2026-04-18.10:55:59::SCWPlatform::Trying to set the existing hwdb with name design_1_wrapper_1
TRACE::2026-04-18.10:55:59::SCWPlatform::Opened existing hwdb design_1_wrapper_1
TRACE::2026-04-18.10:55:59::SCWPlatform::Found the Hw Db part of the input DSA
TRACE::2026-04-18.10:55:59::SCWMssOS::Checking the sw design at  C:/Users/kc10b/Vivado/ECE520L/FinalProject/project_1/project_1_vitis/project_1_plat/ps7_cortexa9_0/standalone_domain/bsp/system.mss
TRACE::2026-04-18.10:55:59::SCWMssOS::DEBUG:  swdes dump  C:/Users/kc10b/Vivado/ECE520L/FinalProject/project_1/project_1_vitis/project_1_plat/ps7_cortexa9_0/standalone_domain/bsp/system.mss|system_0||
C:/Users/kc10b/Vivado/ECE520L/FinalProject/project_1/project_1_vitis/project_1_plat/zynq_fsbl/zynq_fsbl_bsp/system.mss|system||

TRACE::2026-04-18.10:55:59::SCWMssOS::Sw design exists and opened at  C:/Users/kc10b/Vivado/ECE520L/FinalProject/project_1/project_1_vitis/project_1_plat/ps7_cortexa9_0/standalone_domain/bsp/system.mss
TRACE::2026-04-18.10:55:59::SCWWriter::formatted JSON is {
	"platformName":	"project_1_plat",
	"sprVersion":	"2.0",
	"mode":	"gui",
	"dsaType":	"Fixed",
	"platformDesc":	"project_1_plat",
	"platHandOff":	"C:/Users/kc10b/Vivado/ECE520L/FinalProject/project_1/design_1_wrapper.xsa",
	"platIntHandOff":	"<platformDir>/hw/design_1_wrapper.xsa",
	"deviceType":	"zynq",
	"platIsPrebuiltAutogen":	"false",
	"platIsNoBootBsp":	"false",
	"hasFsblMakeHasChanges":	"false",
	"hasPmufwMakeHasChanges":	"false",
	"fsblExtraCompilerFlags":	"-MMD -MP       -mcpu=cortex-a9 -mfpu=vfpv3 -mfloat-abi=hard ",
	"platPreBuiltFlag":	false,
	"platformSamplesDir":	"",
	"platActiveSys":	"project_1_plat",
	"systems":	[{
			"systemName":	"project_1_plat",
			"systemDesc":	"project_1_plat",
			"sysIsBootAutoGen":	"true",
			"systemDispName":	"project_1_plat",
			"sysActiveDom":	"standalone_domain",
			"sysDefaultDom":	"standalone_domain",
			"domains":	[{
					"domainName":	"zynq_fsbl",
					"domainDispName":	"zynq_fsbl",
					"domainDesc":	"FSBL Application BSP - Auto Generated.",
					"processors":	"ps7_cortexa9_0",
					"os":	"standalone",
					"sdxOs":	"standalone",
					"debugEnable":	"",
					"domRuntimes":	["cpp"],
					"swRepo":	"",
					"mssOsVer":	"8.1",
					"mssFile":	"",
					"md5Digest":	"1323684c4095fbbc921b32dcc7efd326",
					"compatibleApp":	"zynq_fsbl",
					"domType":	"bootDomain",
					"arch":	"32-bit",
					"appSettings":	{
						"appCompilerFlags":	"",
						"appLinkerFlags":	""
					},
					"addedLibs":	["xilffs:5.0", "xilrsa:1.6"],
					"libOptions":	{
						"libsContainingOptions":	[]
					},
					"prebuiltLibs":	{
						"prebuiltIncPath":	[],
						"prebuiltLibPath":	[]
					},
					"isolation":	{
					}
				}, {
					"domainName":	"standalone_domain",
					"domainDispName":	"standalone on ps7_cortexa9_0",
					"domainDesc":	"standalone_domain",
					"processors":	"ps7_cortexa9_0",
					"os":	"standalone",
					"sdxOs":	"standalone",
					"qemuArgs":	"<platformDir>/resources/project_1_plat/standalone_domain/qemu_args.txt",
					"qemuData":	"<platformDir>/resources/project_1_plat/standalone_domain/qemu",
					"debugEnable":	"False",
					"domRuntimes":	["cpp"],
					"swRepo":	"",
					"mssOsVer":	"8.1",
					"mssFile":	"",
					"md5Digest":	"fe2128fe8c5b487e39e1c2948b2870c6",
					"compatibleApp":	"",
					"domType":	"mssDomain",
					"appSettings":	{
						"appCompilerFlags":	"",
						"appLinkerFlags":	""
					},
					"addedLibs":	[],
					"libOptions":	{
						"libsContainingOptions":	[]
					},
					"changedDrivers":	{
						"axi_gpio_0":	"none:",
						"changedCells":	["axi_gpio_0"]
					},
					"prebuiltLibs":	{
						"prebuiltIncPath":	[],
						"prebuiltLibPath":	[]
					},
					"isolation":	{
					}
				}]
		}]
}
TRACE::2026-04-18.10:55:59::SCWMssOS::Saving the mss changes C:/Users/kc10b/Vivado/ECE520L/FinalProject/project_1/project_1_vitis/project_1_plat/ps7_cortexa9_0/standalone_domain/bsp/system.mss
TRACE::2026-04-18.10:55:59::SCWMssOS::Found a swdesign opened with the mssfile.
TRACE::2026-04-18.10:55:59::SCWMssOS::Completed writemss as part of save.
TRACE::2026-04-18.10:55:59::SCWMssOS::Commit changes completed.
TRACE::2026-04-18.10:55:59::SCWPlatform::Trying to open the hw design at C:/Users/kc10b/Vivado/ECE520L/FinalProject/project_1/project_1_vitis/project_1_plat/hw/design_1_wrapper.xsa
TRACE::2026-04-18.10:55:59::SCWPlatform::DSA given C:/Users/kc10b/Vivado/ECE520L/FinalProject/project_1/project_1_vitis/project_1_plat/hw/design_1_wrapper.xsa
TRACE::2026-04-18.10:55:59::SCWPlatform::DSA absoulate path C:/Users/kc10b/Vivado/ECE520L/FinalProject/project_1/project_1_vitis/project_1_plat/hw/design_1_wrapper.xsa
TRACE::2026-04-18.10:55:59::SCWPlatform::DSA directory C:/Users/kc10b/Vivado/ECE520L/FinalProject/project_1/project_1_vitis/project_1_plat/hw
TRACE::2026-04-18.10:55:59::SCWPlatform:: Platform Path C:/Users/kc10b/Vivado/ECE520L/FinalProject/project_1/project_1_vitis/project_1_plat/hw/design_1_wrapper.xsa
TRACE::2026-04-18.10:55:59::SCWPlatform:: Unique name xilinx:zybo-z7-10::0.0
TRACE::2026-04-18.10:55:59::SCWPlatform::Trying to set the existing hwdb with name design_1_wrapper_1
TRACE::2026-04-18.10:55:59::SCWPlatform::Opened existing hwdb design_1_wrapper_1
TRACE::2026-04-18.10:55:59::SCWPlatform::Found the Hw Db part of the input DSA
TRACE::2026-04-18.10:55:59::SCWMssOS::Checking the sw design at  C:/Users/kc10b/Vivado/ECE520L/FinalProject/project_1/project_1_vitis/project_1_plat/ps7_cortexa9_0/standalone_domain/bsp/system.mss
TRACE::2026-04-18.10:55:59::SCWMssOS::DEBUG:  swdes dump  C:/Users/kc10b/Vivado/ECE520L/FinalProject/project_1/project_1_vitis/project_1_plat/ps7_cortexa9_0/standalone_domain/bsp/system.mss|system_0||
C:/Users/kc10b/Vivado/ECE520L/FinalProject/project_1/project_1_vitis/project_1_plat/zynq_fsbl/zynq_fsbl_bsp/system.mss|system||

TRACE::2026-04-18.10:55:59::SCWMssOS::Sw design exists and opened at  C:/Users/kc10b/Vivado/ECE520L/FinalProject/project_1/project_1_vitis/project_1_plat/ps7_cortexa9_0/standalone_domain/bsp/system.mss
TRACE::2026-04-18.10:55:59::SCWMssOS::Removing the swdes entry for  C:/Users/kc10b/Vivado/ECE520L/FinalProject/project_1/project_1_vitis/project_1_plat/ps7_cortexa9_0/standalone_domain/bsp/system.mss
TRACE::2026-04-18.10:55:59::SCWMssOS::In reload Mss file.
TRACE::2026-04-18.10:55:59::SCWPlatform::Trying to open the hw design at C:/Users/kc10b/Vivado/ECE520L/FinalProject/project_1/project_1_vitis/project_1_plat/hw/design_1_wrapper.xsa
TRACE::2026-04-18.10:55:59::SCWPlatform::DSA given C:/Users/kc10b/Vivado/ECE520L/FinalProject/project_1/project_1_vitis/project_1_plat/hw/design_1_wrapper.xsa
TRACE::2026-04-18.10:55:59::SCWPlatform::DSA absoulate path C:/Users/kc10b/Vivado/ECE520L/FinalProject/project_1/project_1_vitis/project_1_plat/hw/design_1_wrapper.xsa
TRACE::2026-04-18.10:55:59::SCWPlatform::DSA directory C:/Users/kc10b/Vivado/ECE520L/FinalProject/project_1/project_1_vitis/project_1_plat/hw
TRACE::2026-04-18.10:55:59::SCWPlatform:: Platform Path C:/Users/kc10b/Vivado/ECE520L/FinalProject/project_1/project_1_vitis/project_1_plat/hw/design_1_wrapper.xsa
TRACE::2026-04-18.10:55:59::SCWPlatform:: Unique name xilinx:zybo-z7-10::0.0
TRACE::2026-04-18.10:55:59::SCWPlatform::Trying to set the existing hwdb with name design_1_wrapper_1
TRACE::2026-04-18.10:55:59::SCWPlatform::Opened existing hwdb design_1_wrapper_1
TRACE::2026-04-18.10:55:59::SCWPlatform::Found the Hw Db part of the input DSA
TRACE::2026-04-18.10:55:59::SCWMssOS::Checking the sw design at  C:/Users/kc10b/Vivado/ECE520L/FinalProject/project_1/project_1_vitis/project_1_plat/ps7_cortexa9_0/standalone_domain/bsp/system.mss
TRACE::2026-04-18.10:55:59::SCWMssOS::DEBUG:  swdes dump  C:/Users/kc10b/Vivado/ECE520L/FinalProject/project_1/project_1_vitis/project_1_plat/zynq_fsbl/zynq_fsbl_bsp/system.mss|system||

TRACE::2026-04-18.10:55:59::SCWMssOS::No sw design opened at  C:/Users/kc10b/Vivado/ECE520L/FinalProject/project_1/project_1_vitis/project_1_plat/ps7_cortexa9_0/standalone_domain/bsp/system.mss
TRACE::2026-04-18.10:55:59::SCWMssOS::mss exists loading the mss file  C:/Users/kc10b/Vivado/ECE520L/FinalProject/project_1/project_1_vitis/project_1_plat/ps7_cortexa9_0/standalone_domain/bsp/system.mss
TRACE::2026-04-18.10:55:59::SCWMssOS::Opened the sw design from mss  C:/Users/kc10b/Vivado/ECE520L/FinalProject/project_1/project_1_vitis/project_1_plat/ps7_cortexa9_0/standalone_domain/bsp/system.mss
TRACE::2026-04-18.10:55:59::SCWMssOS::Adding the swdes entry C:/Users/kc10b/Vivado/ECE520L/FinalProject/project_1/project_1_vitis/project_1_plat/ps7_cortexa9_0/standalone_domain/bsp/system.mss with des name system_0
TRACE::2026-04-18.10:55:59::SCWMssOS::updating the scw layer about changes
TRACE::2026-04-18.10:55:59::SCWMssOS::Opened the sw design.  C:/Users/kc10b/Vivado/ECE520L/FinalProject/project_1/project_1_vitis/project_1_plat/ps7_cortexa9_0/standalone_domain/bsp/system.mss
TRACE::2026-04-18.10:55:59::SCWPlatform::Trying to open the hw design at C:/Users/kc10b/Vivado/ECE520L/FinalProject/project_1/project_1_vitis/project_1_plat/hw/design_1_wrapper.xsa
TRACE::2026-04-18.10:55:59::SCWPlatform::DSA given C:/Users/kc10b/Vivado/ECE520L/FinalProject/project_1/project_1_vitis/project_1_plat/hw/design_1_wrapper.xsa
TRACE::2026-04-18.10:55:59::SCWPlatform::DSA absoulate path C:/Users/kc10b/Vivado/ECE520L/FinalProject/project_1/project_1_vitis/project_1_plat/hw/design_1_wrapper.xsa
TRACE::2026-04-18.10:55:59::SCWPlatform::DSA directory C:/Users/kc10b/Vivado/ECE520L/FinalProject/project_1/project_1_vitis/project_1_plat/hw
TRACE::2026-04-18.10:55:59::SCWPlatform:: Platform Path C:/Users/kc10b/Vivado/ECE520L/FinalProject/project_1/project_1_vitis/project_1_plat/hw/design_1_wrapper.xsa
TRACE::2026-04-18.10:55:59::SCWPlatform:: Unique name xilinx:zybo-z7-10::0.0
TRACE::2026-04-18.10:55:59::SCWPlatform::Trying to set the existing hwdb with name design_1_wrapper_1
TRACE::2026-04-18.10:55:59::SCWPlatform::Opened existing hwdb design_1_wrapper_1
TRACE::2026-04-18.10:55:59::SCWPlatform::Found the Hw Db part of the input DSA
TRACE::2026-04-18.10:55:59::SCWMssOS::Checking the sw design at  C:/Users/kc10b/Vivado/ECE520L/FinalProject/project_1/project_1_vitis/project_1_plat/ps7_cortexa9_0/standalone_domain/bsp/system.mss
TRACE::2026-04-18.10:55:59::SCWMssOS::DEBUG:  swdes dump  C:/Users/kc10b/Vivado/ECE520L/FinalProject/project_1/project_1_vitis/project_1_plat/ps7_cortexa9_0/standalone_domain/bsp/system.mss|system_0||
C:/Users/kc10b/Vivado/ECE520L/FinalProject/project_1/project_1_vitis/project_1_plat/zynq_fsbl/zynq_fsbl_bsp/system.mss|system||

TRACE::2026-04-18.10:55:59::SCWMssOS::Sw design exists and opened at  C:/Users/kc10b/Vivado/ECE520L/FinalProject/project_1/project_1_vitis/project_1_plat/ps7_cortexa9_0/standalone_domain/bsp/system.mss
TRACE::2026-04-18.10:55:59::SCWMssOS::Saving the mss changes C:/Users/kc10b/Vivado/ECE520L/FinalProject/project_1/project_1_vitis/project_1_plat/ps7_cortexa9_0/standalone_domain/bsp/system.mss
TRACE::2026-04-18.10:55:59::SCWMssOS::Found a swdesign opened with the mssfile.
TRACE::2026-04-18.10:55:59::SCWMssOS::Completed writemss as part of save.
TRACE::2026-04-18.10:55:59::SCWMssOS::Commit changes completed.
TRACE::2026-04-18.10:55:59::SCWPlatform::Trying to open the hw design at C:/Users/kc10b/Vivado/ECE520L/FinalProject/project_1/project_1_vitis/project_1_plat/hw/design_1_wrapper.xsa
TRACE::2026-04-18.10:55:59::SCWPlatform::DSA given C:/Users/kc10b/Vivado/ECE520L/FinalProject/project_1/project_1_vitis/project_1_plat/hw/design_1_wrapper.xsa
TRACE::2026-04-18.10:55:59::SCWPlatform::DSA absoulate path C:/Users/kc10b/Vivado/ECE520L/FinalProject/project_1/project_1_vitis/project_1_plat/hw/design_1_wrapper.xsa
TRACE::2026-04-18.10:55:59::SCWPlatform::DSA directory C:/Users/kc10b/Vivado/ECE520L/FinalProject/project_1/project_1_vitis/project_1_plat/hw
TRACE::2026-04-18.10:55:59::SCWPlatform:: Platform Path C:/Users/kc10b/Vivado/ECE520L/FinalProject/project_1/project_1_vitis/project_1_plat/hw/design_1_wrapper.xsa
TRACE::2026-04-18.10:55:59::SCWPlatform:: Unique name xilinx:zybo-z7-10::0.0
TRACE::2026-04-18.10:55:59::SCWPlatform::Trying to set the existing hwdb with name design_1_wrapper_1
TRACE::2026-04-18.10:55:59::SCWPlatform::Opened existing hwdb design_1_wrapper_1
TRACE::2026-04-18.10:55:59::SCWPlatform::Found the Hw Db part of the input DSA
TRACE::2026-04-18.10:55:59::SCWMssOS::Checking the sw design at  C:/Users/kc10b/Vivado/ECE520L/FinalProject/project_1/project_1_vitis/project_1_plat/ps7_cortexa9_0/standalone_domain/bsp/system.mss
TRACE::2026-04-18.10:55:59::SCWMssOS::DEBUG:  swdes dump  C:/Users/kc10b/Vivado/ECE520L/FinalProject/project_1/project_1_vitis/project_1_plat/ps7_cortexa9_0/standalone_domain/bsp/system.mss|system_0||
C:/Users/kc10b/Vivado/ECE520L/FinalProject/project_1/project_1_vitis/project_1_plat/zynq_fsbl/zynq_fsbl_bsp/system.mss|system||

TRACE::2026-04-18.10:55:59::SCWMssOS::Sw design exists and opened at  C:/Users/kc10b/Vivado/ECE520L/FinalProject/project_1/project_1_vitis/project_1_plat/ps7_cortexa9_0/standalone_domain/bsp/system.mss
TRACE::2026-04-18.10:55:59::SCWMssOS::Removing the swdes entry for  C:/Users/kc10b/Vivado/ECE520L/FinalProject/project_1/project_1_vitis/project_1_plat/ps7_cortexa9_0/standalone_domain/bsp/system.mss
TRACE::2026-04-18.10:55:59::SCWPlatform::Trying to open the hw design at C:/Users/kc10b/Vivado/ECE520L/FinalProject/project_1/project_1_vitis/project_1_plat/hw/design_1_wrapper.xsa
TRACE::2026-04-18.10:55:59::SCWPlatform::DSA given C:/Users/kc10b/Vivado/ECE520L/FinalProject/project_1/project_1_vitis/project_1_plat/hw/design_1_wrapper.xsa
TRACE::2026-04-18.10:55:59::SCWPlatform::DSA absoulate path C:/Users/kc10b/Vivado/ECE520L/FinalProject/project_1/project_1_vitis/project_1_plat/hw/design_1_wrapper.xsa
TRACE::2026-04-18.10:55:59::SCWPlatform::DSA directory C:/Users/kc10b/Vivado/ECE520L/FinalProject/project_1/project_1_vitis/project_1_plat/hw
TRACE::2026-04-18.10:55:59::SCWPlatform:: Platform Path C:/Users/kc10b/Vivado/ECE520L/FinalProject/project_1/project_1_vitis/project_1_plat/hw/design_1_wrapper.xsa
TRACE::2026-04-18.10:55:59::SCWPlatform:: Unique name xilinx:zybo-z7-10::0.0
TRACE::2026-04-18.10:55:59::SCWPlatform::Trying to set the existing hwdb with name design_1_wrapper_1
TRACE::2026-04-18.10:55:59::SCWPlatform::Opened existing hwdb design_1_wrapper_1
TRACE::2026-04-18.10:55:59::SCWPlatform::Found the Hw Db part of the input DSA
TRACE::2026-04-18.10:55:59::SCWMssOS::Checking the sw design at  C:/Users/kc10b/Vivado/ECE520L/FinalProject/project_1/project_1_vitis/project_1_plat/ps7_cortexa9_0/standalone_domain/bsp/system.mss
TRACE::2026-04-18.10:55:59::SCWMssOS::DEBUG:  swdes dump  C:/Users/kc10b/Vivado/ECE520L/FinalProject/project_1/project_1_vitis/project_1_plat/zynq_fsbl/zynq_fsbl_bsp/system.mss|system||

TRACE::2026-04-18.10:55:59::SCWMssOS::No sw design opened at  C:/Users/kc10b/Vivado/ECE520L/FinalProject/project_1/project_1_vitis/project_1_plat/ps7_cortexa9_0/standalone_domain/bsp/system.mss
TRACE::2026-04-18.10:55:59::SCWMssOS::mss exists loading the mss file  C:/Users/kc10b/Vivado/ECE520L/FinalProject/project_1/project_1_vitis/project_1_plat/ps7_cortexa9_0/standalone_domain/bsp/system.mss
TRACE::2026-04-18.10:55:59::SCWMssOS::Opened the sw design from mss  C:/Users/kc10b/Vivado/ECE520L/FinalProject/project_1/project_1_vitis/project_1_plat/ps7_cortexa9_0/standalone_domain/bsp/system.mss
TRACE::2026-04-18.10:55:59::SCWMssOS::Adding the swdes entry C:/Users/kc10b/Vivado/ECE520L/FinalProject/project_1/project_1_vitis/project_1_plat/ps7_cortexa9_0/standalone_domain/bsp/system.mss with des name system_0
TRACE::2026-04-18.10:55:59::SCWMssOS::updating the scw layer about changes
TRACE::2026-04-18.10:55:59::SCWMssOS::Opened the sw design.  C:/Users/kc10b/Vivado/ECE520L/FinalProject/project_1/project_1_vitis/project_1_plat/ps7_cortexa9_0/standalone_domain/bsp/system.mss
TRACE::2026-04-18.10:55:59::SCWMssOS::Completed writing the mss file at C:/Users/kc10b/Vivado/ECE520L/FinalProject/project_1/project_1_vitis/project_1_plat/ps7_cortexa9_0/standalone_domain/bsp
TRACE::2026-04-18.10:55:59::SCWMssOS::Forcing BSP Sources regeneration.
KEYINFO::2026-04-18.10:56:00::SCWMssOS::Removing file C:/Users/kc10b/Vivado/ECE520L/FinalProject/project_1/project_1_vitis/project_1_plat/ps7_cortexa9_0/standalone_domain/bsp\system_0.mss
TRACE::2026-04-18.10:56:03::SCWPlatform::Trying to open the hw design at C:/Users/kc10b/Vivado/ECE520L/FinalProject/project_1/project_1_vitis/project_1_plat/hw/design_1_wrapper.xsa
TRACE::2026-04-18.10:56:03::SCWPlatform::DSA given C:/Users/kc10b/Vivado/ECE520L/FinalProject/project_1/project_1_vitis/project_1_plat/hw/design_1_wrapper.xsa
TRACE::2026-04-18.10:56:03::SCWPlatform::DSA absoulate path C:/Users/kc10b/Vivado/ECE520L/FinalProject/project_1/project_1_vitis/project_1_plat/hw/design_1_wrapper.xsa
TRACE::2026-04-18.10:56:03::SCWPlatform::DSA directory C:/Users/kc10b/Vivado/ECE520L/FinalProject/project_1/project_1_vitis/project_1_plat/hw
TRACE::2026-04-18.10:56:03::SCWPlatform:: Platform Path C:/Users/kc10b/Vivado/ECE520L/FinalProject/project_1/project_1_vitis/project_1_plat/hw/design_1_wrapper.xsa
TRACE::2026-04-18.10:56:03::SCWPlatform:: Unique name xilinx:zybo-z7-10::0.0
TRACE::2026-04-18.10:56:03::SCWPlatform::Trying to set the existing hwdb with name design_1_wrapper_1
TRACE::2026-04-18.10:56:03::SCWPlatform::Opened existing hwdb design_1_wrapper_1
TRACE::2026-04-18.10:56:03::SCWPlatform::Found the Hw Db part of the input DSA
TRACE::2026-04-18.10:56:03::SCWMssOS::Checking the sw design at  C:/Users/kc10b/Vivado/ECE520L/FinalProject/project_1/project_1_vitis/project_1_plat/zynq_fsbl/zynq_fsbl_bsp/system.mss
TRACE::2026-04-18.10:56:03::SCWMssOS::DEBUG:  swdes dump  C:/Users/kc10b/Vivado/ECE520L/FinalProject/project_1/project_1_vitis/project_1_plat/zynq_fsbl/zynq_fsbl_bsp/system.mss|system||

TRACE::2026-04-18.10:56:03::SCWMssOS::Sw design exists and opened at  C:/Users/kc10b/Vivado/ECE520L/FinalProject/project_1/project_1_vitis/project_1_plat/zynq_fsbl/zynq_fsbl_bsp/system.mss
TRACE::2026-04-18.10:56:10::SCWPlatform::Trying to open the hw design at C:/Users/kc10b/Vivado/ECE520L/FinalProject/project_1/project_1_vitis/project_1_plat/hw/design_1_wrapper.xsa
TRACE::2026-04-18.10:56:10::SCWPlatform::DSA given C:/Users/kc10b/Vivado/ECE520L/FinalProject/project_1/project_1_vitis/project_1_plat/hw/design_1_wrapper.xsa
TRACE::2026-04-18.10:56:10::SCWPlatform::DSA absoulate path C:/Users/kc10b/Vivado/ECE520L/FinalProject/project_1/project_1_vitis/project_1_plat/hw/design_1_wrapper.xsa
TRACE::2026-04-18.10:56:10::SCWPlatform::DSA directory C:/Users/kc10b/Vivado/ECE520L/FinalProject/project_1/project_1_vitis/project_1_plat/hw
TRACE::2026-04-18.10:56:10::SCWPlatform:: Platform Path C:/Users/kc10b/Vivado/ECE520L/FinalProject/project_1/project_1_vitis/project_1_plat/hw/design_1_wrapper.xsa
TRACE::2026-04-18.10:56:10::SCWPlatform:: Unique name xilinx:zybo-z7-10::0.0
TRACE::2026-04-18.10:56:10::SCWPlatform::Trying to set the existing hwdb with name design_1_wrapper_1
TRACE::2026-04-18.10:56:10::SCWPlatform::Opened existing hwdb design_1_wrapper_1
TRACE::2026-04-18.10:56:10::SCWPlatform::Found the Hw Db part of the input DSA
TRACE::2026-04-18.10:56:10::SCWMssOS::Checking the sw design at  C:/Users/kc10b/Vivado/ECE520L/FinalProject/project_1/project_1_vitis/project_1_plat/zynq_fsbl/zynq_fsbl_bsp/system.mss
TRACE::2026-04-18.10:56:10::SCWMssOS::DEBUG:  swdes dump  C:/Users/kc10b/Vivado/ECE520L/FinalProject/project_1/project_1_vitis/project_1_plat/zynq_fsbl/zynq_fsbl_bsp/system.mss|system||

TRACE::2026-04-18.10:56:10::SCWMssOS::Sw design exists and opened at  C:/Users/kc10b/Vivado/ECE520L/FinalProject/project_1/project_1_vitis/project_1_plat/zynq_fsbl/zynq_fsbl_bsp/system.mss
TRACE::2026-04-18.10:56:10::SCWMssOS::Saving the mss changes C:/Users/kc10b/Vivado/ECE520L/FinalProject/project_1/project_1_vitis/project_1_plat/zynq_fsbl/zynq_fsbl_bsp/system.mss
TRACE::2026-04-18.10:56:10::SCWMssOS::Found a swdesign opened with the mssfile.
TRACE::2026-04-18.10:56:10::SCWMssOS::Completed writemss as part of save.
TRACE::2026-04-18.10:56:10::SCWMssOS::Commit changes completed.
TRACE::2026-04-18.10:56:10::SCWMssOS::Saving the mss changes C:/Users/kc10b/Vivado/ECE520L/FinalProject/project_1/project_1_vitis/project_1_plat/ps7_cortexa9_0/standalone_domain/bsp/system.mss
TRACE::2026-04-18.10:56:10::SCWMssOS::Adding the swdes entry, mss present, able to open swdb C:/Users/kc10b/Vivado/ECE520L/FinalProject/project_1/project_1_vitis/project_1_plat/ps7_cortexa9_0/standalone_domain/bsp/system.mss with des name system_0
TRACE::2026-04-18.10:56:10::SCWMssOS::Writing the mss file completed C:/Users/kc10b/Vivado/ECE520L/FinalProject/project_1/project_1_vitis/project_1_plat/ps7_cortexa9_0/standalone_domain/bsp/system.mss
TRACE::2026-04-18.10:56:10::SCWMssOS::Commit changes completed.
TRACE::2026-04-18.10:56:10::SCWPlatform::Trying to open the hw design at C:/Users/kc10b/Vivado/ECE520L/FinalProject/project_1/project_1_vitis/project_1_plat/hw/design_1_wrapper.xsa
TRACE::2026-04-18.10:56:10::SCWPlatform::DSA given C:/Users/kc10b/Vivado/ECE520L/FinalProject/project_1/project_1_vitis/project_1_plat/hw/design_1_wrapper.xsa
TRACE::2026-04-18.10:56:10::SCWPlatform::DSA absoulate path C:/Users/kc10b/Vivado/ECE520L/FinalProject/project_1/project_1_vitis/project_1_plat/hw/design_1_wrapper.xsa
TRACE::2026-04-18.10:56:10::SCWPlatform::DSA directory C:/Users/kc10b/Vivado/ECE520L/FinalProject/project_1/project_1_vitis/project_1_plat/hw
TRACE::2026-04-18.10:56:10::SCWPlatform:: Platform Path C:/Users/kc10b/Vivado/ECE520L/FinalProject/project_1/project_1_vitis/project_1_plat/hw/design_1_wrapper.xsa
TRACE::2026-04-18.10:56:10::SCWPlatform:: Unique name xilinx:zybo-z7-10::0.0
TRACE::2026-04-18.10:56:10::SCWPlatform::Trying to set the existing hwdb with name design_1_wrapper_1
TRACE::2026-04-18.10:56:10::SCWPlatform::Opened existing hwdb design_1_wrapper_1
TRACE::2026-04-18.10:56:10::SCWPlatform::Found the Hw Db part of the input DSA
TRACE::2026-04-18.10:56:10::SCWMssOS::Checking the sw design at  C:/Users/kc10b/Vivado/ECE520L/FinalProject/project_1/project_1_vitis/project_1_plat/zynq_fsbl/zynq_fsbl_bsp/system.mss
TRACE::2026-04-18.10:56:10::SCWMssOS::DEBUG:  swdes dump  C:/Users/kc10b/Vivado/ECE520L/FinalProject/project_1/project_1_vitis/project_1_plat/ps7_cortexa9_0/standalone_domain/bsp/system.mss|system_0||
C:/Users/kc10b/Vivado/ECE520L/FinalProject/project_1/project_1_vitis/project_1_plat/zynq_fsbl/zynq_fsbl_bsp/system.mss|system||

TRACE::2026-04-18.10:56:10::SCWMssOS::Sw design exists and opened at  C:/Users/kc10b/Vivado/ECE520L/FinalProject/project_1/project_1_vitis/project_1_plat/zynq_fsbl/zynq_fsbl_bsp/system.mss
TRACE::2026-04-18.10:56:10::SCWPlatform::Trying to open the hw design at C:/Users/kc10b/Vivado/ECE520L/FinalProject/project_1/project_1_vitis/project_1_plat/hw/design_1_wrapper.xsa
TRACE::2026-04-18.10:56:10::SCWPlatform::DSA given C:/Users/kc10b/Vivado/ECE520L/FinalProject/project_1/project_1_vitis/project_1_plat/hw/design_1_wrapper.xsa
TRACE::2026-04-18.10:56:10::SCWPlatform::DSA absoulate path C:/Users/kc10b/Vivado/ECE520L/FinalProject/project_1/project_1_vitis/project_1_plat/hw/design_1_wrapper.xsa
TRACE::2026-04-18.10:56:10::SCWPlatform::DSA directory C:/Users/kc10b/Vivado/ECE520L/FinalProject/project_1/project_1_vitis/project_1_plat/hw
TRACE::2026-04-18.10:56:10::SCWPlatform:: Platform Path C:/Users/kc10b/Vivado/ECE520L/FinalProject/project_1/project_1_vitis/project_1_plat/hw/design_1_wrapper.xsa
TRACE::2026-04-18.10:56:10::SCWPlatform:: Unique name xilinx:zybo-z7-10::0.0
TRACE::2026-04-18.10:56:10::SCWPlatform::Trying to set the existing hwdb with name design_1_wrapper_1
TRACE::2026-04-18.10:56:10::SCWPlatform::Opened existing hwdb design_1_wrapper_1
TRACE::2026-04-18.10:56:10::SCWPlatform::Found the Hw Db part of the input DSA
TRACE::2026-04-18.10:56:10::SCWMssOS::Checking the sw design at  C:/Users/kc10b/Vivado/ECE520L/FinalProject/project_1/project_1_vitis/project_1_plat/ps7_cortexa9_0/standalone_domain/bsp/system.mss
TRACE::2026-04-18.10:56:10::SCWMssOS::DEBUG:  swdes dump  C:/Users/kc10b/Vivado/ECE520L/FinalProject/project_1/project_1_vitis/project_1_plat/ps7_cortexa9_0/standalone_domain/bsp/system.mss|system_0||
C:/Users/kc10b/Vivado/ECE520L/FinalProject/project_1/project_1_vitis/project_1_plat/zynq_fsbl/zynq_fsbl_bsp/system.mss|system||

TRACE::2026-04-18.10:56:10::SCWMssOS::Sw design exists and opened at  C:/Users/kc10b/Vivado/ECE520L/FinalProject/project_1/project_1_vitis/project_1_plat/ps7_cortexa9_0/standalone_domain/bsp/system.mss
TRACE::2026-04-18.10:56:10::SCWWriter::formatted JSON is {
	"platformName":	"project_1_plat",
	"sprVersion":	"2.0",
	"mode":	"gui",
	"dsaType":	"Fixed",
	"platformDesc":	"project_1_plat",
	"platHandOff":	"C:/Users/kc10b/Vivado/ECE520L/FinalProject/project_1/design_1_wrapper.xsa",
	"platIntHandOff":	"<platformDir>/hw/design_1_wrapper.xsa",
	"deviceType":	"zynq",
	"platIsPrebuiltAutogen":	"false",
	"platIsNoBootBsp":	"false",
	"hasFsblMakeHasChanges":	"false",
	"hasPmufwMakeHasChanges":	"false",
	"fsblExtraCompilerFlags":	"-MMD -MP       -mcpu=cortex-a9 -mfpu=vfpv3 -mfloat-abi=hard ",
	"platPreBuiltFlag":	false,
	"platformSamplesDir":	"",
	"platActiveSys":	"project_1_plat",
	"systems":	[{
			"systemName":	"project_1_plat",
			"systemDesc":	"project_1_plat",
			"sysIsBootAutoGen":	"true",
			"systemDispName":	"project_1_plat",
			"sysActiveDom":	"zynq_fsbl",
			"sysDefaultDom":	"standalone_domain",
			"domains":	[{
					"domainName":	"zynq_fsbl",
					"domainDispName":	"zynq_fsbl",
					"domainDesc":	"FSBL Application BSP - Auto Generated.",
					"processors":	"ps7_cortexa9_0",
					"os":	"standalone",
					"sdxOs":	"standalone",
					"debugEnable":	"",
					"domRuntimes":	["cpp"],
					"swRepo":	"",
					"mssOsVer":	"8.1",
					"mssFile":	"",
					"md5Digest":	"1323684c4095fbbc921b32dcc7efd326",
					"compatibleApp":	"zynq_fsbl",
					"domType":	"bootDomain",
					"arch":	"32-bit",
					"appSettings":	{
						"appCompilerFlags":	"",
						"appLinkerFlags":	""
					},
					"addedLibs":	["xilffs:5.0", "xilrsa:1.6"],
					"libOptions":	{
						"libsContainingOptions":	[]
					},
					"changedDrivers":	{
						"axi_gpio_0":	"none:",
						"changedCells":	["axi_gpio_0"]
					},
					"prebuiltLibs":	{
						"prebuiltIncPath":	[],
						"prebuiltLibPath":	[]
					},
					"isolation":	{
					}
				}, {
					"domainName":	"standalone_domain",
					"domainDispName":	"standalone on ps7_cortexa9_0",
					"domainDesc":	"standalone_domain",
					"processors":	"ps7_cortexa9_0",
					"os":	"standalone",
					"sdxOs":	"standalone",
					"qemuArgs":	"<platformDir>/resources/project_1_plat/standalone_domain/qemu_args.txt",
					"qemuData":	"<platformDir>/resources/project_1_plat/standalone_domain/qemu",
					"debugEnable":	"False",
					"domRuntimes":	["cpp"],
					"swRepo":	"",
					"mssOsVer":	"8.1",
					"mssFile":	"",
					"md5Digest":	"413498c9eefe058ad8948b4db997813c",
					"compatibleApp":	"",
					"domType":	"mssDomain",
					"appSettings":	{
						"appCompilerFlags":	"",
						"appLinkerFlags":	""
					},
					"addedLibs":	[],
					"libOptions":	{
						"libsContainingOptions":	[]
					},
					"changedDrivers":	{
						"axi_gpio_0":	"none:",
						"changedCells":	["axi_gpio_0"]
					},
					"prebuiltLibs":	{
						"prebuiltIncPath":	[],
						"prebuiltLibPath":	[]
					},
					"isolation":	{
					}
				}]
		}]
}
TRACE::2026-04-18.10:56:10::SCWMssOS::Saving the mss changes C:/Users/kc10b/Vivado/ECE520L/FinalProject/project_1/project_1_vitis/project_1_plat/zynq_fsbl/zynq_fsbl_bsp/system.mss
TRACE::2026-04-18.10:56:10::SCWMssOS::Found a swdesign opened with the mssfile.
TRACE::2026-04-18.10:56:10::SCWMssOS::Completed writemss as part of save.
TRACE::2026-04-18.10:56:10::SCWMssOS::Commit changes completed.
TRACE::2026-04-18.10:56:10::SCWPlatform::Trying to open the hw design at C:/Users/kc10b/Vivado/ECE520L/FinalProject/project_1/project_1_vitis/project_1_plat/hw/design_1_wrapper.xsa
TRACE::2026-04-18.10:56:10::SCWPlatform::DSA given C:/Users/kc10b/Vivado/ECE520L/FinalProject/project_1/project_1_vitis/project_1_plat/hw/design_1_wrapper.xsa
TRACE::2026-04-18.10:56:10::SCWPlatform::DSA absoulate path C:/Users/kc10b/Vivado/ECE520L/FinalProject/project_1/project_1_vitis/project_1_plat/hw/design_1_wrapper.xsa
TRACE::2026-04-18.10:56:10::SCWPlatform::DSA directory C:/Users/kc10b/Vivado/ECE520L/FinalProject/project_1/project_1_vitis/project_1_plat/hw
TRACE::2026-04-18.10:56:10::SCWPlatform:: Platform Path C:/Users/kc10b/Vivado/ECE520L/FinalProject/project_1/project_1_vitis/project_1_plat/hw/design_1_wrapper.xsa
TRACE::2026-04-18.10:56:10::SCWPlatform:: Unique name xilinx:zybo-z7-10::0.0
TRACE::2026-04-18.10:56:10::SCWPlatform::Trying to set the existing hwdb with name design_1_wrapper_1
TRACE::2026-04-18.10:56:10::SCWPlatform::Opened existing hwdb design_1_wrapper_1
TRACE::2026-04-18.10:56:10::SCWPlatform::Found the Hw Db part of the input DSA
TRACE::2026-04-18.10:56:10::SCWMssOS::Checking the sw design at  C:/Users/kc10b/Vivado/ECE520L/FinalProject/project_1/project_1_vitis/project_1_plat/zynq_fsbl/zynq_fsbl_bsp/system.mss
TRACE::2026-04-18.10:56:10::SCWMssOS::DEBUG:  swdes dump  C:/Users/kc10b/Vivado/ECE520L/FinalProject/project_1/project_1_vitis/project_1_plat/ps7_cortexa9_0/standalone_domain/bsp/system.mss|system_0||
C:/Users/kc10b/Vivado/ECE520L/FinalProject/project_1/project_1_vitis/project_1_plat/zynq_fsbl/zynq_fsbl_bsp/system.mss|system||

TRACE::2026-04-18.10:56:10::SCWMssOS::Sw design exists and opened at  C:/Users/kc10b/Vivado/ECE520L/FinalProject/project_1/project_1_vitis/project_1_plat/zynq_fsbl/zynq_fsbl_bsp/system.mss
TRACE::2026-04-18.10:56:10::SCWMssOS::Removing the swdes entry for  C:/Users/kc10b/Vivado/ECE520L/FinalProject/project_1/project_1_vitis/project_1_plat/zynq_fsbl/zynq_fsbl_bsp/system.mss
TRACE::2026-04-18.10:56:10::SCWMssOS::In reload Mss file.
TRACE::2026-04-18.10:56:10::SCWPlatform::Trying to open the hw design at C:/Users/kc10b/Vivado/ECE520L/FinalProject/project_1/project_1_vitis/project_1_plat/hw/design_1_wrapper.xsa
TRACE::2026-04-18.10:56:10::SCWPlatform::DSA given C:/Users/kc10b/Vivado/ECE520L/FinalProject/project_1/project_1_vitis/project_1_plat/hw/design_1_wrapper.xsa
TRACE::2026-04-18.10:56:10::SCWPlatform::DSA absoulate path C:/Users/kc10b/Vivado/ECE520L/FinalProject/project_1/project_1_vitis/project_1_plat/hw/design_1_wrapper.xsa
TRACE::2026-04-18.10:56:10::SCWPlatform::DSA directory C:/Users/kc10b/Vivado/ECE520L/FinalProject/project_1/project_1_vitis/project_1_plat/hw
TRACE::2026-04-18.10:56:10::SCWPlatform:: Platform Path C:/Users/kc10b/Vivado/ECE520L/FinalProject/project_1/project_1_vitis/project_1_plat/hw/design_1_wrapper.xsa
TRACE::2026-04-18.10:56:10::SCWPlatform:: Unique name xilinx:zybo-z7-10::0.0
TRACE::2026-04-18.10:56:10::SCWPlatform::Trying to set the existing hwdb with name design_1_wrapper_1
TRACE::2026-04-18.10:56:10::SCWPlatform::Opened existing hwdb design_1_wrapper_1
TRACE::2026-04-18.10:56:10::SCWPlatform::Found the Hw Db part of the input DSA
TRACE::2026-04-18.10:56:10::SCWMssOS::Checking the sw design at  C:/Users/kc10b/Vivado/ECE520L/FinalProject/project_1/project_1_vitis/project_1_plat/zynq_fsbl/zynq_fsbl_bsp/system.mss
TRACE::2026-04-18.10:56:10::SCWMssOS::DEBUG:  swdes dump  C:/Users/kc10b/Vivado/ECE520L/FinalProject/project_1/project_1_vitis/project_1_plat/ps7_cortexa9_0/standalone_domain/bsp/system.mss|system_0||

TRACE::2026-04-18.10:56:10::SCWMssOS::No sw design opened at  C:/Users/kc10b/Vivado/ECE520L/FinalProject/project_1/project_1_vitis/project_1_plat/zynq_fsbl/zynq_fsbl_bsp/system.mss
TRACE::2026-04-18.10:56:10::SCWMssOS::mss exists loading the mss file  C:/Users/kc10b/Vivado/ECE520L/FinalProject/project_1/project_1_vitis/project_1_plat/zynq_fsbl/zynq_fsbl_bsp/system.mss
TRACE::2026-04-18.10:56:10::SCWMssOS::Opened the sw design from mss  C:/Users/kc10b/Vivado/ECE520L/FinalProject/project_1/project_1_vitis/project_1_plat/zynq_fsbl/zynq_fsbl_bsp/system.mss
TRACE::2026-04-18.10:56:10::SCWMssOS::Adding the swdes entry C:/Users/kc10b/Vivado/ECE520L/FinalProject/project_1/project_1_vitis/project_1_plat/zynq_fsbl/zynq_fsbl_bsp/system.mss with des name system
TRACE::2026-04-18.10:56:10::SCWMssOS::updating the scw layer about changes
TRACE::2026-04-18.10:56:10::SCWMssOS::Opened the sw design.  C:/Users/kc10b/Vivado/ECE520L/FinalProject/project_1/project_1_vitis/project_1_plat/zynq_fsbl/zynq_fsbl_bsp/system.mss
TRACE::2026-04-18.10:56:10::SCWPlatform::Trying to open the hw design at C:/Users/kc10b/Vivado/ECE520L/FinalProject/project_1/project_1_vitis/project_1_plat/hw/design_1_wrapper.xsa
TRACE::2026-04-18.10:56:10::SCWPlatform::DSA given C:/Users/kc10b/Vivado/ECE520L/FinalProject/project_1/project_1_vitis/project_1_plat/hw/design_1_wrapper.xsa
TRACE::2026-04-18.10:56:10::SCWPlatform::DSA absoulate path C:/Users/kc10b/Vivado/ECE520L/FinalProject/project_1/project_1_vitis/project_1_plat/hw/design_1_wrapper.xsa
TRACE::2026-04-18.10:56:10::SCWPlatform::DSA directory C:/Users/kc10b/Vivado/ECE520L/FinalProject/project_1/project_1_vitis/project_1_plat/hw
TRACE::2026-04-18.10:56:10::SCWPlatform:: Platform Path C:/Users/kc10b/Vivado/ECE520L/FinalProject/project_1/project_1_vitis/project_1_plat/hw/design_1_wrapper.xsa
TRACE::2026-04-18.10:56:10::SCWPlatform:: Unique name xilinx:zybo-z7-10::0.0
TRACE::2026-04-18.10:56:10::SCWPlatform::Trying to set the existing hwdb with name design_1_wrapper_1
TRACE::2026-04-18.10:56:10::SCWPlatform::Opened existing hwdb design_1_wrapper_1
TRACE::2026-04-18.10:56:10::SCWPlatform::Found the Hw Db part of the input DSA
TRACE::2026-04-18.10:56:10::SCWMssOS::Checking the sw design at  C:/Users/kc10b/Vivado/ECE520L/FinalProject/project_1/project_1_vitis/project_1_plat/zynq_fsbl/zynq_fsbl_bsp/system.mss
TRACE::2026-04-18.10:56:10::SCWMssOS::DEBUG:  swdes dump  C:/Users/kc10b/Vivado/ECE520L/FinalProject/project_1/project_1_vitis/project_1_plat/ps7_cortexa9_0/standalone_domain/bsp/system.mss|system_0||
C:/Users/kc10b/Vivado/ECE520L/FinalProject/project_1/project_1_vitis/project_1_plat/zynq_fsbl/zynq_fsbl_bsp/system.mss|system||

TRACE::2026-04-18.10:56:10::SCWMssOS::Sw design exists and opened at  C:/Users/kc10b/Vivado/ECE520L/FinalProject/project_1/project_1_vitis/project_1_plat/zynq_fsbl/zynq_fsbl_bsp/system.mss
TRACE::2026-04-18.10:56:10::SCWMssOS:: library already available in sw design:  xilffs:5.0
TRACE::2026-04-18.10:56:10::SCWPlatform::Trying to open the hw design at C:/Users/kc10b/Vivado/ECE520L/FinalProject/project_1/project_1_vitis/project_1_plat/hw/design_1_wrapper.xsa
TRACE::2026-04-18.10:56:10::SCWPlatform::DSA given C:/Users/kc10b/Vivado/ECE520L/FinalProject/project_1/project_1_vitis/project_1_plat/hw/design_1_wrapper.xsa
TRACE::2026-04-18.10:56:10::SCWPlatform::DSA absoulate path C:/Users/kc10b/Vivado/ECE520L/FinalProject/project_1/project_1_vitis/project_1_plat/hw/design_1_wrapper.xsa
TRACE::2026-04-18.10:56:10::SCWPlatform::DSA directory C:/Users/kc10b/Vivado/ECE520L/FinalProject/project_1/project_1_vitis/project_1_plat/hw
TRACE::2026-04-18.10:56:10::SCWPlatform:: Platform Path C:/Users/kc10b/Vivado/ECE520L/FinalProject/project_1/project_1_vitis/project_1_plat/hw/design_1_wrapper.xsa
TRACE::2026-04-18.10:56:10::SCWPlatform:: Unique name xilinx:zybo-z7-10::0.0
TRACE::2026-04-18.10:56:10::SCWPlatform::Trying to set the existing hwdb with name design_1_wrapper_1
TRACE::2026-04-18.10:56:10::SCWPlatform::Opened existing hwdb design_1_wrapper_1
TRACE::2026-04-18.10:56:10::SCWPlatform::Found the Hw Db part of the input DSA
TRACE::2026-04-18.10:56:10::SCWMssOS::Checking the sw design at  C:/Users/kc10b/Vivado/ECE520L/FinalProject/project_1/project_1_vitis/project_1_plat/zynq_fsbl/zynq_fsbl_bsp/system.mss
TRACE::2026-04-18.10:56:10::SCWMssOS::DEBUG:  swdes dump  C:/Users/kc10b/Vivado/ECE520L/FinalProject/project_1/project_1_vitis/project_1_plat/ps7_cortexa9_0/standalone_domain/bsp/system.mss|system_0||
C:/Users/kc10b/Vivado/ECE520L/FinalProject/project_1/project_1_vitis/project_1_plat/zynq_fsbl/zynq_fsbl_bsp/system.mss|system||

TRACE::2026-04-18.10:56:10::SCWMssOS::Sw design exists and opened at  C:/Users/kc10b/Vivado/ECE520L/FinalProject/project_1/project_1_vitis/project_1_plat/zynq_fsbl/zynq_fsbl_bsp/system.mss
TRACE::2026-04-18.10:56:10::SCWMssOS:: library already available in sw design:  xilrsa:1.6
TRACE::2026-04-18.10:56:10::SCWPlatform::Trying to open the hw design at C:/Users/kc10b/Vivado/ECE520L/FinalProject/project_1/project_1_vitis/project_1_plat/hw/design_1_wrapper.xsa
TRACE::2026-04-18.10:56:10::SCWPlatform::DSA given C:/Users/kc10b/Vivado/ECE520L/FinalProject/project_1/project_1_vitis/project_1_plat/hw/design_1_wrapper.xsa
TRACE::2026-04-18.10:56:10::SCWPlatform::DSA absoulate path C:/Users/kc10b/Vivado/ECE520L/FinalProject/project_1/project_1_vitis/project_1_plat/hw/design_1_wrapper.xsa
TRACE::2026-04-18.10:56:10::SCWPlatform::DSA directory C:/Users/kc10b/Vivado/ECE520L/FinalProject/project_1/project_1_vitis/project_1_plat/hw
TRACE::2026-04-18.10:56:10::SCWPlatform:: Platform Path C:/Users/kc10b/Vivado/ECE520L/FinalProject/project_1/project_1_vitis/project_1_plat/hw/design_1_wrapper.xsa
TRACE::2026-04-18.10:56:10::SCWPlatform:: Unique name xilinx:zybo-z7-10::0.0
TRACE::2026-04-18.10:56:10::SCWPlatform::Trying to set the existing hwdb with name design_1_wrapper_1
TRACE::2026-04-18.10:56:10::SCWPlatform::Opened existing hwdb design_1_wrapper_1
TRACE::2026-04-18.10:56:10::SCWPlatform::Found the Hw Db part of the input DSA
TRACE::2026-04-18.10:56:10::SCWMssOS::Checking the sw design at  C:/Users/kc10b/Vivado/ECE520L/FinalProject/project_1/project_1_vitis/project_1_plat/zynq_fsbl/zynq_fsbl_bsp/system.mss
TRACE::2026-04-18.10:56:10::SCWMssOS::DEBUG:  swdes dump  C:/Users/kc10b/Vivado/ECE520L/FinalProject/project_1/project_1_vitis/project_1_plat/ps7_cortexa9_0/standalone_domain/bsp/system.mss|system_0||
C:/Users/kc10b/Vivado/ECE520L/FinalProject/project_1/project_1_vitis/project_1_plat/zynq_fsbl/zynq_fsbl_bsp/system.mss|system||

TRACE::2026-04-18.10:56:10::SCWMssOS::Sw design exists and opened at  C:/Users/kc10b/Vivado/ECE520L/FinalProject/project_1/project_1_vitis/project_1_plat/zynq_fsbl/zynq_fsbl_bsp/system.mss
TRACE::2026-04-18.10:56:10::SCWMssOS::Saving the mss changes C:/Users/kc10b/Vivado/ECE520L/FinalProject/project_1/project_1_vitis/project_1_plat/zynq_fsbl/zynq_fsbl_bsp/system.mss
TRACE::2026-04-18.10:56:10::SCWMssOS::Found a swdesign opened with the mssfile.
TRACE::2026-04-18.10:56:10::SCWMssOS::Completed writemss as part of save.
TRACE::2026-04-18.10:56:10::SCWMssOS::Commit changes completed.
TRACE::2026-04-18.10:56:10::SCWPlatform::Trying to open the hw design at C:/Users/kc10b/Vivado/ECE520L/FinalProject/project_1/project_1_vitis/project_1_plat/hw/design_1_wrapper.xsa
TRACE::2026-04-18.10:56:10::SCWPlatform::DSA given C:/Users/kc10b/Vivado/ECE520L/FinalProject/project_1/project_1_vitis/project_1_plat/hw/design_1_wrapper.xsa
TRACE::2026-04-18.10:56:10::SCWPlatform::DSA absoulate path C:/Users/kc10b/Vivado/ECE520L/FinalProject/project_1/project_1_vitis/project_1_plat/hw/design_1_wrapper.xsa
TRACE::2026-04-18.10:56:10::SCWPlatform::DSA directory C:/Users/kc10b/Vivado/ECE520L/FinalProject/project_1/project_1_vitis/project_1_plat/hw
TRACE::2026-04-18.10:56:10::SCWPlatform:: Platform Path C:/Users/kc10b/Vivado/ECE520L/FinalProject/project_1/project_1_vitis/project_1_plat/hw/design_1_wrapper.xsa
TRACE::2026-04-18.10:56:10::SCWPlatform:: Unique name xilinx:zybo-z7-10::0.0
TRACE::2026-04-18.10:56:10::SCWPlatform::Trying to set the existing hwdb with name design_1_wrapper_1
TRACE::2026-04-18.10:56:10::SCWPlatform::Opened existing hwdb design_1_wrapper_1
TRACE::2026-04-18.10:56:10::SCWPlatform::Found the Hw Db part of the input DSA
TRACE::2026-04-18.10:56:10::SCWMssOS::Checking the sw design at  C:/Users/kc10b/Vivado/ECE520L/FinalProject/project_1/project_1_vitis/project_1_plat/zynq_fsbl/zynq_fsbl_bsp/system.mss
TRACE::2026-04-18.10:56:10::SCWMssOS::DEBUG:  swdes dump  C:/Users/kc10b/Vivado/ECE520L/FinalProject/project_1/project_1_vitis/project_1_plat/ps7_cortexa9_0/standalone_domain/bsp/system.mss|system_0||
C:/Users/kc10b/Vivado/ECE520L/FinalProject/project_1/project_1_vitis/project_1_plat/zynq_fsbl/zynq_fsbl_bsp/system.mss|system||

TRACE::2026-04-18.10:56:10::SCWMssOS::Sw design exists and opened at  C:/Users/kc10b/Vivado/ECE520L/FinalProject/project_1/project_1_vitis/project_1_plat/zynq_fsbl/zynq_fsbl_bsp/system.mss
TRACE::2026-04-18.10:56:10::SCWMssOS::Removing the swdes entry for  C:/Users/kc10b/Vivado/ECE520L/FinalProject/project_1/project_1_vitis/project_1_plat/zynq_fsbl/zynq_fsbl_bsp/system.mss
TRACE::2026-04-18.10:56:10::SCWPlatform::Trying to open the hw design at C:/Users/kc10b/Vivado/ECE520L/FinalProject/project_1/project_1_vitis/project_1_plat/hw/design_1_wrapper.xsa
TRACE::2026-04-18.10:56:10::SCWPlatform::DSA given C:/Users/kc10b/Vivado/ECE520L/FinalProject/project_1/project_1_vitis/project_1_plat/hw/design_1_wrapper.xsa
TRACE::2026-04-18.10:56:10::SCWPlatform::DSA absoulate path C:/Users/kc10b/Vivado/ECE520L/FinalProject/project_1/project_1_vitis/project_1_plat/hw/design_1_wrapper.xsa
TRACE::2026-04-18.10:56:10::SCWPlatform::DSA directory C:/Users/kc10b/Vivado/ECE520L/FinalProject/project_1/project_1_vitis/project_1_plat/hw
TRACE::2026-04-18.10:56:10::SCWPlatform:: Platform Path C:/Users/kc10b/Vivado/ECE520L/FinalProject/project_1/project_1_vitis/project_1_plat/hw/design_1_wrapper.xsa
TRACE::2026-04-18.10:56:10::SCWPlatform:: Unique name xilinx:zybo-z7-10::0.0
TRACE::2026-04-18.10:56:10::SCWPlatform::Trying to set the existing hwdb with name design_1_wrapper_1
TRACE::2026-04-18.10:56:10::SCWPlatform::Opened existing hwdb design_1_wrapper_1
TRACE::2026-04-18.10:56:10::SCWPlatform::Found the Hw Db part of the input DSA
TRACE::2026-04-18.10:56:10::SCWMssOS::Checking the sw design at  C:/Users/kc10b/Vivado/ECE520L/FinalProject/project_1/project_1_vitis/project_1_plat/zynq_fsbl/zynq_fsbl_bsp/system.mss
TRACE::2026-04-18.10:56:10::SCWMssOS::DEBUG:  swdes dump  C:/Users/kc10b/Vivado/ECE520L/FinalProject/project_1/project_1_vitis/project_1_plat/ps7_cortexa9_0/standalone_domain/bsp/system.mss|system_0||

TRACE::2026-04-18.10:56:10::SCWMssOS::No sw design opened at  C:/Users/kc10b/Vivado/ECE520L/FinalProject/project_1/project_1_vitis/project_1_plat/zynq_fsbl/zynq_fsbl_bsp/system.mss
TRACE::2026-04-18.10:56:10::SCWMssOS::mss exists loading the mss file  C:/Users/kc10b/Vivado/ECE520L/FinalProject/project_1/project_1_vitis/project_1_plat/zynq_fsbl/zynq_fsbl_bsp/system.mss
TRACE::2026-04-18.10:56:10::SCWMssOS::Opened the sw design from mss  C:/Users/kc10b/Vivado/ECE520L/FinalProject/project_1/project_1_vitis/project_1_plat/zynq_fsbl/zynq_fsbl_bsp/system.mss
TRACE::2026-04-18.10:56:10::SCWMssOS::Adding the swdes entry C:/Users/kc10b/Vivado/ECE520L/FinalProject/project_1/project_1_vitis/project_1_plat/zynq_fsbl/zynq_fsbl_bsp/system.mss with des name system
TRACE::2026-04-18.10:56:10::SCWMssOS::updating the scw layer about changes
TRACE::2026-04-18.10:56:10::SCWMssOS::Opened the sw design.  C:/Users/kc10b/Vivado/ECE520L/FinalProject/project_1/project_1_vitis/project_1_plat/zynq_fsbl/zynq_fsbl_bsp/system.mss
TRACE::2026-04-18.10:56:10::SCWBDomain::Completed writing the mss file at C:/Users/kc10b/Vivado/ECE520L/FinalProject/project_1/project_1_vitis/project_1_plat/zynq_fsbl/zynq_fsbl_bsp
TRACE::2026-04-18.10:56:10::SCWBDomain::Forcing BSP Sources regeneration.
TRACE::2026-04-18.10:56:11::SCWBDomain::Updating the makefile used for building the Application zynq_fsbl
TRACE::2026-04-18.10:56:11::SCWPlatform::Trying to open the hw design at C:/Users/kc10b/Vivado/ECE520L/FinalProject/project_1/project_1_vitis/project_1_plat/hw/design_1_wrapper.xsa
TRACE::2026-04-18.10:56:11::SCWPlatform::DSA given C:/Users/kc10b/Vivado/ECE520L/FinalProject/project_1/project_1_vitis/project_1_plat/hw/design_1_wrapper.xsa
TRACE::2026-04-18.10:56:11::SCWPlatform::DSA absoulate path C:/Users/kc10b/Vivado/ECE520L/FinalProject/project_1/project_1_vitis/project_1_plat/hw/design_1_wrapper.xsa
TRACE::2026-04-18.10:56:11::SCWPlatform::DSA directory C:/Users/kc10b/Vivado/ECE520L/FinalProject/project_1/project_1_vitis/project_1_plat/hw
TRACE::2026-04-18.10:56:11::SCWPlatform:: Platform Path C:/Users/kc10b/Vivado/ECE520L/FinalProject/project_1/project_1_vitis/project_1_plat/hw/design_1_wrapper.xsa
TRACE::2026-04-18.10:56:11::SCWPlatform:: Unique name xilinx:zybo-z7-10::0.0
TRACE::2026-04-18.10:56:11::SCWPlatform::Trying to set the existing hwdb with name design_1_wrapper_1
TRACE::2026-04-18.10:56:11::SCWPlatform::Opened existing hwdb design_1_wrapper_1
TRACE::2026-04-18.10:56:11::SCWPlatform::Found the Hw Db part of the input DSA
TRACE::2026-04-18.10:56:11::SCWMssOS::Checking the sw design at  C:/Users/kc10b/Vivado/ECE520L/FinalProject/project_1/project_1_vitis/project_1_plat/zynq_fsbl/zynq_fsbl_bsp/system.mss
TRACE::2026-04-18.10:56:11::SCWMssOS::DEBUG:  swdes dump  C:/Users/kc10b/Vivado/ECE520L/FinalProject/project_1/project_1_vitis/project_1_plat/ps7_cortexa9_0/standalone_domain/bsp/system.mss|system_0||

TRACE::2026-04-18.10:56:11::SCWMssOS::No sw design opened at  C:/Users/kc10b/Vivado/ECE520L/FinalProject/project_1/project_1_vitis/project_1_plat/zynq_fsbl/zynq_fsbl_bsp/system.mss
TRACE::2026-04-18.10:56:11::SCWMssOS::mss exists loading the mss file  C:/Users/kc10b/Vivado/ECE520L/FinalProject/project_1/project_1_vitis/project_1_plat/zynq_fsbl/zynq_fsbl_bsp/system.mss
TRACE::2026-04-18.10:56:11::SCWMssOS::Opened the sw design from mss  C:/Users/kc10b/Vivado/ECE520L/FinalProject/project_1/project_1_vitis/project_1_plat/zynq_fsbl/zynq_fsbl_bsp/system.mss
TRACE::2026-04-18.10:56:11::SCWMssOS::Adding the swdes entry C:/Users/kc10b/Vivado/ECE520L/FinalProject/project_1/project_1_vitis/project_1_plat/zynq_fsbl/zynq_fsbl_bsp/system.mss with des name system
TRACE::2026-04-18.10:56:11::SCWMssOS::updating the scw layer about changes
TRACE::2026-04-18.10:56:11::SCWMssOS::Opened the sw design.  C:/Users/kc10b/Vivado/ECE520L/FinalProject/project_1/project_1_vitis/project_1_plat/zynq_fsbl/zynq_fsbl_bsp/system.mss
TRACE::2026-04-18.10:56:15::SCWBDomain::removing the temporary location in _platform.
TRACE::2026-04-18.10:56:16::SCWBDomain::Makefile is Updated.
TRACE::2026-04-18.10:56:16::SCWBDomain::doing clean.
TRACE::2026-04-18.10:56:16::SCWBDomain::System Command Ran  C:&  cd  C:/Users/kc10b/Vivado/ECE520L/FinalProject/project_1/project_1_vitis/project_1_plat/zynq_fsbl & make clean
TRACE::2026-04-18.10:56:16::SCWBDomain::rm -rf  sd.o  nand.o  image_mover.o  md5.o  fsbl_hooks.o  main.o  nor.o  qspi.o  rsa.o  ps7_init.o  pcap.o  fsbl_handoff.o zynq
TRACE::2026-04-18.10:56:16::SCWBDomain::_fsbl_bsp/ps7_cortexa9_0/lib/libxil.a fsbl.elf *.o

LOG::2026-04-18.10:56:29::SCWPlatform::Started generating the artifacts platform project_1_plat
TRACE::2026-04-18.10:56:29::SCWPlatform::Sanity checking of platform is completed
LOG::2026-04-18.10:56:29::SCWPlatform::Started generating the artifacts for system configuration project_1_plat
LOG::2026-04-18.10:56:29::SCWSystem::Checking the domain zynq_fsbl
LOG::2026-04-18.10:56:29::SCWSystem::Doing application build for :  zynq_fsbl
TRACE::2026-04-18.10:56:29::SCWBDomain::Not a forced makefile updation, No changes are present. 
TRACE::2026-04-18.10:56:29::SCWDomain::Building the domain :  zynq_fsbl
TRACE::2026-04-18.10:56:29::SCWPlatform::Trying to open the hw design at C:/Users/kc10b/Vivado/ECE520L/FinalProject/project_1/project_1_vitis/project_1_plat/hw/design_1_wrapper.xsa
TRACE::2026-04-18.10:56:29::SCWPlatform::DSA given C:/Users/kc10b/Vivado/ECE520L/FinalProject/project_1/project_1_vitis/project_1_plat/hw/design_1_wrapper.xsa
TRACE::2026-04-18.10:56:29::SCWPlatform::DSA absoulate path C:/Users/kc10b/Vivado/ECE520L/FinalProject/project_1/project_1_vitis/project_1_plat/hw/design_1_wrapper.xsa
TRACE::2026-04-18.10:56:29::SCWPlatform::DSA directory C:/Users/kc10b/Vivado/ECE520L/FinalProject/project_1/project_1_vitis/project_1_plat/hw
TRACE::2026-04-18.10:56:29::SCWPlatform:: Platform Path C:/Users/kc10b/Vivado/ECE520L/FinalProject/project_1/project_1_vitis/project_1_plat/hw/design_1_wrapper.xsa
TRACE::2026-04-18.10:56:29::SCWPlatform:: Unique name xilinx:zybo-z7-10::0.0
TRACE::2026-04-18.10:56:29::SCWPlatform::Trying to set the existing hwdb with name design_1_wrapper_1
TRACE::2026-04-18.10:56:29::SCWPlatform::Opened existing hwdb design_1_wrapper_1
TRACE::2026-04-18.10:56:29::SCWPlatform::Found the Hw Db part of the input DSA
TRACE::2026-04-18.10:56:29::SCWMssOS::Checking the sw design at  C:/Users/kc10b/Vivado/ECE520L/FinalProject/project_1/project_1_vitis/project_1_plat/zynq_fsbl/zynq_fsbl_bsp/system.mss
TRACE::2026-04-18.10:56:29::SCWMssOS::DEBUG:  swdes dump  C:/Users/kc10b/Vivado/ECE520L/FinalProject/project_1/project_1_vitis/project_1_plat/ps7_cortexa9_0/standalone_domain/bsp/system.mss|system_0||
C:/Users/kc10b/Vivado/ECE520L/FinalProject/project_1/project_1_vitis/project_1_plat/zynq_fsbl/zynq_fsbl_bsp/system.mss|system||

KEYINFO::2026-04-18.10:56:29::SCWMssOS::Could not open the swdb for system
KEYINFO::2026-04-18.10:56:29::SCWMssOS::Could not open the sw design at  system
ERROR: [Hsi 55-1558] Software Design system is not found

TRACE::2026-04-18.10:56:29::SCWMssOS::Cleared the swdb table entry
TRACE::2026-04-18.10:56:29::SCWMssOS::No sw design opened at  C:/Users/kc10b/Vivado/ECE520L/FinalProject/project_1/project_1_vitis/project_1_plat/zynq_fsbl/zynq_fsbl_bsp/system.mss
TRACE::2026-04-18.10:56:29::SCWMssOS::mss exists loading the mss file  C:/Users/kc10b/Vivado/ECE520L/FinalProject/project_1/project_1_vitis/project_1_plat/zynq_fsbl/zynq_fsbl_bsp/system.mss
TRACE::2026-04-18.10:56:29::SCWMssOS::Opened the sw design from mss  C:/Users/kc10b/Vivado/ECE520L/FinalProject/project_1/project_1_vitis/project_1_plat/zynq_fsbl/zynq_fsbl_bsp/system.mss
TRACE::2026-04-18.10:56:29::SCWMssOS::Adding the swdes entry C:/Users/kc10b/Vivado/ECE520L/FinalProject/project_1/project_1_vitis/project_1_plat/zynq_fsbl/zynq_fsbl_bsp/system.mss with des name system
TRACE::2026-04-18.10:56:29::SCWMssOS::updating the scw layer about changes
TRACE::2026-04-18.10:56:29::SCWMssOS::Opened the sw design.  C:/Users/kc10b/Vivado/ECE520L/FinalProject/project_1/project_1_vitis/project_1_plat/zynq_fsbl/zynq_fsbl_bsp/system.mss
TRACE::2026-04-18.10:56:29::SCWBDomain::Completed writing the mss file at C:/Users/kc10b/Vivado/ECE520L/FinalProject/project_1/project_1_vitis/project_1_plat/zynq_fsbl/zynq_fsbl_bsp
TRACE::2026-04-18.10:56:29::SCWBDomain::bsp generated is upto date with the mss file. Skipping bsp generation.
TRACE::2026-04-18.10:56:29::SCWBDomain::Not a forced makefile updation, No changes are present. 
TRACE::2026-04-18.10:56:29::SCWBDomain::System Command Ran  C:&  cd  C:/Users/kc10b/Vivado/ECE520L/FinalProject/project_1/project_1_vitis/project_1_plat/zynq_fsbl& make -C  zynq_fsbl_bsp & make 
TRACE::2026-04-18.10:56:29::SCWBDomain::make: Entering directory 'C:/Users/kc10b/Vivado/ECE520L/FinalProject/project_1/project_1_vitis/project_1_plat/zynq_fsbl/zynq_fs
TRACE::2026-04-18.10:56:29::SCWBDomain::bl_bsp'

TRACE::2026-04-18.10:56:29::SCWBDomain::make --no-print-directory seq_libs

TRACE::2026-04-18.10:56:29::SCWBDomain::"Running Make include in ps7_cortexa9_0/libsrc/coresightps_dcc_v1_8/src"

TRACE::2026-04-18.10:56:29::SCWBDomain::make -C ps7_cortexa9_0/libsrc/coresightps_dcc_v1_8/src -s include  "SHELL=CMD" "COMPILER=arm-none-eabi-gcc" "ASSEMBLER=arm-none
TRACE::2026-04-18.10:56:29::SCWBDomain::-eabi-as" "ARCHIVER=arm-none-eabi-ar" "COMPILER_FLAGS=  -O2 -c" "EXTRA_COMPILER_FLAGS=-mcpu=cortex-a9 -mfpu=vfpv3 -mfloat-abi=h
TRACE::2026-04-18.10:56:29::SCWBDomain::ard -nostartfiles -g -Wall -Wextra -fno-tree-loop-distribute-patterns"

TRACE::2026-04-18.10:56:30::SCWBDomain::"Running Make include in ps7_cortexa9_0/libsrc/cpu_cortexa9_v2_11/src"

TRACE::2026-04-18.10:56:30::SCWBDomain::make -C ps7_cortexa9_0/libsrc/cpu_cortexa9_v2_11/src -s include  "SHELL=CMD" "COMPILER=arm-none-eabi-gcc" "ASSEMBLER=arm-none-e
TRACE::2026-04-18.10:56:30::SCWBDomain::abi-as" "ARCHIVER=arm-none-eabi-ar" "COMPILER_FLAGS=  -O2 -c" "EXTRA_COMPILER_FLAGS=-mcpu=cortex-a9 -mfpu=vfpv3 -mfloat-abi=har
TRACE::2026-04-18.10:56:30::SCWBDomain::d -nostartfiles -g -Wall -Wextra -fno-tree-loop-distribute-patterns"

TRACE::2026-04-18.10:56:30::SCWBDomain::"Running Make include in ps7_cortexa9_0/libsrc/ddrps_v1_2/src"

TRACE::2026-04-18.10:56:30::SCWBDomain::make -C ps7_cortexa9_0/libsrc/ddrps_v1_2/src -s include  "SHELL=CMD" "COMPILER=arm-none-eabi-gcc" "ASSEMBLER=arm-none-eabi-as" 
TRACE::2026-04-18.10:56:30::SCWBDomain::"ARCHIVER=arm-none-eabi-ar" "COMPILER_FLAGS=  -O2 -c" "EXTRA_COMPILER_FLAGS=-mcpu=cortex-a9 -mfpu=vfpv3 -mfloat-abi=hard -nosta
TRACE::2026-04-18.10:56:30::SCWBDomain::rtfiles -g -Wall -Wextra -fno-tree-loop-distribute-patterns"

TRACE::2026-04-18.10:56:30::SCWBDomain::"Running Make include in ps7_cortexa9_0/libsrc/devcfg_v3_7/src"

TRACE::2026-04-18.10:56:30::SCWBDomain::make -C ps7_cortexa9_0/libsrc/devcfg_v3_7/src -s include  "SHELL=CMD" "COMPILER=arm-none-eabi-gcc" "ASSEMBLER=arm-none-eabi-as"
TRACE::2026-04-18.10:56:30::SCWBDomain:: "ARCHIVER=arm-none-eabi-ar" "COMPILER_FLAGS=  -O2 -c" "EXTRA_COMPILER_FLAGS=-mcpu=cortex-a9 -mfpu=vfpv3 -mfloat-abi=hard -nost
TRACE::2026-04-18.10:56:30::SCWBDomain::artfiles -g -Wall -Wextra -fno-tree-loop-distribute-patterns"

TRACE::2026-04-18.10:56:30::SCWBDomain::"Running Make include in ps7_cortexa9_0/libsrc/dmaps_v2_8/src"

TRACE::2026-04-18.10:56:30::SCWBDomain::make -C ps7_cortexa9_0/libsrc/dmaps_v2_8/src -s include  "SHELL=CMD" "COMPILER=arm-none-eabi-gcc" "ASSEMBLER=arm-none-eabi-as" 
TRACE::2026-04-18.10:56:30::SCWBDomain::"ARCHIVER=arm-none-eabi-ar" "COMPILER_FLAGS=  -O2 -c" "EXTRA_COMPILER_FLAGS=-mcpu=cortex-a9 -mfpu=vfpv3 -mfloat-abi=hard -nosta
TRACE::2026-04-18.10:56:30::SCWBDomain::rtfiles -g -Wall -Wextra -fno-tree-loop-distribute-patterns"

TRACE::2026-04-18.10:56:30::SCWBDomain::"Running Make include in ps7_cortexa9_0/libsrc/emacps_v3_18/src"

TRACE::2026-04-18.10:56:30::SCWBDomain::make -C ps7_cortexa9_0/libsrc/emacps_v3_18/src -s include  "SHELL=CMD" "COMPILER=arm-none-eabi-gcc" "ASSEMBLER=arm-none-eabi-as
TRACE::2026-04-18.10:56:30::SCWBDomain::" "ARCHIVER=arm-none-eabi-ar" "COMPILER_FLAGS=  -O2 -c" "EXTRA_COMPILER_FLAGS=-mcpu=cortex-a9 -mfpu=vfpv3 -mfloat-abi=hard -nos
TRACE::2026-04-18.10:56:30::SCWBDomain::tartfiles -g -Wall -Wextra -fno-tree-loop-distribute-patterns"

TRACE::2026-04-18.10:56:30::SCWBDomain::"Running Make include in ps7_cortexa9_0/libsrc/gpiops_v3_11/src"

TRACE::2026-04-18.10:56:30::SCWBDomain::make -C ps7_cortexa9_0/libsrc/gpiops_v3_11/src -s include  "SHELL=CMD" "COMPILER=arm-none-eabi-gcc" "ASSEMBLER=arm-none-eabi-as
TRACE::2026-04-18.10:56:30::SCWBDomain::" "ARCHIVER=arm-none-eabi-ar" "COMPILER_FLAGS=  -O2 -c" "EXTRA_COMPILER_FLAGS=-mcpu=cortex-a9 -mfpu=vfpv3 -mfloat-abi=hard -nos
TRACE::2026-04-18.10:56:30::SCWBDomain::tartfiles -g -Wall -Wextra -fno-tree-loop-distribute-patterns"

TRACE::2026-04-18.10:56:30::SCWBDomain::"Running Make include in ps7_cortexa9_0/libsrc/iicps_v3_17/src"

TRACE::2026-04-18.10:56:30::SCWBDomain::make -C ps7_cortexa9_0/libsrc/iicps_v3_17/src -s include  "SHELL=CMD" "COMPILER=arm-none-eabi-gcc" "ASSEMBLER=arm-none-eabi-as"
TRACE::2026-04-18.10:56:30::SCWBDomain:: "ARCHIVER=arm-none-eabi-ar" "COMPILER_FLAGS=  -O2 -c" "EXTRA_COMPILER_FLAGS=-mcpu=cortex-a9 -mfpu=vfpv3 -mfloat-abi=hard -nost
TRACE::2026-04-18.10:56:30::SCWBDomain::artfiles -g -Wall -Wextra -fno-tree-loop-distribute-patterns"

TRACE::2026-04-18.10:56:30::SCWBDomain::"Running Make include in ps7_cortexa9_0/libsrc/qspips_v3_10/src"

TRACE::2026-04-18.10:56:30::SCWBDomain::make -C ps7_cortexa9_0/libsrc/qspips_v3_10/src -s include  "SHELL=CMD" "COMPILER=arm-none-eabi-gcc" "ASSEMBLER=arm-none-eabi-as
TRACE::2026-04-18.10:56:30::SCWBDomain::" "ARCHIVER=arm-none-eabi-ar" "COMPILER_FLAGS=  -O2 -c" "EXTRA_COMPILER_FLAGS=-mcpu=cortex-a9 -mfpu=vfpv3 -mfloat-abi=hard -nos
TRACE::2026-04-18.10:56:30::SCWBDomain::tartfiles -g -Wall -Wextra -fno-tree-loop-distribute-patterns"

TRACE::2026-04-18.10:56:31::SCWBDomain::"Running Make include in ps7_cortexa9_0/libsrc/scugic_v5_1/src"

TRACE::2026-04-18.10:56:31::SCWBDomain::make -C ps7_cortexa9_0/libsrc/scugic_v5_1/src -s include  "SHELL=CMD" "COMPILER=arm-none-eabi-gcc" "ASSEMBLER=arm-none-eabi-as"
TRACE::2026-04-18.10:56:31::SCWBDomain:: "ARCHIVER=arm-none-eabi-ar" "COMPILER_FLAGS=  -O2 -c" "EXTRA_COMPILER_FLAGS=-mcpu=cortex-a9 -mfpu=vfpv3 -mfloat-abi=hard -nost
TRACE::2026-04-18.10:56:31::SCWBDomain::artfiles -g -Wall -Wextra -fno-tree-loop-distribute-patterns"

TRACE::2026-04-18.10:56:31::SCWBDomain::"Running Make include in ps7_cortexa9_0/libsrc/scutimer_v2_4/src"

TRACE::2026-04-18.10:56:31::SCWBDomain::make -C ps7_cortexa9_0/libsrc/scutimer_v2_4/src -s include  "SHELL=CMD" "COMPILER=arm-none-eabi-gcc" "ASSEMBLER=arm-none-eabi-a
TRACE::2026-04-18.10:56:31::SCWBDomain::s" "ARCHIVER=arm-none-eabi-ar" "COMPILER_FLAGS=  -O2 -c" "EXTRA_COMPILER_FLAGS=-mcpu=cortex-a9 -mfpu=vfpv3 -mfloat-abi=hard -no
TRACE::2026-04-18.10:56:31::SCWBDomain::startfiles -g -Wall -Wextra -fno-tree-loop-distribute-patterns"

TRACE::2026-04-18.10:56:31::SCWBDomain::"Running Make include in ps7_cortexa9_0/libsrc/scuwdt_v2_4/src"

TRACE::2026-04-18.10:56:31::SCWBDomain::make -C ps7_cortexa9_0/libsrc/scuwdt_v2_4/src -s include  "SHELL=CMD" "COMPILER=arm-none-eabi-gcc" "ASSEMBLER=arm-none-eabi-as"
TRACE::2026-04-18.10:56:31::SCWBDomain:: "ARCHIVER=arm-none-eabi-ar" "COMPILER_FLAGS=  -O2 -c" "EXTRA_COMPILER_FLAGS=-mcpu=cortex-a9 -mfpu=vfpv3 -mfloat-abi=hard -nost
TRACE::2026-04-18.10:56:31::SCWBDomain::artfiles -g -Wall -Wextra -fno-tree-loop-distribute-patterns"

TRACE::2026-04-18.10:56:31::SCWBDomain::"Running Make include in ps7_cortexa9_0/libsrc/sdps_v4_1/src"

TRACE::2026-04-18.10:56:31::SCWBDomain::make -C ps7_cortexa9_0/libsrc/sdps_v4_1/src -s include  "SHELL=CMD" "COMPILER=arm-none-eabi-gcc" "ASSEMBLER=arm-none-eabi-as" "
TRACE::2026-04-18.10:56:31::SCWBDomain::ARCHIVER=arm-none-eabi-ar" "COMPILER_FLAGS=  -O2 -c" "EXTRA_COMPILER_FLAGS=-mcpu=cortex-a9 -mfpu=vfpv3 -mfloat-abi=hard -nostar
TRACE::2026-04-18.10:56:31::SCWBDomain::tfiles -g -Wall -Wextra -fno-tree-loop-distribute-patterns"

TRACE::2026-04-18.10:56:31::SCWBDomain::"Running Make include in ps7_cortexa9_0/libsrc/standalone_v8_1/src"

TRACE::2026-04-18.10:56:31::SCWBDomain::make -C ps7_cortexa9_0/libsrc/standalone_v8_1/src -s include  "SHELL=CMD" "COMPILER=arm-none-eabi-gcc" "ASSEMBLER=arm-none-eabi
TRACE::2026-04-18.10:56:31::SCWBDomain::-as" "ARCHIVER=arm-none-eabi-ar" "COMPILER_FLAGS=  -O2 -c" "EXTRA_COMPILER_FLAGS=-mcpu=cortex-a9 -mfpu=vfpv3 -mfloat-abi=hard -
TRACE::2026-04-18.10:56:31::SCWBDomain::nostartfiles -g -Wall -Wextra -fno-tree-loop-distribute-patterns"

TRACE::2026-04-18.10:56:33::SCWBDomain::"Running Make include in ps7_cortexa9_0/libsrc/uartps_v3_12/src"

TRACE::2026-04-18.10:56:33::SCWBDomain::make -C ps7_cortexa9_0/libsrc/uartps_v3_12/src -s include  "SHELL=CMD" "COMPILER=arm-none-eabi-gcc" "ASSEMBLER=arm-none-eabi-as
TRACE::2026-04-18.10:56:33::SCWBDomain::" "ARCHIVER=arm-none-eabi-ar" "COMPILER_FLAGS=  -O2 -c" "EXTRA_COMPILER_FLAGS=-mcpu=cortex-a9 -mfpu=vfpv3 -mfloat-abi=hard -nos
TRACE::2026-04-18.10:56:33::SCWBDomain::tartfiles -g -Wall -Wextra -fno-tree-loop-distribute-patterns"

TRACE::2026-04-18.10:56:33::SCWBDomain::"Running Make include in ps7_cortexa9_0/libsrc/usbps_v2_7/src"

TRACE::2026-04-18.10:56:33::SCWBDomain::make -C ps7_cortexa9_0/libsrc/usbps_v2_7/src -s include  "SHELL=CMD" "COMPILER=arm-none-eabi-gcc" "ASSEMBLER=arm-none-eabi-as" 
TRACE::2026-04-18.10:56:33::SCWBDomain::"ARCHIVER=arm-none-eabi-ar" "COMPILER_FLAGS=  -O2 -c" "EXTRA_COMPILER_FLAGS=-mcpu=cortex-a9 -mfpu=vfpv3 -mfloat-abi=hard -nosta
TRACE::2026-04-18.10:56:33::SCWBDomain::rtfiles -g -Wall -Wextra -fno-tree-loop-distribute-patterns"

TRACE::2026-04-18.10:56:33::SCWBDomain::"Running Make include in ps7_cortexa9_0/libsrc/xadcps_v2_6/src"

TRACE::2026-04-18.10:56:33::SCWBDomain::make -C ps7_cortexa9_0/libsrc/xadcps_v2_6/src -s include  "SHELL=CMD" "COMPILER=arm-none-eabi-gcc" "ASSEMBLER=arm-none-eabi-as"
TRACE::2026-04-18.10:56:33::SCWBDomain:: "ARCHIVER=arm-none-eabi-ar" "COMPILER_FLAGS=  -O2 -c" "EXTRA_COMPILER_FLAGS=-mcpu=cortex-a9 -mfpu=vfpv3 -mfloat-abi=hard -nost
TRACE::2026-04-18.10:56:33::SCWBDomain::artfiles -g -Wall -Wextra -fno-tree-loop-distribute-patterns"

TRACE::2026-04-18.10:56:33::SCWBDomain::"Running Make include in ps7_cortexa9_0/libsrc/xilffs_v5_0/src"

TRACE::2026-04-18.10:56:33::SCWBDomain::make -C ps7_cortexa9_0/libsrc/xilffs_v5_0/src -s include  "SHELL=CMD" "COMPILER=arm-none-eabi-gcc" "ASSEMBLER=arm-none-eabi-as"
TRACE::2026-04-18.10:56:33::SCWBDomain:: "ARCHIVER=arm-none-eabi-ar" "COMPILER_FLAGS=  -O2 -c" "EXTRA_COMPILER_FLAGS=-mcpu=cortex-a9 -mfpu=vfpv3 -mfloat-abi=hard -nost
TRACE::2026-04-18.10:56:33::SCWBDomain::artfiles -g -Wall -Wextra -fno-tree-loop-distribute-patterns"

TRACE::2026-04-18.10:56:33::SCWBDomain::"Running Make include in ps7_cortexa9_0/libsrc/xilrsa_v1_6/src"

TRACE::2026-04-18.10:56:33::SCWBDomain::make -C ps7_cortexa9_0/libsrc/xilrsa_v1_6/src -s include  "SHELL=CMD" "COMPILER=arm-none-eabi-gcc" "ASSEMBLER=arm-none-eabi-as"
TRACE::2026-04-18.10:56:33::SCWBDomain:: "ARCHIVER=arm-none-eabi-ar" "COMPILER_FLAGS=  -O2 -c" "EXTRA_COMPILER_FLAGS=-mcpu=cortex-a9 -mfpu=vfpv3 -mfloat-abi=hard -nost
TRACE::2026-04-18.10:56:33::SCWBDomain::artfiles -g -Wall -Wextra -fno-tree-loop-distribute-patterns"

TRACE::2026-04-18.10:56:33::SCWBDomain::"Running Make libs in ps7_cortexa9_0/libsrc/xilrsa_v1_6/src"

TRACE::2026-04-18.10:56:33::SCWBDomain::make -C ps7_cortexa9_0/libsrc/xilrsa_v1_6/src -s libs  "SHELL=CMD" "COMPILER=arm-none-eabi-gcc" "ASSEMBLER=arm-none-eabi-as" "A
TRACE::2026-04-18.10:56:33::SCWBDomain::RCHIVER=arm-none-eabi-ar" "COMPILER_FLAGS=  -O2 -c" "EXTRA_COMPILER_FLAGS=-mcpu=cortex-a9 -mfpu=vfpv3 -mfloat-abi=hard -nostart
TRACE::2026-04-18.10:56:33::SCWBDomain::files -g -Wall -Wextra -fno-tree-loop-distribute-patterns"

TRACE::2026-04-18.10:56:34::SCWBDomain::'Finished building libraries sequentially.'

TRACE::2026-04-18.10:56:34::SCWBDomain::make -j 14 --no-print-directory par_libs

TRACE::2026-04-18.10:56:34::SCWBDomain::"Running Make include in ps7_cortexa9_0/libsrc/coresightps_dcc_v1_8/src"

TRACE::2026-04-18.10:56:34::SCWBDomain::make -C ps7_cortexa9_0/libsrc/coresightps_dcc_v1_8/src -s include  "SHELL=CMD" "COMPILER=arm-none-eabi-gcc" "ASSEMBLER=arm-none
TRACE::2026-04-18.10:56:34::SCWBDomain::-eabi-as" "ARCHIVER=arm-none-eabi-ar" "COMPILER_FLAGS=  -O2 -c" "EXTRA_COMPILER_FLAGS=-mcpu=cortex-a9 -mfpu=vfpv3 -mfloat-abi=h
TRACE::2026-04-18.10:56:34::SCWBDomain::ard -nostartfiles -g -Wall -Wextra -fno-tree-loop-distribute-patterns"

TRACE::2026-04-18.10:56:34::SCWBDomain::"Running Make include in ps7_cortexa9_0/libsrc/cpu_cortexa9_v2_11/src"

TRACE::2026-04-18.10:56:34::SCWBDomain::make -C ps7_cortexa9_0/libsrc/cpu_cortexa9_v2_11/src -s include  "SHELL=CMD" "COMPILER=arm-none-eabi-gcc" "ASSEMBLER=arm-none-e
TRACE::2026-04-18.10:56:34::SCWBDomain::abi-as" "ARCHIVER=arm-none-eabi-ar" "COMPILER_FLAGS=  -O2 -c" "EXTRA_COMPILER_FLAGS=-mcpu=cortex-a9 -mfpu=vfpv3 -mfloat-abi=har
TRACE::2026-04-18.10:56:34::SCWBDomain::d -nostartfiles -g -Wall -Wextra -fno-tree-loop-distribute-patterns"

TRACE::2026-04-18.10:56:34::SCWBDomain::"Running Make include in ps7_cortexa9_0/libsrc/ddrps_v1_2/src"

TRACE::2026-04-18.10:56:34::SCWBDomain::make -C ps7_cortexa9_0/libsrc/ddrps_v1_2/src -s include  "SHELL=CMD" "COMPILER=arm-none-eabi-gcc" "ASSEMBLER=arm-none-eabi-as" 
TRACE::2026-04-18.10:56:34::SCWBDomain::"ARCHIVER=arm-none-eabi-ar" "COMPILER_FLAGS=  -O2 -c" "EXTRA_COMPILER_FLAGS=-mcpu=cortex-a9 -mfpu=vfpv3 -mfloat-abi=hard -nosta
TRACE::2026-04-18.10:56:34::SCWBDomain::rtfiles -g -Wall -Wextra -fno-tree-loop-distribute-patterns"

TRACE::2026-04-18.10:56:34::SCWBDomain::"Running Make include in ps7_cortexa9_0/libsrc/devcfg_v3_7/src"

TRACE::2026-04-18.10:56:34::SCWBDomain::make -C ps7_cortexa9_0/libsrc/devcfg_v3_7/src -s include  "SHELL=CMD" "COMPILER=arm-none-eabi-gcc" "ASSEMBLER=arm-none-eabi-as"
TRACE::2026-04-18.10:56:34::SCWBDomain:: "ARCHIVER=arm-none-eabi-ar" "COMPILER_FLAGS=  -O2 -c" "EXTRA_COMPILER_FLAGS=-mcpu=cortex-a9 -mfpu=vfpv3 -mfloat-abi=hard -nost
TRACE::2026-04-18.10:56:34::SCWBDomain::artfiles -g -Wall -Wextra -fno-tree-loop-distribute-patterns"

TRACE::2026-04-18.10:56:34::SCWBDomain::"Running Make include in ps7_cortexa9_0/libsrc/dmaps_v2_8/src"

TRACE::2026-04-18.10:56:34::SCWBDomain::make -C ps7_cortexa9_0/libsrc/dmaps_v2_8/src -s include  "SHELL=CMD" "COMPILER=arm-none-eabi-gcc" "ASSEMBLER=arm-none-eabi-as" 
TRACE::2026-04-18.10:56:34::SCWBDomain::"ARCHIVER=arm-none-eabi-ar" "COMPILER_FLAGS=  -O2 -c" "EXTRA_COMPILER_FLAGS=-mcpu=cortex-a9 -mfpu=vfpv3 -mfloat-abi=hard -nosta
TRACE::2026-04-18.10:56:34::SCWBDomain::rtfiles -g -Wall -Wextra -fno-tree-loop-distribute-patterns"

TRACE::2026-04-18.10:56:34::SCWBDomain::"Running Make include in ps7_cortexa9_0/libsrc/emacps_v3_18/src"

TRACE::2026-04-18.10:56:34::SCWBDomain::make -C ps7_cortexa9_0/libsrc/emacps_v3_18/src -s include  "SHELL=CMD" "COMPILER=arm-none-eabi-gcc" "ASSEMBLER=arm-none-eabi-as
TRACE::2026-04-18.10:56:34::SCWBDomain::" "ARCHIVER=arm-none-eabi-ar" "COMPILER_FLAGS=  -O2 -c" "EXTRA_COMPILER_FLAGS=-mcpu=cortex-a9 -mfpu=vfpv3 -mfloat-abi=hard -nos
TRACE::2026-04-18.10:56:34::SCWBDomain::tartfiles -g -Wall -Wextra -fno-tree-loop-distribute-patterns"

TRACE::2026-04-18.10:56:34::SCWBDomain::"Running Make include in ps7_cortexa9_0/libsrc/gpiops_v3_11/src"

TRACE::2026-04-18.10:56:34::SCWBDomain::make -C ps7_cortexa9_0/libsrc/gpiops_v3_11/src -s include  "SHELL=CMD" "COMPILER=arm-none-eabi-gcc" "ASSEMBLER=arm-none-eabi-as
TRACE::2026-04-18.10:56:34::SCWBDomain::" "ARCHIVER=arm-none-eabi-ar" "COMPILER_FLAGS=  -O2 -c" "EXTRA_COMPILER_FLAGS=-mcpu=cortex-a9 -mfpu=vfpv3 -mfloat-abi=hard -nos
TRACE::2026-04-18.10:56:34::SCWBDomain::tartfiles -g -Wall -Wextra -fno-tree-loop-distribute-patterns"

TRACE::2026-04-18.10:56:34::SCWBDomain::"Running Make include in ps7_cortexa9_0/libsrc/iicps_v3_17/src"

TRACE::2026-04-18.10:56:34::SCWBDomain::make -C ps7_cortexa9_0/libsrc/iicps_v3_17/src -s include  "SHELL=CMD" "COMPILER=arm-none-eabi-gcc" "ASSEMBLER=arm-none-eabi-as"
TRACE::2026-04-18.10:56:34::SCWBDomain:: "ARCHIVER=arm-none-eabi-ar" "COMPILER_FLAGS=  -O2 -c" "EXTRA_COMPILER_FLAGS=-mcpu=cortex-a9 -mfpu=vfpv3 -mfloat-abi=hard -nost
TRACE::2026-04-18.10:56:34::SCWBDomain::artfiles -g -Wall -Wextra -fno-tree-loop-distribute-patterns"

TRACE::2026-04-18.10:56:34::SCWBDomain::"Running Make include in ps7_cortexa9_0/libsrc/qspips_v3_10/src"

TRACE::2026-04-18.10:56:34::SCWBDomain::make -C ps7_cortexa9_0/libsrc/qspips_v3_10/src -s include  "SHELL=CMD" "COMPILER=arm-none-eabi-gcc" "ASSEMBLER=arm-none-eabi-as
TRACE::2026-04-18.10:56:34::SCWBDomain::" "ARCHIVER=arm-none-eabi-ar" "COMPILER_FLAGS=  -O2 -c" "EXTRA_COMPILER_FLAGS=-mcpu=cortex-a9 -mfpu=vfpv3 -mfloat-abi=hard -nos
TRACE::2026-04-18.10:56:34::SCWBDomain::tartfiles -g -Wall -Wextra -fno-tree-loop-distribute-patterns"

TRACE::2026-04-18.10:56:34::SCWBDomain::"Running Make include in ps7_cortexa9_0/libsrc/scugic_v5_1/src"

TRACE::2026-04-18.10:56:34::SCWBDomain::make -C ps7_cortexa9_0/libsrc/scugic_v5_1/src -s include  "SHELL=CMD" "COMPILER=arm-none-eabi-gcc" "ASSEMBLER=arm-none-eabi-as"
TRACE::2026-04-18.10:56:34::SCWBDomain:: "ARCHIVER=arm-none-eabi-ar" "COMPILER_FLAGS=  -O2 -c" "EXTRA_COMPILER_FLAGS=-mcpu=cortex-a9 -mfpu=vfpv3 -mfloat-abi=hard -nost
TRACE::2026-04-18.10:56:34::SCWBDomain::artfiles -g -Wall -Wextra -fno-tree-loop-distribute-patterns"

TRACE::2026-04-18.10:56:34::SCWBDomain::"Running Make include in ps7_cortexa9_0/libsrc/scutimer_v2_4/src"

TRACE::2026-04-18.10:56:34::SCWBDomain::make -C ps7_cortexa9_0/libsrc/scutimer_v2_4/src -s include  "SHELL=CMD" "COMPILER=arm-none-eabi-gcc" "ASSEMBLER=arm-none-eabi-a
TRACE::2026-04-18.10:56:34::SCWBDomain::s" "ARCHIVER=arm-none-eabi-ar" "COMPILER_FLAGS=  -O2 -c" "EXTRA_COMPILER_FLAGS=-mcpu=cortex-a9 -mfpu=vfpv3 -mfloat-abi=hard -no
TRACE::2026-04-18.10:56:34::SCWBDomain::startfiles -g -Wall -Wextra -fno-tree-loop-distribute-patterns"

TRACE::2026-04-18.10:56:34::SCWBDomain::"Running Make include in ps7_cortexa9_0/libsrc/scuwdt_v2_4/src"

TRACE::2026-04-18.10:56:34::SCWBDomain::make -C ps7_cortexa9_0/libsrc/scuwdt_v2_4/src -s include  "SHELL=CMD" "COMPILER=arm-none-eabi-gcc" "ASSEMBLER=arm-none-eabi-as"
TRACE::2026-04-18.10:56:34::SCWBDomain:: "ARCHIVER=arm-none-eabi-ar" "COMPILER_FLAGS=  -O2 -c" "EXTRA_COMPILER_FLAGS=-mcpu=cortex-a9 -mfpu=vfpv3 -mfloat-abi=hard -nost
TRACE::2026-04-18.10:56:34::SCWBDomain::artfiles -g -Wall -Wextra -fno-tree-loop-distribute-patterns"

TRACE::2026-04-18.10:56:34::SCWBDomain::"Running Make include in ps7_cortexa9_0/libsrc/sdps_v4_1/src"

TRACE::2026-04-18.10:56:34::SCWBDomain::make -C ps7_cortexa9_0/libsrc/sdps_v4_1/src -s include  "SHELL=CMD" "COMPILER=arm-none-eabi-gcc" "ASSEMBLER=arm-none-eabi-as" "
TRACE::2026-04-18.10:56:34::SCWBDomain::ARCHIVER=arm-none-eabi-ar" "COMPILER_FLAGS=  -O2 -c" "EXTRA_COMPILER_FLAGS=-mcpu=cortex-a9 -mfpu=vfpv3 -mfloat-abi=hard -nostar
TRACE::2026-04-18.10:56:34::SCWBDomain::tfiles -g -Wall -Wextra -fno-tree-loop-distribute-patterns"

TRACE::2026-04-18.10:56:34::SCWBDomain::"Running Make include in ps7_cortexa9_0/libsrc/standalone_v8_1/src"

TRACE::2026-04-18.10:56:34::SCWBDomain::make -C ps7_cortexa9_0/libsrc/standalone_v8_1/src -s include  "SHELL=CMD" "COMPILER=arm-none-eabi-gcc" "ASSEMBLER=arm-none-eabi
TRACE::2026-04-18.10:56:34::SCWBDomain::-as" "ARCHIVER=arm-none-eabi-ar" "COMPILER_FLAGS=  -O2 -c" "EXTRA_COMPILER_FLAGS=-mcpu=cortex-a9 -mfpu=vfpv3 -mfloat-abi=hard -
TRACE::2026-04-18.10:56:34::SCWBDomain::nostartfiles -g -Wall -Wextra -fno-tree-loop-distribute-patterns"

TRACE::2026-04-18.10:56:35::SCWBDomain::"Running Make include in ps7_cortexa9_0/libsrc/uartps_v3_12/src"

TRACE::2026-04-18.10:56:35::SCWBDomain::make -C ps7_cortexa9_0/libsrc/uartps_v3_12/src -s include  "SHELL=CMD" "COMPILER=arm-none-eabi-gcc" "ASSEMBLER=arm-none-eabi-as
TRACE::2026-04-18.10:56:35::SCWBDomain::" "ARCHIVER=arm-none-eabi-ar" "COMPILER_FLAGS=  -O2 -c" "EXTRA_COMPILER_FLAGS=-mcpu=cortex-a9 -mfpu=vfpv3 -mfloat-abi=hard -nos
TRACE::2026-04-18.10:56:35::SCWBDomain::tartfiles -g -Wall -Wextra -fno-tree-loop-distribute-patterns"

TRACE::2026-04-18.10:56:35::SCWBDomain::"Running Make include in ps7_cortexa9_0/libsrc/usbps_v2_7/src"

TRACE::2026-04-18.10:56:35::SCWBDomain::make -C ps7_cortexa9_0/libsrc/usbps_v2_7/src -s include  "SHELL=CMD" "COMPILER=arm-none-eabi-gcc" "ASSEMBLER=arm-none-eabi-as" 
TRACE::2026-04-18.10:56:35::SCWBDomain::"ARCHIVER=arm-none-eabi-ar" "COMPILER_FLAGS=  -O2 -c" "EXTRA_COMPILER_FLAGS=-mcpu=cortex-a9 -mfpu=vfpv3 -mfloat-abi=hard -nosta
TRACE::2026-04-18.10:56:35::SCWBDomain::rtfiles -g -Wall -Wextra -fno-tree-loop-distribute-patterns"

TRACE::2026-04-18.10:56:35::SCWBDomain::"Running Make include in ps7_cortexa9_0/libsrc/xadcps_v2_6/src"

TRACE::2026-04-18.10:56:35::SCWBDomain::make -C ps7_cortexa9_0/libsrc/xadcps_v2_6/src -s include  "SHELL=CMD" "COMPILER=arm-none-eabi-gcc" "ASSEMBLER=arm-none-eabi-as"
TRACE::2026-04-18.10:56:35::SCWBDomain:: "ARCHIVER=arm-none-eabi-ar" "COMPILER_FLAGS=  -O2 -c" "EXTRA_COMPILER_FLAGS=-mcpu=cortex-a9 -mfpu=vfpv3 -mfloat-abi=hard -nost
TRACE::2026-04-18.10:56:35::SCWBDomain::artfiles -g -Wall -Wextra -fno-tree-loop-distribute-patterns"

TRACE::2026-04-18.10:56:35::SCWBDomain::"Running Make include in ps7_cortexa9_0/libsrc/xilffs_v5_0/src"

TRACE::2026-04-18.10:56:35::SCWBDomain::make -C ps7_cortexa9_0/libsrc/xilffs_v5_0/src -s include  "SHELL=CMD" "COMPILER=arm-none-eabi-gcc" "ASSEMBLER=arm-none-eabi-as"
TRACE::2026-04-18.10:56:35::SCWBDomain:: "ARCHIVER=arm-none-eabi-ar" "COMPILER_FLAGS=  -O2 -c" "EXTRA_COMPILER_FLAGS=-mcpu=cortex-a9 -mfpu=vfpv3 -mfloat-abi=hard -nost
TRACE::2026-04-18.10:56:35::SCWBDomain::artfiles -g -Wall -Wextra -fno-tree-loop-distribute-patterns"

TRACE::2026-04-18.10:56:35::SCWBDomain::"Running Make include in ps7_cortexa9_0/libsrc/xilrsa_v1_6/src"

TRACE::2026-04-18.10:56:35::SCWBDomain::make -C ps7_cortexa9_0/libsrc/xilrsa_v1_6/src -s include  "SHELL=CMD" "COMPILER=arm-none-eabi-gcc" "ASSEMBLER=arm-none-eabi-as"
TRACE::2026-04-18.10:56:35::SCWBDomain:: "ARCHIVER=arm-none-eabi-ar" "COMPILER_FLAGS=  -O2 -c" "EXTRA_COMPILER_FLAGS=-mcpu=cortex-a9 -mfpu=vfpv3 -mfloat-abi=hard -nost
TRACE::2026-04-18.10:56:35::SCWBDomain::artfiles -g -Wall -Wextra -fno-tree-loop-distribute-patterns"

TRACE::2026-04-18.10:56:35::SCWBDomain::"Running Make libs in ps7_cortexa9_0/libsrc/coresightps_dcc_v1_8/src"

TRACE::2026-04-18.10:56:35::SCWBDomain::make -C ps7_cortexa9_0/libsrc/coresightps_dcc_v1_8/src -s libs  "SHELL=CMD" "COMPILER=arm-none-eabi-gcc" "ASSEMBLER=arm-none-ea
TRACE::2026-04-18.10:56:35::SCWBDomain::bi-as" "ARCHIVER=arm-none-eabi-ar" "COMPILER_FLAGS=  -O2 -c" "EXTRA_COMPILER_FLAGS=-mcpu=cortex-a9 -mfpu=vfpv3 -mfloat-abi=hard
TRACE::2026-04-18.10:56:35::SCWBDomain:: -nostartfiles -g -Wall -Wextra -fno-tree-loop-distribute-patterns"

TRACE::2026-04-18.10:56:35::SCWBDomain::"Running Make libs in ps7_cortexa9_0/libsrc/cpu_cortexa9_v2_11/src"

TRACE::2026-04-18.10:56:35::SCWBDomain::make -C ps7_cortexa9_0/libsrc/cpu_cortexa9_v2_11/src -s libs  "SHELL=CMD" "COMPILER=arm-none-eabi-gcc" "ASSEMBLER=arm-none-eabi
TRACE::2026-04-18.10:56:35::SCWBDomain::-as" "ARCHIVER=arm-none-eabi-ar" "COMPILER_FLAGS=  -O2 -c" "EXTRA_COMPILER_FLAGS=-mcpu=cortex-a9 -mfpu=vfpv3 -mfloat-abi=hard -
TRACE::2026-04-18.10:56:35::SCWBDomain::nostartfiles -g -Wall -Wextra -fno-tree-loop-distribute-patterns"

TRACE::2026-04-18.10:56:35::SCWBDomain::"Running Make libs in ps7_cortexa9_0/libsrc/ddrps_v1_2/src"

TRACE::2026-04-18.10:56:35::SCWBDomain::make -C ps7_cortexa9_0/libsrc/ddrps_v1_2/src -s libs  "SHELL=CMD" "COMPILER=arm-none-eabi-gcc" "ASSEMBLER=arm-none-eabi-as" "AR
TRACE::2026-04-18.10:56:35::SCWBDomain::CHIVER=arm-none-eabi-ar" "COMPILER_FLAGS=  -O2 -c" "EXTRA_COMPILER_FLAGS=-mcpu=cortex-a9 -mfpu=vfpv3 -mfloat-abi=hard -nostartf
TRACE::2026-04-18.10:56:35::SCWBDomain::iles -g -Wall -Wextra -fno-tree-loop-distribute-patterns"

TRACE::2026-04-18.10:56:35::SCWBDomain::"Running Make libs in ps7_cortexa9_0/libsrc/devcfg_v3_7/src"

TRACE::2026-04-18.10:56:35::SCWBDomain::make -C ps7_cortexa9_0/libsrc/devcfg_v3_7/src -s libs  "SHELL=CMD" "COMPILER=arm-none-eabi-gcc" "ASSEMBLER=arm-none-eabi-as" "A
TRACE::2026-04-18.10:56:35::SCWBDomain::RCHIVER=arm-none-eabi-ar" "COMPILER_FLAGS=  -O2 -c" "EXTRA_COMPILER_FLAGS=-mcpu=cortex-a9 -mfpu=vfpv3 -mfloat-abi=hard -nostart
TRACE::2026-04-18.10:56:35::SCWBDomain::files -g -Wall -Wextra -fno-tree-loop-distribute-patterns"

TRACE::2026-04-18.10:56:35::SCWBDomain::"Running Make libs in ps7_cortexa9_0/libsrc/dmaps_v2_8/src"

TRACE::2026-04-18.10:56:35::SCWBDomain::make -C ps7_cortexa9_0/libsrc/dmaps_v2_8/src -s libs  "SHELL=CMD" "COMPILER=arm-none-eabi-gcc" "ASSEMBLER=arm-none-eabi-as" "AR
TRACE::2026-04-18.10:56:35::SCWBDomain::CHIVER=arm-none-eabi-ar" "COMPILER_FLAGS=  -O2 -c" "EXTRA_COMPILER_FLAGS=-mcpu=cortex-a9 -mfpu=vfpv3 -mfloat-abi=hard -nostartf
TRACE::2026-04-18.10:56:35::SCWBDomain::iles -g -Wall -Wextra -fno-tree-loop-distribute-patterns"

TRACE::2026-04-18.10:56:35::SCWBDomain::"Running Make libs in ps7_cortexa9_0/libsrc/emacps_v3_18/src"

TRACE::2026-04-18.10:56:35::SCWBDomain::make -C ps7_cortexa9_0/libsrc/emacps_v3_18/src -s libs  "SHELL=CMD" "COMPILER=arm-none-eabi-gcc" "ASSEMBLER=arm-none-eabi-as" "
TRACE::2026-04-18.10:56:35::SCWBDomain::ARCHIVER=arm-none-eabi-ar" "COMPILER_FLAGS=  -O2 -c" "EXTRA_COMPILER_FLAGS=-mcpu=cortex-a9 -mfpu=vfpv3 -mfloat-abi=hard -nostar
TRACE::2026-04-18.10:56:35::SCWBDomain::tfiles -g -Wall -Wextra -fno-tree-loop-distribute-patterns"

TRACE::2026-04-18.10:56:35::SCWBDomain::"Running Make libs in ps7_cortexa9_0/libsrc/gpiops_v3_11/src"

TRACE::2026-04-18.10:56:35::SCWBDomain::make -C ps7_cortexa9_0/libsrc/gpiops_v3_11/src -s libs  "SHELL=CMD" "COMPILER=arm-none-eabi-gcc" "ASSEMBLER=arm-none-eabi-as" "
TRACE::2026-04-18.10:56:35::SCWBDomain::ARCHIVER=arm-none-eabi-ar" "COMPILER_FLAGS=  -O2 -c" "EXTRA_COMPILER_FLAGS=-mcpu=cortex-a9 -mfpu=vfpv3 -mfloat-abi=hard -nostar
TRACE::2026-04-18.10:56:35::SCWBDomain::tfiles -g -Wall -Wextra -fno-tree-loop-distribute-patterns"

TRACE::2026-04-18.10:56:35::SCWBDomain::"Running Make libs in ps7_cortexa9_0/libsrc/iicps_v3_17/src"

TRACE::2026-04-18.10:56:35::SCWBDomain::make -C ps7_cortexa9_0/libsrc/iicps_v3_17/src -s libs  "SHELL=CMD" "COMPILER=arm-none-eabi-gcc" "ASSEMBLER=arm-none-eabi-as" "A
TRACE::2026-04-18.10:56:35::SCWBDomain::RCHIVER=arm-none-eabi-ar" "COMPILER_FLAGS=  -O2 -c" "EXTRA_COMPILER_FLAGS=-mcpu=cortex-a9 -mfpu=vfpv3 -mfloat-abi=hard -nostart
TRACE::2026-04-18.10:56:35::SCWBDomain::files -g -Wall -Wextra -fno-tree-loop-distribute-patterns"

TRACE::2026-04-18.10:56:36::SCWBDomain::"Running Make libs in ps7_cortexa9_0/libsrc/qspips_v3_10/src"

TRACE::2026-04-18.10:56:36::SCWBDomain::make -C ps7_cortexa9_0/libsrc/qspips_v3_10/src -s libs  "SHELL=CMD" "COMPILER=arm-none-eabi-gcc" "ASSEMBLER=arm-none-eabi-as" "
TRACE::2026-04-18.10:56:36::SCWBDomain::ARCHIVER=arm-none-eabi-ar" "COMPILER_FLAGS=  -O2 -c" "EXTRA_COMPILER_FLAGS=-mcpu=cortex-a9 -mfpu=vfpv3 -mfloat-abi=hard -nostar
TRACE::2026-04-18.10:56:36::SCWBDomain::tfiles -g -Wall -Wextra -fno-tree-loop-distribute-patterns"

TRACE::2026-04-18.10:56:36::SCWBDomain::"Running Make libs in ps7_cortexa9_0/libsrc/scugic_v5_1/src"

TRACE::2026-04-18.10:56:36::SCWBDomain::make -C ps7_cortexa9_0/libsrc/scugic_v5_1/src -s libs  "SHELL=CMD" "COMPILER=arm-none-eabi-gcc" "ASSEMBLER=arm-none-eabi-as" "A
TRACE::2026-04-18.10:56:36::SCWBDomain::RCHIVER=arm-none-eabi-ar" "COMPILER_FLAGS=  -O2 -c" "EXTRA_COMPILER_FLAGS=-mcpu=cortex-a9 -mfpu=vfpv3 -mfloat-abi=hard -nostart
TRACE::2026-04-18.10:56:36::SCWBDomain::files -g -Wall -Wextra -fno-tree-loop-distribute-patterns"

TRACE::2026-04-18.10:56:36::SCWBDomain::"Running Make libs in ps7_cortexa9_0/libsrc/scutimer_v2_4/src"

TRACE::2026-04-18.10:56:36::SCWBDomain::make -C ps7_cortexa9_0/libsrc/scutimer_v2_4/src -s libs  "SHELL=CMD" "COMPILER=arm-none-eabi-gcc" "ASSEMBLER=arm-none-eabi-as" 
TRACE::2026-04-18.10:56:36::SCWBDomain::"ARCHIVER=arm-none-eabi-ar" "COMPILER_FLAGS=  -O2 -c" "EXTRA_COMPILER_FLAGS=-mcpu=cortex-a9 -mfpu=vfpv3 -mfloat-abi=hard -nosta
TRACE::2026-04-18.10:56:36::SCWBDomain::rtfiles -g -Wall -Wextra -fno-tree-loop-distribute-patterns"

TRACE::2026-04-18.10:56:36::SCWBDomain::"Running Make libs in ps7_cortexa9_0/libsrc/scuwdt_v2_4/src"

TRACE::2026-04-18.10:56:36::SCWBDomain::make -C ps7_cortexa9_0/libsrc/scuwdt_v2_4/src -s libs  "SHELL=CMD" "COMPILER=arm-none-eabi-gcc" "ASSEMBLER=arm-none-eabi-as" "A
TRACE::2026-04-18.10:56:36::SCWBDomain::RCHIVER=arm-none-eabi-ar" "COMPILER_FLAGS=  -O2 -c" "EXTRA_COMPILER_FLAGS=-mcpu=cortex-a9 -mfpu=vfpv3 -mfloat-abi=hard -nostart
TRACE::2026-04-18.10:56:36::SCWBDomain::files -g -Wall -Wextra -fno-tree-loop-distribute-patterns"

TRACE::2026-04-18.10:56:36::SCWBDomain::"Running Make libs in ps7_cortexa9_0/libsrc/sdps_v4_1/src"

TRACE::2026-04-18.10:56:36::SCWBDomain::make -C ps7_cortexa9_0/libsrc/sdps_v4_1/src -s libs  "SHELL=CMD" "COMPILER=arm-none-eabi-gcc" "ASSEMBLER=arm-none-eabi-as" "ARC
TRACE::2026-04-18.10:56:36::SCWBDomain::HIVER=arm-none-eabi-ar" "COMPILER_FLAGS=  -O2 -c" "EXTRA_COMPILER_FLAGS=-mcpu=cortex-a9 -mfpu=vfpv3 -mfloat-abi=hard -nostartfi
TRACE::2026-04-18.10:56:36::SCWBDomain::les -g -Wall -Wextra -fno-tree-loop-distribute-patterns"

TRACE::2026-04-18.10:56:37::SCWBDomain::"Running Make libs in ps7_cortexa9_0/libsrc/standalone_v8_1/src"

TRACE::2026-04-18.10:56:37::SCWBDomain::make -C ps7_cortexa9_0/libsrc/standalone_v8_1/src -s libs  "SHELL=CMD" "COMPILER=arm-none-eabi-gcc" "ASSEMBLER=arm-none-eabi-as
TRACE::2026-04-18.10:56:37::SCWBDomain::" "ARCHIVER=arm-none-eabi-ar" "COMPILER_FLAGS=  -O2 -c" "EXTRA_COMPILER_FLAGS=-mcpu=cortex-a9 -mfpu=vfpv3 -mfloat-abi=hard -nos
TRACE::2026-04-18.10:56:37::SCWBDomain::tartfiles -g -Wall -Wextra -fno-tree-loop-distribute-patterns"

TRACE::2026-04-18.10:56:37::SCWBDomain::"Running Make libs in ps7_cortexa9_0/libsrc/uartps_v3_12/src"

TRACE::2026-04-18.10:56:37::SCWBDomain::make -C ps7_cortexa9_0/libsrc/uartps_v3_12/src -s libs  "SHELL=CMD" "COMPILER=arm-none-eabi-gcc" "ASSEMBLER=arm-none-eabi-as" "
TRACE::2026-04-18.10:56:37::SCWBDomain::ARCHIVER=arm-none-eabi-ar" "COMPILER_FLAGS=  -O2 -c" "EXTRA_COMPILER_FLAGS=-mcpu=cortex-a9 -mfpu=vfpv3 -mfloat-abi=hard -nostar
TRACE::2026-04-18.10:56:37::SCWBDomain::tfiles -g -Wall -Wextra -fno-tree-loop-distribute-patterns"

TRACE::2026-04-18.10:56:37::SCWBDomain::"Running Make libs in ps7_cortexa9_0/libsrc/usbps_v2_7/src"

TRACE::2026-04-18.10:56:37::SCWBDomain::make -C ps7_cortexa9_0/libsrc/usbps_v2_7/src -s libs  "SHELL=CMD" "COMPILER=arm-none-eabi-gcc" "ASSEMBLER=arm-none-eabi-as" "AR
TRACE::2026-04-18.10:56:37::SCWBDomain::CHIVER=arm-none-eabi-ar" "COMPILER_FLAGS=  -O2 -c" "EXTRA_COMPILER_FLAGS=-mcpu=cortex-a9 -mfpu=vfpv3 -mfloat-abi=hard -nostartf
TRACE::2026-04-18.10:56:37::SCWBDomain::iles -g -Wall -Wextra -fno-tree-loop-distribute-patterns"

TRACE::2026-04-18.10:56:38::SCWBDomain::"Running Make libs in ps7_cortexa9_0/libsrc/xadcps_v2_6/src"

TRACE::2026-04-18.10:56:38::SCWBDomain::make -C ps7_cortexa9_0/libsrc/xadcps_v2_6/src -s libs  "SHELL=CMD" "COMPILER=arm-none-eabi-gcc" "ASSEMBLER=arm-none-eabi-as" "A
TRACE::2026-04-18.10:56:38::SCWBDomain::RCHIVER=arm-none-eabi-ar" "COMPILER_FLAGS=  -O2 -c" "EXTRA_COMPILER_FLAGS=-mcpu=cortex-a9 -mfpu=vfpv3 -mfloat-abi=hard -nostart
TRACE::2026-04-18.10:56:38::SCWBDomain::files -g -Wall -Wextra -fno-tree-loop-distribute-patterns"

TRACE::2026-04-18.10:56:38::SCWBDomain::"Running Make libs in ps7_cortexa9_0/libsrc/xilffs_v5_0/src"

TRACE::2026-04-18.10:56:38::SCWBDomain::make -C ps7_cortexa9_0/libsrc/xilffs_v5_0/src -s libs  "SHELL=CMD" "COMPILER=arm-none-eabi-gcc" "ASSEMBLER=arm-none-eabi-as" "A
TRACE::2026-04-18.10:56:38::SCWBDomain::RCHIVER=arm-none-eabi-ar" "COMPILER_FLAGS=  -O2 -c" "EXTRA_COMPILER_FLAGS=-mcpu=cortex-a9 -mfpu=vfpv3 -mfloat-abi=hard -nostart
TRACE::2026-04-18.10:56:38::SCWBDomain::files -g -Wall -Wextra -fno-tree-loop-distribute-patterns"

TRACE::2026-04-18.10:56:41::SCWBDomain::'Finished building libraries parallelly.'

TRACE::2026-04-18.10:56:41::SCWBDomain::make --no-print-directory archive

TRACE::2026-04-18.10:56:41::SCWBDomain::arm-none-eabi-ar -r  ps7_cortexa9_0/lib/libxil.a ps7_cortexa9_0/lib/_exit.o ps7_cortexa9_0/lib/_open.o ps7_cortexa9_0/lib/_sbrk
TRACE::2026-04-18.10:56:41::SCWBDomain::.o ps7_cortexa9_0/lib/abort.o ps7_cortexa9_0/lib/asm_vectors.o ps7_cortexa9_0/lib/boot.o ps7_cortexa9_0/lib/close.o ps7_cortexa
TRACE::2026-04-18.10:56:41::SCWBDomain::9_0/lib/cpputest_time.o ps7_cortexa9_0/lib/cpu_init.o ps7_cortexa9_0/lib/errno.o ps7_cortexa9_0/lib/fcntl.o ps7_cortexa9_0/lib/
TRACE::2026-04-18.10:56:41::SCWBDomain::fstat.o ps7_cortexa9_0/lib/getentropy.o ps7_cortexa9_0/lib/getpid.o ps7_cortexa9_0/lib/inbyte.o ps7_cortexa9_0/lib/isatty.o ps7
TRACE::2026-04-18.10:56:41::SCWBDomain::_cortexa9_0/lib/kill.o ps7_cortexa9_0/lib/lseek.o ps7_cortexa9_0/lib/open.o ps7_cortexa9_0/lib/outbyte.o ps7_cortexa9_0/lib/pri
TRACE::2026-04-18.10:56:41::SCWBDomain::nt.o ps7_cortexa9_0/lib/putnum.o ps7_cortexa9_0/lib/read.o ps7_cortexa9_0/lib/sbrk.o ps7_cortexa9_0/lib/sleep.o ps7_cortexa9_0/
TRACE::2026-04-18.10:56:41::SCWBDomain::lib/time.o ps7_cortexa9_0/lib/translation_table.o ps7_cortexa9_0/lib/unlink.o ps7_cortexa9_0/lib/usleep.o ps7_cortexa9_0/lib/ve
TRACE::2026-04-18.10:56:41::SCWBDomain::ctors.o ps7_cortexa9_0/lib/write.o ps7_cortexa9_0/lib/xadcps.o ps7_cortexa9_0/lib/xadcps_g.o ps7_cortexa9_0/lib/xadcps_intr.o p
TRACE::2026-04-18.10:56:41::SCWBDomain::s7_cortexa9_0/lib/xadcps_selftest.o ps7_cortexa9_0/lib/xadcps_sinit.o ps7_cortexa9_0/lib/xcoresightpsdcc.o ps7_cortexa9_0/lib/x
TRACE::2026-04-18.10:56:41::SCWBDomain::devcfg.o ps7_cortexa9_0/lib/xdevcfg_g.o ps7_cortexa9_0/lib/xdevcfg_hw.o ps7_cortexa9_0/lib/xdevcfg_intr.o ps7_cortexa9_0/lib/xd
TRACE::2026-04-18.10:56:41::SCWBDomain::evcfg_selftest.o ps7_cortexa9_0/lib/xdevcfg_sinit.o ps7_cortexa9_0/lib/xdmaps.o ps7_cortexa9_0/lib/xdmaps_g.o ps7_cortexa9_0/li
TRACE::2026-04-18.10:56:41::SCWBDomain::b/xdmaps_hw.o ps7_cortexa9_0/lib/xdmaps_selftest.o ps7_cortexa9_0/lib/xdmaps_sinit.o ps7_cortexa9_0/lib/xemacps.o ps7_cortexa9_
TRACE::2026-04-18.10:56:41::SCWBDomain::0/lib/xemacps_bdring.o ps7_cortexa9_0/lib/xemacps_control.o ps7_cortexa9_0/lib/xemacps_g.o ps7_cortexa9_0/lib/xemacps_hw.o ps7_
TRACE::2026-04-18.10:56:41::SCWBDomain::cortexa9_0/lib/xemacps_intr.o ps7_cortexa9_0/lib/xemacps_sinit.o ps7_cortexa9_0/lib/xgpiops.o ps7_cortexa9_0/lib/xgpiops_g.o ps
TRACE::2026-04-18.10:56:41::SCWBDomain::7_cortexa9_0/lib/xgpiops_hw.o ps7_cortexa9_0/lib/xgpiops_intr.o ps7_cortexa9_0/lib/xgpiops_selftest.o ps7_cortexa9_0/lib/xgpiop
TRACE::2026-04-18.10:56:41::SCWBDomain::s_sinit.o ps7_cortexa9_0/lib/xiicps.o ps7_cortexa9_0/lib/xiicps_g.o ps7_cortexa9_0/lib/xiicps_hw.o ps7_cortexa9_0/lib/xiicps_in
TRACE::2026-04-18.10:56:41::SCWBDomain::tr.o ps7_cortexa9_0/lib/xiicps_master.o ps7_cortexa9_0/lib/xiicps_options.o ps7_cortexa9_0/lib/xiicps_selftest.o ps7_cortexa9_0
TRACE::2026-04-18.10:56:41::SCWBDomain::/lib/xiicps_sinit.o ps7_cortexa9_0/lib/xiicps_slave.o ps7_cortexa9_0/lib/xiicps_xfer.o ps7_cortexa9_0/lib/xil-crt0.o ps7_cortex
TRACE::2026-04-18.10:56:41::SCWBDomain::a9_0/lib/xil_assert.o ps7_cortexa9_0/lib/xil_cache.o ps7_cortexa9_0/lib/xil_clocking.o ps7_cortexa9_0/lib/xil_exception.o ps7_c
TRACE::2026-04-18.10:56:41::SCWBDomain::ortexa9_0/lib/xil_mem.o ps7_cortexa9_0/lib/xil_misc_psreset_api.o ps7_cortexa9_0/lib/xil_mmu.o ps7_cortexa9_0/lib/xil_printf.o 
TRACE::2026-04-18.10:56:41::SCWBDomain::ps7_cortexa9_0/lib/xil_sleepcommon.o ps7_cortexa9_0/lib/xil_sleeptimer.o ps7_cortexa9_0/lib/xil_spinlock.o ps7_cortexa9_0/lib/x
TRACE::2026-04-18.10:56:41::SCWBDomain::il_testcache.o ps7_cortexa9_0/lib/xil_testio.o ps7_cortexa9_0/lib/xil_testmem.o ps7_cortexa9_0/lib/xil_util.o ps7_cortexa9_0/li
TRACE::2026-04-18.10:56:41::SCWBDomain::b/xinterrupt_wrap.o ps7_cortexa9_0/lib/xl2cc_counter.o ps7_cortexa9_0/lib/xplatform_info.o ps7_cortexa9_0/lib/xpm_counter.o ps7
TRACE::2026-04-18.10:56:41::SCWBDomain::_cortexa9_0/lib/xqspips.o ps7_cortexa9_0/lib/xqspips_g.o ps7_cortexa9_0/lib/xqspips_hw.o ps7_cortexa9_0/lib/xqspips_options.o p
TRACE::2026-04-18.10:56:41::SCWBDomain::s7_cortexa9_0/lib/xqspips_selftest.o ps7_cortexa9_0/lib/xqspips_sinit.o ps7_cortexa9_0/lib/xscugic.o ps7_cortexa9_0/lib/xscugic
TRACE::2026-04-18.10:56:41::SCWBDomain::_g.o ps7_cortexa9_0/lib/xscugic_hw.o ps7_cortexa9_0/lib/xscugic_intr.o ps7_cortexa9_0/lib/xscugic_selftest.o ps7_cortexa9_0/lib
TRACE::2026-04-18.10:56:41::SCWBDomain::/xscugic_sinit.o ps7_cortexa9_0/lib/xscutimer.o ps7_cortexa9_0/lib/xscutimer_g.o ps7_cortexa9_0/lib/xscutimer_selftest.o ps7_co
TRACE::2026-04-18.10:56:41::SCWBDomain::rtexa9_0/lib/xscutimer_sinit.o ps7_cortexa9_0/lib/xscuwdt.o ps7_cortexa9_0/lib/xscuwdt_g.o ps7_cortexa9_0/lib/xscuwdt_selftest.
TRACE::2026-04-18.10:56:41::SCWBDomain::o ps7_cortexa9_0/lib/xscuwdt_sinit.o ps7_cortexa9_0/lib/xsdps.o ps7_cortexa9_0/lib/xsdps_card.o ps7_cortexa9_0/lib/xsdps_g.o ps
TRACE::2026-04-18.10:56:41::SCWBDomain::7_cortexa9_0/lib/xsdps_host.o ps7_cortexa9_0/lib/xsdps_options.o ps7_cortexa9_0/lib/xsdps_sinit.o ps7_cortexa9_0/lib/xtime_l.o 
TRACE::2026-04-18.10:56:41::SCWBDomain::ps7_cortexa9_0/lib/xuartps.o ps7_cortexa9_0/lib/xuartps_g.o ps7_cortexa9_0/lib/xuartps_hw.o ps7_cortexa9_0/lib/xuartps_intr.o p
TRACE::2026-04-18.10:56:41::SCWBDomain::s7_cortexa9_0/lib/xuartps_options.o ps7_cortexa9_0/lib/xuartps_selftest.o ps7_cortexa9_0/lib/xuartps_sinit.o ps7_cortexa9_0/lib
TRACE::2026-04-18.10:56:41::SCWBDomain::/xusbps.o ps7_cortexa9_0/lib/xusbps_endpoint.o ps7_cortexa9_0/lib/xusbps_g.o ps7_cortexa9_0/lib/xusbps_hw.o ps7_cortexa9_0/lib/
TRACE::2026-04-18.10:56:41::SCWBDomain::xusbps_intr.o ps7_cortexa9_0/lib/xusbps_sinit.o

TRACE::2026-04-18.10:56:41::SCWBDomain::'Finished building libraries'

TRACE::2026-04-18.10:56:41::SCWBDomain::make: Leaving directory 'C:/Users/kc10b/Vivado/ECE520L/FinalProject/project_1/project_1_vitis/project_1_plat/zynq_fsbl/zynq_fsb
TRACE::2026-04-18.10:56:41::SCWBDomain::l_bsp'

TRACE::2026-04-18.10:56:42::SCWBDomain::arm-none-eabi-gcc  -O2 -c -MMD -MP       -mcpu=cortex-a9 -mfpu=vfpv3 -mfloat-abi=hard  -c sd.c -o sd.o -Izynq_fsbl_bsp/ps7_cort
TRACE::2026-04-18.10:56:42::SCWBDomain::exa9_0/include -I.

TRACE::2026-04-18.10:56:42::SCWBDomain::arm-none-eabi-gcc  -O2 -c -MMD -MP       -mcpu=cortex-a9 -mfpu=vfpv3 -mfloat-abi=hard  -c nand.c -o nand.o -Izynq_fsbl_bsp/ps7_
TRACE::2026-04-18.10:56:42::SCWBDomain::cortexa9_0/include -I.

TRACE::2026-04-18.10:56:42::SCWBDomain::arm-none-eabi-gcc  -O2 -c -MMD -MP       -mcpu=cortex-a9 -mfpu=vfpv3 -mfloat-abi=hard  -c image_mover.c -o image_mover.o -Izynq
TRACE::2026-04-18.10:56:42::SCWBDomain::_fsbl_bsp/ps7_cortexa9_0/include -I.

TRACE::2026-04-18.10:56:42::SCWBDomain::arm-none-eabi-gcc  -O2 -c -MMD -MP       -mcpu=cortex-a9 -mfpu=vfpv3 -mfloat-abi=hard  -c md5.c -o md5.o -Izynq_fsbl_bsp/ps7_co
TRACE::2026-04-18.10:56:42::SCWBDomain::rtexa9_0/include -I.

TRACE::2026-04-18.10:56:42::SCWBDomain::arm-none-eabi-gcc  -O2 -c -MMD -MP       -mcpu=cortex-a9 -mfpu=vfpv3 -mfloat-abi=hard  -c fsbl_hooks.c -o fsbl_hooks.o -Izynq_f
TRACE::2026-04-18.10:56:42::SCWBDomain::sbl_bsp/ps7_cortexa9_0/include -I.

TRACE::2026-04-18.10:56:42::SCWBDomain::arm-none-eabi-gcc  -O2 -c -MMD -MP       -mcpu=cortex-a9 -mfpu=vfpv3 -mfloat-abi=hard  -c main.c -o main.o -Izynq_fsbl_bsp/ps7_
TRACE::2026-04-18.10:56:42::SCWBDomain::cortexa9_0/include -I.

TRACE::2026-04-18.10:56:43::SCWBDomain::arm-none-eabi-gcc  -O2 -c -MMD -MP       -mcpu=cortex-a9 -mfpu=vfpv3 -mfloat-abi=hard  -c rsa.c -o rsa.o -Izynq_fsbl_bsp/ps7_co
TRACE::2026-04-18.10:56:43::SCWBDomain::rtexa9_0/include -I.

TRACE::2026-04-18.10:56:43::SCWBDomain::arm-none-eabi-gcc  -O2 -c -MMD -MP       -mcpu=cortex-a9 -mfpu=vfpv3 -mfloat-abi=hard  -c nor.c -o nor.o -Izynq_fsbl_bsp/ps7_co
TRACE::2026-04-18.10:56:43::SCWBDomain::rtexa9_0/include -I.

TRACE::2026-04-18.10:56:43::SCWBDomain::arm-none-eabi-gcc  -O2 -c -MMD -MP       -mcpu=cortex-a9 -mfpu=vfpv3 -mfloat-abi=hard  -c qspi.c -o qspi.o -Izynq_fsbl_bsp/ps7_
TRACE::2026-04-18.10:56:43::SCWBDomain::cortexa9_0/include -I.

TRACE::2026-04-18.10:56:43::SCWBDomain::arm-none-eabi-gcc  -O2 -c -MMD -MP       -mcpu=cortex-a9 -mfpu=vfpv3 -mfloat-abi=hard  -c ps7_init.c -o ps7_init.o -Izynq_fsbl_
TRACE::2026-04-18.10:56:43::SCWBDomain::bsp/ps7_cortexa9_0/include -I.

TRACE::2026-04-18.10:56:43::SCWBDomain::arm-none-eabi-gcc  -O2 -c -MMD -MP       -mcpu=cortex-a9 -mfpu=vfpv3 -mfloat-abi=hard  -c pcap.c -o pcap.o -Izynq_fsbl_bsp/ps7_
TRACE::2026-04-18.10:56:43::SCWBDomain::cortexa9_0/include -I.

TRACE::2026-04-18.10:56:43::SCWBDomain::arm-none-eabi-gcc  -O2 -c -MMD -MP       -mcpu=cortex-a9 -mfpu=vfpv3 -mfloat-abi=hard  -c fsbl_handoff.S -o fsbl_handoff.o -Izy
TRACE::2026-04-18.10:56:43::SCWBDomain::nq_fsbl_bsp/ps7_cortexa9_0/include -I.

TRACE::2026-04-18.10:56:44::SCWBDomain::arm-none-eabi-gcc -o fsbl.elf fsbl_handoff.o fsbl_hooks.o image_mover.o main.o md5.o nand.o nor.o pcap.o ps7_init.o qspi.o rsa.
TRACE::2026-04-18.10:56:44::SCWBDomain::o sd.o -MMD -MP       -mcpu=cortex-a9 -mfpu=vfpv3 -mfloat-abi=hard   -mcpu=cortex-a9 -mfpu=vfpv3 -mfloat-abi=hard -Wl,-build-id
TRACE::2026-04-18.10:56:44::SCWBDomain::=none -specs=Xilinx.spec  -lrsa -Wl,--start-group,-lxil,-lgcc,-lc,--end-group -Wl,--start-group,-lxilffs,-lxil,-lgcc,-lc,--end-
TRACE::2026-04-18.10:56:44::SCWBDomain::group -Wl,--start-group,-lrsa,-lxil,-lgcc,-lc,--end-group                                    -Wl,--gc-sections -Lzynq_fsbl_bsp/
TRACE::2026-04-18.10:56:44::SCWBDomain::ps7_cortexa9_0/lib -L./ -Tlscript.ld

LOG::2026-04-18.10:56:44::SCWSystem::Checking the domain standalone_domain
LOG::2026-04-18.10:56:44::SCWSystem::Not a boot domain 
LOG::2026-04-18.10:56:44::SCWSystem::Started Processing the domain standalone_domain
TRACE::2026-04-18.10:56:44::SCWDomain::Generating domain artifcats
TRACE::2026-04-18.10:56:44::SCWMssOS::Generating standalone artifcats
TRACE::2026-04-18.10:56:44::SCWMssOS::Copying the qemu file from  C:/Users/kc10b/Vivado/ECE520L/FinalProject/project_1/project_1_vitis/project_1_plat/resources/project_1_plat/standalone_domain/qemu_args.txt To C:/Users/kc10b/Vivado/ECE520L/FinalProject/project_1/project_1_vitis/project_1_plat/export/project_1_plat/sw/project_1_plat/qemu/
TRACE::2026-04-18.10:56:44::SCWMssOS::Copying the qemu file from  C:/Users/kc10b/Vivado/ECE520L/FinalProject/project_1/project_1_vitis/project_1_plat/resources/project_1_plat/standalone_domain/qemu_args.txt To C:/Users/kc10b/Vivado/ECE520L/FinalProject/project_1/project_1_vitis/project_1_plat/export/project_1_plat/sw/project_1_plat/standalone_domain/qemu/
TRACE::2026-04-18.10:56:44::SCWMssOS:: Copying the user libraries. 
TRACE::2026-04-18.10:56:44::SCWPlatform::Trying to open the hw design at C:/Users/kc10b/Vivado/ECE520L/FinalProject/project_1/project_1_vitis/project_1_plat/hw/design_1_wrapper.xsa
TRACE::2026-04-18.10:56:44::SCWPlatform::DSA given C:/Users/kc10b/Vivado/ECE520L/FinalProject/project_1/project_1_vitis/project_1_plat/hw/design_1_wrapper.xsa
TRACE::2026-04-18.10:56:44::SCWPlatform::DSA absoulate path C:/Users/kc10b/Vivado/ECE520L/FinalProject/project_1/project_1_vitis/project_1_plat/hw/design_1_wrapper.xsa
TRACE::2026-04-18.10:56:44::SCWPlatform::DSA directory C:/Users/kc10b/Vivado/ECE520L/FinalProject/project_1/project_1_vitis/project_1_plat/hw
TRACE::2026-04-18.10:56:44::SCWPlatform:: Platform Path C:/Users/kc10b/Vivado/ECE520L/FinalProject/project_1/project_1_vitis/project_1_plat/hw/design_1_wrapper.xsa
TRACE::2026-04-18.10:56:44::SCWPlatform:: Unique name xilinx:zybo-z7-10::0.0
TRACE::2026-04-18.10:56:44::SCWPlatform::Trying to set the existing hwdb with name design_1_wrapper_1
TRACE::2026-04-18.10:56:44::SCWPlatform::Opened existing hwdb design_1_wrapper_1
TRACE::2026-04-18.10:56:44::SCWPlatform::Found the Hw Db part of the input DSA
TRACE::2026-04-18.10:56:44::SCWMssOS::Checking the sw design at  C:/Users/kc10b/Vivado/ECE520L/FinalProject/project_1/project_1_vitis/project_1_plat/ps7_cortexa9_0/standalone_domain/bsp/system.mss
TRACE::2026-04-18.10:56:44::SCWMssOS::DEBUG:  swdes dump  C:/Users/kc10b/Vivado/ECE520L/FinalProject/project_1/project_1_vitis/project_1_plat/ps7_cortexa9_0/standalone_domain/bsp/system.mss|system_0||
C:/Users/kc10b/Vivado/ECE520L/FinalProject/project_1/project_1_vitis/project_1_plat/zynq_fsbl/zynq_fsbl_bsp/system.mss|system||

TRACE::2026-04-18.10:56:44::SCWMssOS::Sw design exists and opened at  C:/Users/kc10b/Vivado/ECE520L/FinalProject/project_1/project_1_vitis/project_1_plat/ps7_cortexa9_0/standalone_domain/bsp/system.mss
TRACE::2026-04-18.10:56:44::SCWMssOS::Completed writing the mss file at C:/Users/kc10b/Vivado/ECE520L/FinalProject/project_1/project_1_vitis/project_1_plat/ps7_cortexa9_0/standalone_domain/bsp
TRACE::2026-04-18.10:56:44::SCWMssOS::Mss edits present, copying mssfile into export location C:/Users/kc10b/Vivado/ECE520L/FinalProject/project_1/project_1_vitis/project_1_plat/ps7_cortexa9_0/standalone_domain/bsp/system.mss
TRACE::2026-04-18.10:56:44::SCWMssOS::bsp generated is upto date with the mss file. Skipping bsp generation.
TRACE::2026-04-18.10:56:44::SCWMssOS::BSP is already built. skipping the bsp build ... 
TRACE::2026-04-18.10:56:44::SCWDomain::Building the domain :  standalone_domain
TRACE::2026-04-18.10:56:44::SCWMssOS::doing bsp build ... 
TRACE::2026-04-18.10:56:44::SCWMssOS::System Command Ran  C: & cd  C:/Users/kc10b/Vivado/ECE520L/FinalProject/project_1/project_1_vitis/project_1_plat/ps7_cortexa9_0/standalone_domain/bsp & make 
TRACE::2026-04-18.10:56:44::SCWMssOS::make --no-print-directory seq_libs

TRACE::2026-04-18.10:56:44::SCWMssOS::'Finished building libraries sequentially.'

TRACE::2026-04-18.10:56:44::SCWMssOS::make -j 14 --no-print-directory par_libs

TRACE::2026-04-18.10:56:44::SCWMssOS::"Running Make include in ps7_cortexa9_0/libsrc/coresightps_dcc_v1_8/src"

TRACE::2026-04-18.10:56:44::SCWMssOS::make -C ps7_cortexa9_0/libsrc/coresightps_dcc_v1_8/src -s include  "SHELL=CMD" "COMPILER=arm-none-eabi-gcc" "ASSEMBLER=arm-none
TRACE::2026-04-18.10:56:44::SCWMssOS::-eabi-as" "ARCHIVER=arm-none-eabi-ar" "COMPILER_FLAGS=  -O2 -c" "EXTRA_COMPILER_FLAGS=-mcpu=cortex-a9 -mfpu=vfpv3 -mfloat-abi=h
TRACE::2026-04-18.10:56:44::SCWMssOS::ard -nostartfiles -g -Wall -Wextra -fno-tree-loop-distribute-patterns"

TRACE::2026-04-18.10:56:44::SCWMssOS::"Running Make include in ps7_cortexa9_0/libsrc/cpu_cortexa9_v2_11/src"

TRACE::2026-04-18.10:56:44::SCWMssOS::make -C ps7_cortexa9_0/libsrc/cpu_cortexa9_v2_11/src -s include  "SHELL=CMD" "COMPILER=arm-none-eabi-gcc" "ASSEMBLER=arm-none-e
TRACE::2026-04-18.10:56:44::SCWMssOS::abi-as" "ARCHIVER=arm-none-eabi-ar" "COMPILER_FLAGS=  -O2 -c" "EXTRA_COMPILER_FLAGS=-mcpu=cortex-a9 -mfpu=vfpv3 -mfloat-abi=har
TRACE::2026-04-18.10:56:44::SCWMssOS::d -nostartfiles -g -Wall -Wextra -fno-tree-loop-distribute-patterns"

TRACE::2026-04-18.10:56:44::SCWMssOS::"Running Make include in ps7_cortexa9_0/libsrc/ddrps_v1_2/src"

TRACE::2026-04-18.10:56:44::SCWMssOS::make -C ps7_cortexa9_0/libsrc/ddrps_v1_2/src -s include  "SHELL=CMD" "COMPILER=arm-none-eabi-gcc" "ASSEMBLER=arm-none-eabi-as" 
TRACE::2026-04-18.10:56:44::SCWMssOS::"ARCHIVER=arm-none-eabi-ar" "COMPILER_FLAGS=  -O2 -c" "EXTRA_COMPILER_FLAGS=-mcpu=cortex-a9 -mfpu=vfpv3 -mfloat-abi=hard -nosta
TRACE::2026-04-18.10:56:44::SCWMssOS::rtfiles -g -Wall -Wextra -fno-tree-loop-distribute-patterns"

TRACE::2026-04-18.10:56:44::SCWMssOS::"Running Make include in ps7_cortexa9_0/libsrc/devcfg_v3_7/src"

TRACE::2026-04-18.10:56:44::SCWMssOS::make -C ps7_cortexa9_0/libsrc/devcfg_v3_7/src -s include  "SHELL=CMD" "COMPILER=arm-none-eabi-gcc" "ASSEMBLER=arm-none-eabi-as"
TRACE::2026-04-18.10:56:44::SCWMssOS:: "ARCHIVER=arm-none-eabi-ar" "COMPILER_FLAGS=  -O2 -c" "EXTRA_COMPILER_FLAGS=-mcpu=cortex-a9 -mfpu=vfpv3 -mfloat-abi=hard -nost
TRACE::2026-04-18.10:56:44::SCWMssOS::artfiles -g -Wall -Wextra -fno-tree-loop-distribute-patterns"

TRACE::2026-04-18.10:56:44::SCWMssOS::"Running Make include in ps7_cortexa9_0/libsrc/dmaps_v2_8/src"

TRACE::2026-04-18.10:56:44::SCWMssOS::make -C ps7_cortexa9_0/libsrc/dmaps_v2_8/src -s include  "SHELL=CMD" "COMPILER=arm-none-eabi-gcc" "ASSEMBLER=arm-none-eabi-as" 
TRACE::2026-04-18.10:56:44::SCWMssOS::"ARCHIVER=arm-none-eabi-ar" "COMPILER_FLAGS=  -O2 -c" "EXTRA_COMPILER_FLAGS=-mcpu=cortex-a9 -mfpu=vfpv3 -mfloat-abi=hard -nosta
TRACE::2026-04-18.10:56:44::SCWMssOS::rtfiles -g -Wall -Wextra -fno-tree-loop-distribute-patterns"

TRACE::2026-04-18.10:56:44::SCWMssOS::"Running Make include in ps7_cortexa9_0/libsrc/emacps_v3_18/src"

TRACE::2026-04-18.10:56:44::SCWMssOS::make -C ps7_cortexa9_0/libsrc/emacps_v3_18/src -s include  "SHELL=CMD" "COMPILER=arm-none-eabi-gcc" "ASSEMBLER=arm-none-eabi-as
TRACE::2026-04-18.10:56:44::SCWMssOS::" "ARCHIVER=arm-none-eabi-ar" "COMPILER_FLAGS=  -O2 -c" "EXTRA_COMPILER_FLAGS=-mcpu=cortex-a9 -mfpu=vfpv3 -mfloat-abi=hard -nos
TRACE::2026-04-18.10:56:44::SCWMssOS::tartfiles -g -Wall -Wextra -fno-tree-loop-distribute-patterns"

TRACE::2026-04-18.10:56:44::SCWMssOS::"Running Make include in ps7_cortexa9_0/libsrc/gpiops_v3_11/src"

TRACE::2026-04-18.10:56:44::SCWMssOS::make -C ps7_cortexa9_0/libsrc/gpiops_v3_11/src -s include  "SHELL=CMD" "COMPILER=arm-none-eabi-gcc" "ASSEMBLER=arm-none-eabi-as
TRACE::2026-04-18.10:56:44::SCWMssOS::" "ARCHIVER=arm-none-eabi-ar" "COMPILER_FLAGS=  -O2 -c" "EXTRA_COMPILER_FLAGS=-mcpu=cortex-a9 -mfpu=vfpv3 -mfloat-abi=hard -nos
TRACE::2026-04-18.10:56:44::SCWMssOS::tartfiles -g -Wall -Wextra -fno-tree-loop-distribute-patterns"

TRACE::2026-04-18.10:56:44::SCWMssOS::"Running Make include in ps7_cortexa9_0/libsrc/iicps_v3_17/src"

TRACE::2026-04-18.10:56:44::SCWMssOS::make -C ps7_cortexa9_0/libsrc/iicps_v3_17/src -s include  "SHELL=CMD" "COMPILER=arm-none-eabi-gcc" "ASSEMBLER=arm-none-eabi-as"
TRACE::2026-04-18.10:56:44::SCWMssOS:: "ARCHIVER=arm-none-eabi-ar" "COMPILER_FLAGS=  -O2 -c" "EXTRA_COMPILER_FLAGS=-mcpu=cortex-a9 -mfpu=vfpv3 -mfloat-abi=hard -nost
TRACE::2026-04-18.10:56:44::SCWMssOS::artfiles -g -Wall -Wextra -fno-tree-loop-distribute-patterns"

TRACE::2026-04-18.10:56:45::SCWMssOS::"Running Make include in ps7_cortexa9_0/libsrc/qspips_v3_10/src"

TRACE::2026-04-18.10:56:45::SCWMssOS::make -C ps7_cortexa9_0/libsrc/qspips_v3_10/src -s include  "SHELL=CMD" "COMPILER=arm-none-eabi-gcc" "ASSEMBLER=arm-none-eabi-as
TRACE::2026-04-18.10:56:45::SCWMssOS::" "ARCHIVER=arm-none-eabi-ar" "COMPILER_FLAGS=  -O2 -c" "EXTRA_COMPILER_FLAGS=-mcpu=cortex-a9 -mfpu=vfpv3 -mfloat-abi=hard -nos
TRACE::2026-04-18.10:56:45::SCWMssOS::tartfiles -g -Wall -Wextra -fno-tree-loop-distribute-patterns"

TRACE::2026-04-18.10:56:45::SCWMssOS::"Running Make include in ps7_cortexa9_0/libsrc/scugic_v5_1/src"

TRACE::2026-04-18.10:56:45::SCWMssOS::make -C ps7_cortexa9_0/libsrc/scugic_v5_1/src -s include  "SHELL=CMD" "COMPILER=arm-none-eabi-gcc" "ASSEMBLER=arm-none-eabi-as"
TRACE::2026-04-18.10:56:45::SCWMssOS:: "ARCHIVER=arm-none-eabi-ar" "COMPILER_FLAGS=  -O2 -c" "EXTRA_COMPILER_FLAGS=-mcpu=cortex-a9 -mfpu=vfpv3 -mfloat-abi=hard -nost
TRACE::2026-04-18.10:56:45::SCWMssOS::artfiles -g -Wall -Wextra -fno-tree-loop-distribute-patterns"

TRACE::2026-04-18.10:56:45::SCWMssOS::"Running Make include in ps7_cortexa9_0/libsrc/scutimer_v2_4/src"

TRACE::2026-04-18.10:56:45::SCWMssOS::make -C ps7_cortexa9_0/libsrc/scutimer_v2_4/src -s include  "SHELL=CMD" "COMPILER=arm-none-eabi-gcc" "ASSEMBLER=arm-none-eabi-a
TRACE::2026-04-18.10:56:45::SCWMssOS::s" "ARCHIVER=arm-none-eabi-ar" "COMPILER_FLAGS=  -O2 -c" "EXTRA_COMPILER_FLAGS=-mcpu=cortex-a9 -mfpu=vfpv3 -mfloat-abi=hard -no
TRACE::2026-04-18.10:56:45::SCWMssOS::startfiles -g -Wall -Wextra -fno-tree-loop-distribute-patterns"

TRACE::2026-04-18.10:56:45::SCWMssOS::"Running Make include in ps7_cortexa9_0/libsrc/scuwdt_v2_4/src"

TRACE::2026-04-18.10:56:45::SCWMssOS::make -C ps7_cortexa9_0/libsrc/scuwdt_v2_4/src -s include  "SHELL=CMD" "COMPILER=arm-none-eabi-gcc" "ASSEMBLER=arm-none-eabi-as"
TRACE::2026-04-18.10:56:45::SCWMssOS:: "ARCHIVER=arm-none-eabi-ar" "COMPILER_FLAGS=  -O2 -c" "EXTRA_COMPILER_FLAGS=-mcpu=cortex-a9 -mfpu=vfpv3 -mfloat-abi=hard -nost
TRACE::2026-04-18.10:56:45::SCWMssOS::artfiles -g -Wall -Wextra -fno-tree-loop-distribute-patterns"

TRACE::2026-04-18.10:56:45::SCWMssOS::"Running Make include in ps7_cortexa9_0/libsrc/sdps_v4_1/src"

TRACE::2026-04-18.10:56:45::SCWMssOS::make -C ps7_cortexa9_0/libsrc/sdps_v4_1/src -s include  "SHELL=CMD" "COMPILER=arm-none-eabi-gcc" "ASSEMBLER=arm-none-eabi-as" "
TRACE::2026-04-18.10:56:45::SCWMssOS::ARCHIVER=arm-none-eabi-ar" "COMPILER_FLAGS=  -O2 -c" "EXTRA_COMPILER_FLAGS=-mcpu=cortex-a9 -mfpu=vfpv3 -mfloat-abi=hard -nostar
TRACE::2026-04-18.10:56:45::SCWMssOS::tfiles -g -Wall -Wextra -fno-tree-loop-distribute-patterns"

TRACE::2026-04-18.10:56:45::SCWMssOS::"Running Make include in ps7_cortexa9_0/libsrc/standalone_v8_1/src"

TRACE::2026-04-18.10:56:45::SCWMssOS::make -C ps7_cortexa9_0/libsrc/standalone_v8_1/src -s include  "SHELL=CMD" "COMPILER=arm-none-eabi-gcc" "ASSEMBLER=arm-none-eabi
TRACE::2026-04-18.10:56:45::SCWMssOS::-as" "ARCHIVER=arm-none-eabi-ar" "COMPILER_FLAGS=  -O2 -c" "EXTRA_COMPILER_FLAGS=-mcpu=cortex-a9 -mfpu=vfpv3 -mfloat-abi=hard -
TRACE::2026-04-18.10:56:45::SCWMssOS::nostartfiles -g -Wall -Wextra -fno-tree-loop-distribute-patterns"

TRACE::2026-04-18.10:56:45::SCWMssOS::"Running Make include in ps7_cortexa9_0/libsrc/uartps_v3_12/src"

TRACE::2026-04-18.10:56:45::SCWMssOS::make -C ps7_cortexa9_0/libsrc/uartps_v3_12/src -s include  "SHELL=CMD" "COMPILER=arm-none-eabi-gcc" "ASSEMBLER=arm-none-eabi-as
TRACE::2026-04-18.10:56:45::SCWMssOS::" "ARCHIVER=arm-none-eabi-ar" "COMPILER_FLAGS=  -O2 -c" "EXTRA_COMPILER_FLAGS=-mcpu=cortex-a9 -mfpu=vfpv3 -mfloat-abi=hard -nos
TRACE::2026-04-18.10:56:45::SCWMssOS::tartfiles -g -Wall -Wextra -fno-tree-loop-distribute-patterns"

TRACE::2026-04-18.10:56:45::SCWMssOS::"Running Make include in ps7_cortexa9_0/libsrc/usbps_v2_7/src"

TRACE::2026-04-18.10:56:45::SCWMssOS::make -C ps7_cortexa9_0/libsrc/usbps_v2_7/src -s include  "SHELL=CMD" "COMPILER=arm-none-eabi-gcc" "ASSEMBLER=arm-none-eabi-as" 
TRACE::2026-04-18.10:56:45::SCWMssOS::"ARCHIVER=arm-none-eabi-ar" "COMPILER_FLAGS=  -O2 -c" "EXTRA_COMPILER_FLAGS=-mcpu=cortex-a9 -mfpu=vfpv3 -mfloat-abi=hard -nosta
TRACE::2026-04-18.10:56:45::SCWMssOS::rtfiles -g -Wall -Wextra -fno-tree-loop-distribute-patterns"

TRACE::2026-04-18.10:56:45::SCWMssOS::"Running Make include in ps7_cortexa9_0/libsrc/xadcps_v2_6/src"

TRACE::2026-04-18.10:56:45::SCWMssOS::make -C ps7_cortexa9_0/libsrc/xadcps_v2_6/src -s include  "SHELL=CMD" "COMPILER=arm-none-eabi-gcc" "ASSEMBLER=arm-none-eabi-as"
TRACE::2026-04-18.10:56:45::SCWMssOS:: "ARCHIVER=arm-none-eabi-ar" "COMPILER_FLAGS=  -O2 -c" "EXTRA_COMPILER_FLAGS=-mcpu=cortex-a9 -mfpu=vfpv3 -mfloat-abi=hard -nost
TRACE::2026-04-18.10:56:45::SCWMssOS::artfiles -g -Wall -Wextra -fno-tree-loop-distribute-patterns"

TRACE::2026-04-18.10:56:46::SCWMssOS::"Running Make libs in ps7_cortexa9_0/libsrc/coresightps_dcc_v1_8/src"

TRACE::2026-04-18.10:56:46::SCWMssOS::make -C ps7_cortexa9_0/libsrc/coresightps_dcc_v1_8/src -s libs  "SHELL=CMD" "COMPILER=arm-none-eabi-gcc" "ASSEMBLER=arm-none-ea
TRACE::2026-04-18.10:56:46::SCWMssOS::bi-as" "ARCHIVER=arm-none-eabi-ar" "COMPILER_FLAGS=  -O2 -c" "EXTRA_COMPILER_FLAGS=-mcpu=cortex-a9 -mfpu=vfpv3 -mfloat-abi=hard
TRACE::2026-04-18.10:56:46::SCWMssOS:: -nostartfiles -g -Wall -Wextra -fno-tree-loop-distribute-patterns"

TRACE::2026-04-18.10:56:46::SCWMssOS::"Running Make libs in ps7_cortexa9_0/libsrc/cpu_cortexa9_v2_11/src"

TRACE::2026-04-18.10:56:46::SCWMssOS::make -C ps7_cortexa9_0/libsrc/cpu_cortexa9_v2_11/src -s libs  "SHELL=CMD" "COMPILER=arm-none-eabi-gcc" "ASSEMBLER=arm-none-eabi
TRACE::2026-04-18.10:56:46::SCWMssOS::-as" "ARCHIVER=arm-none-eabi-ar" "COMPILER_FLAGS=  -O2 -c" "EXTRA_COMPILER_FLAGS=-mcpu=cortex-a9 -mfpu=vfpv3 -mfloat-abi=hard -
TRACE::2026-04-18.10:56:46::SCWMssOS::nostartfiles -g -Wall -Wextra -fno-tree-loop-distribute-patterns"

TRACE::2026-04-18.10:56:46::SCWMssOS::"Running Make libs in ps7_cortexa9_0/libsrc/ddrps_v1_2/src"

TRACE::2026-04-18.10:56:46::SCWMssOS::make -C ps7_cortexa9_0/libsrc/ddrps_v1_2/src -s libs  "SHELL=CMD" "COMPILER=arm-none-eabi-gcc" "ASSEMBLER=arm-none-eabi-as" "AR
TRACE::2026-04-18.10:56:46::SCWMssOS::CHIVER=arm-none-eabi-ar" "COMPILER_FLAGS=  -O2 -c" "EXTRA_COMPILER_FLAGS=-mcpu=cortex-a9 -mfpu=vfpv3 -mfloat-abi=hard -nostartf
TRACE::2026-04-18.10:56:46::SCWMssOS::iles -g -Wall -Wextra -fno-tree-loop-distribute-patterns"

TRACE::2026-04-18.10:56:46::SCWMssOS::"Running Make libs in ps7_cortexa9_0/libsrc/devcfg_v3_7/src"

TRACE::2026-04-18.10:56:46::SCWMssOS::make -C ps7_cortexa9_0/libsrc/devcfg_v3_7/src -s libs  "SHELL=CMD" "COMPILER=arm-none-eabi-gcc" "ASSEMBLER=arm-none-eabi-as" "A
TRACE::2026-04-18.10:56:46::SCWMssOS::RCHIVER=arm-none-eabi-ar" "COMPILER_FLAGS=  -O2 -c" "EXTRA_COMPILER_FLAGS=-mcpu=cortex-a9 -mfpu=vfpv3 -mfloat-abi=hard -nostart
TRACE::2026-04-18.10:56:46::SCWMssOS::files -g -Wall -Wextra -fno-tree-loop-distribute-patterns"

TRACE::2026-04-18.10:56:46::SCWMssOS::"Running Make libs in ps7_cortexa9_0/libsrc/dmaps_v2_8/src"

TRACE::2026-04-18.10:56:46::SCWMssOS::make -C ps7_cortexa9_0/libsrc/dmaps_v2_8/src -s libs  "SHELL=CMD" "COMPILER=arm-none-eabi-gcc" "ASSEMBLER=arm-none-eabi-as" "AR
TRACE::2026-04-18.10:56:46::SCWMssOS::CHIVER=arm-none-eabi-ar" "COMPILER_FLAGS=  -O2 -c" "EXTRA_COMPILER_FLAGS=-mcpu=cortex-a9 -mfpu=vfpv3 -mfloat-abi=hard -nostartf
TRACE::2026-04-18.10:56:46::SCWMssOS::iles -g -Wall -Wextra -fno-tree-loop-distribute-patterns"

TRACE::2026-04-18.10:56:46::SCWMssOS::"Running Make libs in ps7_cortexa9_0/libsrc/emacps_v3_18/src"

TRACE::2026-04-18.10:56:46::SCWMssOS::make -C ps7_cortexa9_0/libsrc/emacps_v3_18/src -s libs  "SHELL=CMD" "COMPILER=arm-none-eabi-gcc" "ASSEMBLER=arm-none-eabi-as" "
TRACE::2026-04-18.10:56:46::SCWMssOS::ARCHIVER=arm-none-eabi-ar" "COMPILER_FLAGS=  -O2 -c" "EXTRA_COMPILER_FLAGS=-mcpu=cortex-a9 -mfpu=vfpv3 -mfloat-abi=hard -nostar
TRACE::2026-04-18.10:56:46::SCWMssOS::tfiles -g -Wall -Wextra -fno-tree-loop-distribute-patterns"

TRACE::2026-04-18.10:56:46::SCWMssOS::"Running Make libs in ps7_cortexa9_0/libsrc/gpiops_v3_11/src"

TRACE::2026-04-18.10:56:46::SCWMssOS::make -C ps7_cortexa9_0/libsrc/gpiops_v3_11/src -s libs  "SHELL=CMD" "COMPILER=arm-none-eabi-gcc" "ASSEMBLER=arm-none-eabi-as" "
TRACE::2026-04-18.10:56:46::SCWMssOS::ARCHIVER=arm-none-eabi-ar" "COMPILER_FLAGS=  -O2 -c" "EXTRA_COMPILER_FLAGS=-mcpu=cortex-a9 -mfpu=vfpv3 -mfloat-abi=hard -nostar
TRACE::2026-04-18.10:56:46::SCWMssOS::tfiles -g -Wall -Wextra -fno-tree-loop-distribute-patterns"

TRACE::2026-04-18.10:56:46::SCWMssOS::"Running Make libs in ps7_cortexa9_0/libsrc/iicps_v3_17/src"

TRACE::2026-04-18.10:56:46::SCWMssOS::make -C ps7_cortexa9_0/libsrc/iicps_v3_17/src -s libs  "SHELL=CMD" "COMPILER=arm-none-eabi-gcc" "ASSEMBLER=arm-none-eabi-as" "A
TRACE::2026-04-18.10:56:46::SCWMssOS::RCHIVER=arm-none-eabi-ar" "COMPILER_FLAGS=  -O2 -c" "EXTRA_COMPILER_FLAGS=-mcpu=cortex-a9 -mfpu=vfpv3 -mfloat-abi=hard -nostart
TRACE::2026-04-18.10:56:46::SCWMssOS::files -g -Wall -Wextra -fno-tree-loop-distribute-patterns"

TRACE::2026-04-18.10:56:47::SCWMssOS::"Running Make libs in ps7_cortexa9_0/libsrc/qspips_v3_10/src"

TRACE::2026-04-18.10:56:47::SCWMssOS::make -C ps7_cortexa9_0/libsrc/qspips_v3_10/src -s libs  "SHELL=CMD" "COMPILER=arm-none-eabi-gcc" "ASSEMBLER=arm-none-eabi-as" "
TRACE::2026-04-18.10:56:47::SCWMssOS::ARCHIVER=arm-none-eabi-ar" "COMPILER_FLAGS=  -O2 -c" "EXTRA_COMPILER_FLAGS=-mcpu=cortex-a9 -mfpu=vfpv3 -mfloat-abi=hard -nostar
TRACE::2026-04-18.10:56:47::SCWMssOS::tfiles -g -Wall -Wextra -fno-tree-loop-distribute-patterns"

TRACE::2026-04-18.10:56:47::SCWMssOS::"Running Make libs in ps7_cortexa9_0/libsrc/scugic_v5_1/src"

TRACE::2026-04-18.10:56:47::SCWMssOS::make -C ps7_cortexa9_0/libsrc/scugic_v5_1/src -s libs  "SHELL=CMD" "COMPILER=arm-none-eabi-gcc" "ASSEMBLER=arm-none-eabi-as" "A
TRACE::2026-04-18.10:56:47::SCWMssOS::RCHIVER=arm-none-eabi-ar" "COMPILER_FLAGS=  -O2 -c" "EXTRA_COMPILER_FLAGS=-mcpu=cortex-a9 -mfpu=vfpv3 -mfloat-abi=hard -nostart
TRACE::2026-04-18.10:56:47::SCWMssOS::files -g -Wall -Wextra -fno-tree-loop-distribute-patterns"

TRACE::2026-04-18.10:56:47::SCWMssOS::"Running Make libs in ps7_cortexa9_0/libsrc/scutimer_v2_4/src"

TRACE::2026-04-18.10:56:47::SCWMssOS::make -C ps7_cortexa9_0/libsrc/scutimer_v2_4/src -s libs  "SHELL=CMD" "COMPILER=arm-none-eabi-gcc" "ASSEMBLER=arm-none-eabi-as" 
TRACE::2026-04-18.10:56:47::SCWMssOS::"ARCHIVER=arm-none-eabi-ar" "COMPILER_FLAGS=  -O2 -c" "EXTRA_COMPILER_FLAGS=-mcpu=cortex-a9 -mfpu=vfpv3 -mfloat-abi=hard -nosta
TRACE::2026-04-18.10:56:47::SCWMssOS::rtfiles -g -Wall -Wextra -fno-tree-loop-distribute-patterns"

TRACE::2026-04-18.10:56:47::SCWMssOS::"Running Make libs in ps7_cortexa9_0/libsrc/scuwdt_v2_4/src"

TRACE::2026-04-18.10:56:47::SCWMssOS::make -C ps7_cortexa9_0/libsrc/scuwdt_v2_4/src -s libs  "SHELL=CMD" "COMPILER=arm-none-eabi-gcc" "ASSEMBLER=arm-none-eabi-as" "A
TRACE::2026-04-18.10:56:47::SCWMssOS::RCHIVER=arm-none-eabi-ar" "COMPILER_FLAGS=  -O2 -c" "EXTRA_COMPILER_FLAGS=-mcpu=cortex-a9 -mfpu=vfpv3 -mfloat-abi=hard -nostart
TRACE::2026-04-18.10:56:47::SCWMssOS::files -g -Wall -Wextra -fno-tree-loop-distribute-patterns"

TRACE::2026-04-18.10:56:48::SCWMssOS::"Running Make libs in ps7_cortexa9_0/libsrc/sdps_v4_1/src"

TRACE::2026-04-18.10:56:48::SCWMssOS::make -C ps7_cortexa9_0/libsrc/sdps_v4_1/src -s libs  "SHELL=CMD" "COMPILER=arm-none-eabi-gcc" "ASSEMBLER=arm-none-eabi-as" "ARC
TRACE::2026-04-18.10:56:48::SCWMssOS::HIVER=arm-none-eabi-ar" "COMPILER_FLAGS=  -O2 -c" "EXTRA_COMPILER_FLAGS=-mcpu=cortex-a9 -mfpu=vfpv3 -mfloat-abi=hard -nostartfi
TRACE::2026-04-18.10:56:48::SCWMssOS::les -g -Wall -Wextra -fno-tree-loop-distribute-patterns"

TRACE::2026-04-18.10:56:48::SCWMssOS::"Running Make libs in ps7_cortexa9_0/libsrc/standalone_v8_1/src"

TRACE::2026-04-18.10:56:48::SCWMssOS::make -C ps7_cortexa9_0/libsrc/standalone_v8_1/src -s libs  "SHELL=CMD" "COMPILER=arm-none-eabi-gcc" "ASSEMBLER=arm-none-eabi-as
TRACE::2026-04-18.10:56:48::SCWMssOS::" "ARCHIVER=arm-none-eabi-ar" "COMPILER_FLAGS=  -O2 -c" "EXTRA_COMPILER_FLAGS=-mcpu=cortex-a9 -mfpu=vfpv3 -mfloat-abi=hard -nos
TRACE::2026-04-18.10:56:48::SCWMssOS::tartfiles -g -Wall -Wextra -fno-tree-loop-distribute-patterns"

TRACE::2026-04-18.10:56:49::SCWMssOS::"Running Make libs in ps7_cortexa9_0/libsrc/uartps_v3_12/src"

TRACE::2026-04-18.10:56:49::SCWMssOS::make -C ps7_cortexa9_0/libsrc/uartps_v3_12/src -s libs  "SHELL=CMD" "COMPILER=arm-none-eabi-gcc" "ASSEMBLER=arm-none-eabi-as" "
TRACE::2026-04-18.10:56:49::SCWMssOS::ARCHIVER=arm-none-eabi-ar" "COMPILER_FLAGS=  -O2 -c" "EXTRA_COMPILER_FLAGS=-mcpu=cortex-a9 -mfpu=vfpv3 -mfloat-abi=hard -nostar
TRACE::2026-04-18.10:56:49::SCWMssOS::tfiles -g -Wall -Wextra -fno-tree-loop-distribute-patterns"

TRACE::2026-04-18.10:56:49::SCWMssOS::"Running Make libs in ps7_cortexa9_0/libsrc/usbps_v2_7/src"

TRACE::2026-04-18.10:56:49::SCWMssOS::make -C ps7_cortexa9_0/libsrc/usbps_v2_7/src -s libs  "SHELL=CMD" "COMPILER=arm-none-eabi-gcc" "ASSEMBLER=arm-none-eabi-as" "AR
TRACE::2026-04-18.10:56:49::SCWMssOS::CHIVER=arm-none-eabi-ar" "COMPILER_FLAGS=  -O2 -c" "EXTRA_COMPILER_FLAGS=-mcpu=cortex-a9 -mfpu=vfpv3 -mfloat-abi=hard -nostartf
TRACE::2026-04-18.10:56:49::SCWMssOS::iles -g -Wall -Wextra -fno-tree-loop-distribute-patterns"

TRACE::2026-04-18.10:56:49::SCWMssOS::"Running Make libs in ps7_cortexa9_0/libsrc/xadcps_v2_6/src"

TRACE::2026-04-18.10:56:49::SCWMssOS::make -C ps7_cortexa9_0/libsrc/xadcps_v2_6/src -s libs  "SHELL=CMD" "COMPILER=arm-none-eabi-gcc" "ASSEMBLER=arm-none-eabi-as" "A
TRACE::2026-04-18.10:56:49::SCWMssOS::RCHIVER=arm-none-eabi-ar" "COMPILER_FLAGS=  -O2 -c" "EXTRA_COMPILER_FLAGS=-mcpu=cortex-a9 -mfpu=vfpv3 -mfloat-abi=hard -nostart
TRACE::2026-04-18.10:56:49::SCWMssOS::files -g -Wall -Wextra -fno-tree-loop-distribute-patterns"

TRACE::2026-04-18.10:56:53::SCWMssOS::'Finished building libraries parallelly.'

TRACE::2026-04-18.10:56:53::SCWMssOS::make --no-print-directory archive

TRACE::2026-04-18.10:56:53::SCWMssOS::arm-none-eabi-ar -r  ps7_cortexa9_0/lib/libxil.a ps7_cortexa9_0/lib/_exit.o ps7_cortexa9_0/lib/_open.o ps7_cortexa9_0/lib/_sbrk
TRACE::2026-04-18.10:56:53::SCWMssOS::.o ps7_cortexa9_0/lib/abort.o ps7_cortexa9_0/lib/asm_vectors.o ps7_cortexa9_0/lib/boot.o ps7_cortexa9_0/lib/close.o ps7_cortexa
TRACE::2026-04-18.10:56:53::SCWMssOS::9_0/lib/cpputest_time.o ps7_cortexa9_0/lib/cpu_init.o ps7_cortexa9_0/lib/errno.o ps7_cortexa9_0/lib/fcntl.o ps7_cortexa9_0/lib/
TRACE::2026-04-18.10:56:53::SCWMssOS::fstat.o ps7_cortexa9_0/lib/getentropy.o ps7_cortexa9_0/lib/getpid.o ps7_cortexa9_0/lib/inbyte.o ps7_cortexa9_0/lib/isatty.o ps7
TRACE::2026-04-18.10:56:53::SCWMssOS::_cortexa9_0/lib/kill.o ps7_cortexa9_0/lib/lseek.o ps7_cortexa9_0/lib/open.o ps7_cortexa9_0/lib/outbyte.o ps7_cortexa9_0/lib/pri
TRACE::2026-04-18.10:56:53::SCWMssOS::nt.o ps7_cortexa9_0/lib/putnum.o ps7_cortexa9_0/lib/read.o ps7_cortexa9_0/lib/sbrk.o ps7_cortexa9_0/lib/sleep.o ps7_cortexa9_0/
TRACE::2026-04-18.10:56:53::SCWMssOS::lib/time.o ps7_cortexa9_0/lib/translation_table.o ps7_cortexa9_0/lib/unlink.o ps7_cortexa9_0/lib/usleep.o ps7_cortexa9_0/lib/ve
TRACE::2026-04-18.10:56:53::SCWMssOS::ctors.o ps7_cortexa9_0/lib/write.o ps7_cortexa9_0/lib/xadcps.o ps7_cortexa9_0/lib/xadcps_g.o ps7_cortexa9_0/lib/xadcps_intr.o p
TRACE::2026-04-18.10:56:53::SCWMssOS::s7_cortexa9_0/lib/xadcps_selftest.o ps7_cortexa9_0/lib/xadcps_sinit.o ps7_cortexa9_0/lib/xcoresightpsdcc.o ps7_cortexa9_0/lib/x
TRACE::2026-04-18.10:56:53::SCWMssOS::devcfg.o ps7_cortexa9_0/lib/xdevcfg_g.o ps7_cortexa9_0/lib/xdevcfg_hw.o ps7_cortexa9_0/lib/xdevcfg_intr.o ps7_cortexa9_0/lib/xd
TRACE::2026-04-18.10:56:53::SCWMssOS::evcfg_selftest.o ps7_cortexa9_0/lib/xdevcfg_sinit.o ps7_cortexa9_0/lib/xdmaps.o ps7_cortexa9_0/lib/xdmaps_g.o ps7_cortexa9_0/li
TRACE::2026-04-18.10:56:53::SCWMssOS::b/xdmaps_hw.o ps7_cortexa9_0/lib/xdmaps_selftest.o ps7_cortexa9_0/lib/xdmaps_sinit.o ps7_cortexa9_0/lib/xemacps.o ps7_cortexa9_
TRACE::2026-04-18.10:56:53::SCWMssOS::0/lib/xemacps_bdring.o ps7_cortexa9_0/lib/xemacps_control.o ps7_cortexa9_0/lib/xemacps_g.o ps7_cortexa9_0/lib/xemacps_hw.o ps7_
TRACE::2026-04-18.10:56:53::SCWMssOS::cortexa9_0/lib/xemacps_intr.o ps7_cortexa9_0/lib/xemacps_sinit.o ps7_cortexa9_0/lib/xgpiops.o ps7_cortexa9_0/lib/xgpiops_g.o ps
TRACE::2026-04-18.10:56:53::SCWMssOS::7_cortexa9_0/lib/xgpiops_hw.o ps7_cortexa9_0/lib/xgpiops_intr.o ps7_cortexa9_0/lib/xgpiops_selftest.o ps7_cortexa9_0/lib/xgpiop
TRACE::2026-04-18.10:56:53::SCWMssOS::s_sinit.o ps7_cortexa9_0/lib/xiicps.o ps7_cortexa9_0/lib/xiicps_g.o ps7_cortexa9_0/lib/xiicps_hw.o ps7_cortexa9_0/lib/xiicps_in
TRACE::2026-04-18.10:56:53::SCWMssOS::tr.o ps7_cortexa9_0/lib/xiicps_master.o ps7_cortexa9_0/lib/xiicps_options.o ps7_cortexa9_0/lib/xiicps_selftest.o ps7_cortexa9_0
TRACE::2026-04-18.10:56:53::SCWMssOS::/lib/xiicps_sinit.o ps7_cortexa9_0/lib/xiicps_slave.o ps7_cortexa9_0/lib/xiicps_xfer.o ps7_cortexa9_0/lib/xil-crt0.o ps7_cortex
TRACE::2026-04-18.10:56:53::SCWMssOS::a9_0/lib/xil_assert.o ps7_cortexa9_0/lib/xil_cache.o ps7_cortexa9_0/lib/xil_clocking.o ps7_cortexa9_0/lib/xil_exception.o ps7_c
TRACE::2026-04-18.10:56:53::SCWMssOS::ortexa9_0/lib/xil_mem.o ps7_cortexa9_0/lib/xil_misc_psreset_api.o ps7_cortexa9_0/lib/xil_mmu.o ps7_cortexa9_0/lib/xil_printf.o 
TRACE::2026-04-18.10:56:53::SCWMssOS::ps7_cortexa9_0/lib/xil_sleepcommon.o ps7_cortexa9_0/lib/xil_sleeptimer.o ps7_cortexa9_0/lib/xil_spinlock.o ps7_cortexa9_0/lib/x
TRACE::2026-04-18.10:56:53::SCWMssOS::il_testcache.o ps7_cortexa9_0/lib/xil_testio.o ps7_cortexa9_0/lib/xil_testmem.o ps7_cortexa9_0/lib/xil_util.o ps7_cortexa9_0/li
TRACE::2026-04-18.10:56:53::SCWMssOS::b/xinterrupt_wrap.o ps7_cortexa9_0/lib/xl2cc_counter.o ps7_cortexa9_0/lib/xplatform_info.o ps7_cortexa9_0/lib/xpm_counter.o ps7
TRACE::2026-04-18.10:56:53::SCWMssOS::_cortexa9_0/lib/xqspips.o ps7_cortexa9_0/lib/xqspips_g.o ps7_cortexa9_0/lib/xqspips_hw.o ps7_cortexa9_0/lib/xqspips_options.o p
TRACE::2026-04-18.10:56:53::SCWMssOS::s7_cortexa9_0/lib/xqspips_selftest.o ps7_cortexa9_0/lib/xqspips_sinit.o ps7_cortexa9_0/lib/xscugic.o ps7_cortexa9_0/lib/xscugic
TRACE::2026-04-18.10:56:53::SCWMssOS::_g.o ps7_cortexa9_0/lib/xscugic_hw.o ps7_cortexa9_0/lib/xscugic_intr.o ps7_cortexa9_0/lib/xscugic_selftest.o ps7_cortexa9_0/lib
TRACE::2026-04-18.10:56:53::SCWMssOS::/xscugic_sinit.o ps7_cortexa9_0/lib/xscutimer.o ps7_cortexa9_0/lib/xscutimer_g.o ps7_cortexa9_0/lib/xscutimer_selftest.o ps7_co
TRACE::2026-04-18.10:56:53::SCWMssOS::rtexa9_0/lib/xscutimer_sinit.o ps7_cortexa9_0/lib/xscuwdt.o ps7_cortexa9_0/lib/xscuwdt_g.o ps7_cortexa9_0/lib/xscuwdt_selftest.
TRACE::2026-04-18.10:56:53::SCWMssOS::o ps7_cortexa9_0/lib/xscuwdt_sinit.o ps7_cortexa9_0/lib/xsdps.o ps7_cortexa9_0/lib/xsdps_card.o ps7_cortexa9_0/lib/xsdps_g.o ps
TRACE::2026-04-18.10:56:53::SCWMssOS::7_cortexa9_0/lib/xsdps_host.o ps7_cortexa9_0/lib/xsdps_options.o ps7_cortexa9_0/lib/xsdps_sinit.o ps7_cortexa9_0/lib/xtime_l.o 
TRACE::2026-04-18.10:56:53::SCWMssOS::ps7_cortexa9_0/lib/xuartps.o ps7_cortexa9_0/lib/xuartps_g.o ps7_cortexa9_0/lib/xuartps_hw.o ps7_cortexa9_0/lib/xuartps_intr.o p
TRACE::2026-04-18.10:56:53::SCWMssOS::s7_cortexa9_0/lib/xuartps_options.o ps7_cortexa9_0/lib/xuartps_selftest.o ps7_cortexa9_0/lib/xuartps_sinit.o ps7_cortexa9_0/lib
TRACE::2026-04-18.10:56:53::SCWMssOS::/xusbps.o ps7_cortexa9_0/lib/xusbps_endpoint.o ps7_cortexa9_0/lib/xusbps_g.o ps7_cortexa9_0/lib/xusbps_hw.o ps7_cortexa9_0/lib/
TRACE::2026-04-18.10:56:53::SCWMssOS::xusbps_intr.o ps7_cortexa9_0/lib/xusbps_sinit.o

TRACE::2026-04-18.10:56:53::SCWMssOS::'Finished building libraries'

TRACE::2026-04-18.10:56:54::SCWMssOS::Copying to export directory.
TRACE::2026-04-18.10:56:54::SCWMssOS:: Checking if to create the Supporting Applications
TRACE::2026-04-18.10:56:54::SCWMssOS:: No Linux domain exists, trying to generate FSBL 
LOG::2026-04-18.10:56:54::SCWSystem::Completed Processing the domain standalone_domain
LOG::2026-04-18.10:56:54::SCWSystem::Completed Processing the sysconfig project_1_plat
LOG::2026-04-18.10:56:54::SCWPlatform::Completed generating the artifacts for system configuration project_1_plat
TRACE::2026-04-18.10:56:54::SCWPlatform::Started preparing the platform 
TRACE::2026-04-18.10:56:54::SCWSystem::Writing the bif file for system config project_1_plat
TRACE::2026-04-18.10:56:54::SCWSystem::dir created 
TRACE::2026-04-18.10:56:54::SCWSystem::Writing the bif 
TRACE::2026-04-18.10:56:54::SCWPlatform::Started writing the spfm file 
TRACE::2026-04-18.10:56:54::SCWPlatform::Started writing the xpfm file 
TRACE::2026-04-18.10:56:54::SCWPlatform::Completed generating the platform
TRACE::2026-04-18.10:56:54::SCWMssOS::Saving the mss changes C:/Users/kc10b/Vivado/ECE520L/FinalProject/project_1/project_1_vitis/project_1_plat/zynq_fsbl/zynq_fsbl_bsp/system.mss
TRACE::2026-04-18.10:56:54::SCWMssOS::Found a swdesign opened with the mssfile.
TRACE::2026-04-18.10:56:54::SCWMssOS::Completed writemss as part of save.
TRACE::2026-04-18.10:56:54::SCWMssOS::Commit changes completed.
TRACE::2026-04-18.10:56:54::SCWMssOS::Saving the mss changes C:/Users/kc10b/Vivado/ECE520L/FinalProject/project_1/project_1_vitis/project_1_plat/ps7_cortexa9_0/standalone_domain/bsp/system.mss
TRACE::2026-04-18.10:56:54::SCWMssOS::Found a swdesign opened with the mssfile.
TRACE::2026-04-18.10:56:54::SCWMssOS::Completed writemss as part of save.
TRACE::2026-04-18.10:56:54::SCWMssOS::Commit changes completed.
TRACE::2026-04-18.10:56:54::SCWPlatform::Trying to open the hw design at C:/Users/kc10b/Vivado/ECE520L/FinalProject/project_1/project_1_vitis/project_1_plat/hw/design_1_wrapper.xsa
TRACE::2026-04-18.10:56:54::SCWPlatform::DSA given C:/Users/kc10b/Vivado/ECE520L/FinalProject/project_1/project_1_vitis/project_1_plat/hw/design_1_wrapper.xsa
TRACE::2026-04-18.10:56:54::SCWPlatform::DSA absoulate path C:/Users/kc10b/Vivado/ECE520L/FinalProject/project_1/project_1_vitis/project_1_plat/hw/design_1_wrapper.xsa
TRACE::2026-04-18.10:56:54::SCWPlatform::DSA directory C:/Users/kc10b/Vivado/ECE520L/FinalProject/project_1/project_1_vitis/project_1_plat/hw
TRACE::2026-04-18.10:56:54::SCWPlatform:: Platform Path C:/Users/kc10b/Vivado/ECE520L/FinalProject/project_1/project_1_vitis/project_1_plat/hw/design_1_wrapper.xsa
TRACE::2026-04-18.10:56:54::SCWPlatform:: Unique name xilinx:zybo-z7-10::0.0
TRACE::2026-04-18.10:56:54::SCWPlatform::Trying to set the existing hwdb with name design_1_wrapper_1
TRACE::2026-04-18.10:56:54::SCWPlatform::Opened existing hwdb design_1_wrapper_1
TRACE::2026-04-18.10:56:54::SCWPlatform::Found the Hw Db part of the input DSA
TRACE::2026-04-18.10:56:54::SCWMssOS::Checking the sw design at  C:/Users/kc10b/Vivado/ECE520L/FinalProject/project_1/project_1_vitis/project_1_plat/zynq_fsbl/zynq_fsbl_bsp/system.mss
TRACE::2026-04-18.10:56:54::SCWMssOS::DEBUG:  swdes dump  C:/Users/kc10b/Vivado/ECE520L/FinalProject/project_1/project_1_vitis/project_1_plat/ps7_cortexa9_0/standalone_domain/bsp/system.mss|system_0||
C:/Users/kc10b/Vivado/ECE520L/FinalProject/project_1/project_1_vitis/project_1_plat/zynq_fsbl/zynq_fsbl_bsp/system.mss|system||

TRACE::2026-04-18.10:56:54::SCWMssOS::Sw design exists and opened at  C:/Users/kc10b/Vivado/ECE520L/FinalProject/project_1/project_1_vitis/project_1_plat/zynq_fsbl/zynq_fsbl_bsp/system.mss
TRACE::2026-04-18.10:56:54::SCWPlatform::Trying to open the hw design at C:/Users/kc10b/Vivado/ECE520L/FinalProject/project_1/project_1_vitis/project_1_plat/hw/design_1_wrapper.xsa
TRACE::2026-04-18.10:56:54::SCWPlatform::DSA given C:/Users/kc10b/Vivado/ECE520L/FinalProject/project_1/project_1_vitis/project_1_plat/hw/design_1_wrapper.xsa
TRACE::2026-04-18.10:56:54::SCWPlatform::DSA absoulate path C:/Users/kc10b/Vivado/ECE520L/FinalProject/project_1/project_1_vitis/project_1_plat/hw/design_1_wrapper.xsa
TRACE::2026-04-18.10:56:54::SCWPlatform::DSA directory C:/Users/kc10b/Vivado/ECE520L/FinalProject/project_1/project_1_vitis/project_1_plat/hw
TRACE::2026-04-18.10:56:54::SCWPlatform:: Platform Path C:/Users/kc10b/Vivado/ECE520L/FinalProject/project_1/project_1_vitis/project_1_plat/hw/design_1_wrapper.xsa
TRACE::2026-04-18.10:56:54::SCWPlatform:: Unique name xilinx:zybo-z7-10::0.0
TRACE::2026-04-18.10:56:54::SCWPlatform::Trying to set the existing hwdb with name design_1_wrapper_1
TRACE::2026-04-18.10:56:54::SCWPlatform::Opened existing hwdb design_1_wrapper_1
TRACE::2026-04-18.10:56:54::SCWPlatform::Found the Hw Db part of the input DSA
TRACE::2026-04-18.10:56:54::SCWMssOS::Checking the sw design at  C:/Users/kc10b/Vivado/ECE520L/FinalProject/project_1/project_1_vitis/project_1_plat/ps7_cortexa9_0/standalone_domain/bsp/system.mss
TRACE::2026-04-18.10:56:54::SCWMssOS::DEBUG:  swdes dump  C:/Users/kc10b/Vivado/ECE520L/FinalProject/project_1/project_1_vitis/project_1_plat/ps7_cortexa9_0/standalone_domain/bsp/system.mss|system_0||
C:/Users/kc10b/Vivado/ECE520L/FinalProject/project_1/project_1_vitis/project_1_plat/zynq_fsbl/zynq_fsbl_bsp/system.mss|system||

TRACE::2026-04-18.10:56:54::SCWMssOS::Sw design exists and opened at  C:/Users/kc10b/Vivado/ECE520L/FinalProject/project_1/project_1_vitis/project_1_plat/ps7_cortexa9_0/standalone_domain/bsp/system.mss
TRACE::2026-04-18.10:56:54::SCWWriter::formatted JSON is {
	"platformName":	"project_1_plat",
	"sprVersion":	"2.0",
	"mode":	"gui",
	"dsaType":	"Fixed",
	"platformDesc":	"project_1_plat",
	"platHandOff":	"C:/Users/kc10b/Vivado/ECE520L/FinalProject/project_1/design_1_wrapper.xsa",
	"platIntHandOff":	"<platformDir>/hw/design_1_wrapper.xsa",
	"deviceType":	"zynq",
	"platIsPrebuiltAutogen":	"false",
	"platIsNoBootBsp":	"false",
	"hasFsblMakeHasChanges":	"false",
	"hasPmufwMakeHasChanges":	"false",
	"fsblExtraCompilerFlags":	"-MMD -MP       -mcpu=cortex-a9 -mfpu=vfpv3 -mfloat-abi=hard ",
	"platPreBuiltFlag":	false,
	"platformSamplesDir":	"",
	"platActiveSys":	"project_1_plat",
	"systems":	[{
			"systemName":	"project_1_plat",
			"systemDesc":	"project_1_plat",
			"sysIsBootAutoGen":	"true",
			"systemDispName":	"project_1_plat",
			"sysActiveDom":	"zynq_fsbl",
			"sysDefaultDom":	"standalone_domain",
			"domains":	[{
					"domainName":	"zynq_fsbl",
					"domainDispName":	"zynq_fsbl",
					"domainDesc":	"FSBL Application BSP - Auto Generated.",
					"processors":	"ps7_cortexa9_0",
					"os":	"standalone",
					"sdxOs":	"standalone",
					"debugEnable":	"",
					"domRuntimes":	["cpp"],
					"swRepo":	"",
					"mssOsVer":	"8.1",
					"mssFile":	"",
					"md5Digest":	"220e880f0e95da936ca4d2fda7e55439",
					"compatibleApp":	"zynq_fsbl",
					"domType":	"bootDomain",
					"arch":	"32-bit",
					"appSettings":	{
						"appCompilerFlags":	"",
						"appLinkerFlags":	""
					},
					"addedLibs":	["xilffs:5.0", "xilrsa:1.6"],
					"libOptions":	{
						"libsContainingOptions":	[]
					},
					"changedDrivers":	{
						"axi_gpio_0":	"none:",
						"changedCells":	["axi_gpio_0"]
					},
					"prebuiltLibs":	{
						"prebuiltIncPath":	[],
						"prebuiltLibPath":	[]
					},
					"isolation":	{
					}
				}, {
					"domainName":	"standalone_domain",
					"domainDispName":	"standalone on ps7_cortexa9_0",
					"domainDesc":	"standalone_domain",
					"processors":	"ps7_cortexa9_0",
					"os":	"standalone",
					"sdxOs":	"standalone",
					"qemuArgs":	"<platformDir>/resources/project_1_plat/standalone_domain/qemu_args.txt",
					"qemuData":	"<platformDir>/resources/project_1_plat/standalone_domain/qemu",
					"debugEnable":	"False",
					"domRuntimes":	["cpp"],
					"swRepo":	"",
					"mssOsVer":	"8.1",
					"mssFile":	"",
					"md5Digest":	"413498c9eefe058ad8948b4db997813c",
					"compatibleApp":	"",
					"domType":	"mssDomain",
					"appSettings":	{
						"appCompilerFlags":	"",
						"appLinkerFlags":	""
					},
					"addedLibs":	[],
					"libOptions":	{
						"libsContainingOptions":	[]
					},
					"changedDrivers":	{
						"axi_gpio_0":	"none:",
						"changedCells":	["axi_gpio_0"]
					},
					"prebuiltLibs":	{
						"prebuiltIncPath":	[],
						"prebuiltLibPath":	[]
					},
					"isolation":	{
					}
				}]
		}]
}
KEYINFO::2026-04-18.10:56:54::SCWPlatform::updated the xpfm file.
TRACE::2026-04-18.10:56:55::SCWPlatform::Trying to open the hw design at C:/Users/kc10b/Vivado/ECE520L/FinalProject/project_1/project_1_vitis/project_1_plat/hw/design_1_wrapper.xsa
TRACE::2026-04-18.10:56:55::SCWPlatform::DSA given C:/Users/kc10b/Vivado/ECE520L/FinalProject/project_1/project_1_vitis/project_1_plat/hw/design_1_wrapper.xsa
TRACE::2026-04-18.10:56:55::SCWPlatform::DSA absoulate path C:/Users/kc10b/Vivado/ECE520L/FinalProject/project_1/project_1_vitis/project_1_plat/hw/design_1_wrapper.xsa
TRACE::2026-04-18.10:56:55::SCWPlatform::DSA directory C:/Users/kc10b/Vivado/ECE520L/FinalProject/project_1/project_1_vitis/project_1_plat/hw
TRACE::2026-04-18.10:56:55::SCWPlatform:: Platform Path C:/Users/kc10b/Vivado/ECE520L/FinalProject/project_1/project_1_vitis/project_1_plat/hw/design_1_wrapper.xsa
TRACE::2026-04-18.10:56:55::SCWPlatform:: Unique name xilinx:zybo-z7-10::0.0
TRACE::2026-04-18.10:56:55::SCWPlatform::Trying to set the existing hwdb with name design_1_wrapper_1
TRACE::2026-04-18.10:56:55::SCWPlatform::Opened existing hwdb design_1_wrapper_1
TRACE::2026-04-18.10:56:55::SCWPlatform::Found the Hw Db part of the input DSA
TRACE::2026-04-18.10:56:55::SCWMssOS::Checking the sw design at  C:/Users/kc10b/Vivado/ECE520L/FinalProject/project_1/project_1_vitis/project_1_plat/ps7_cortexa9_0/standalone_domain/bsp/system.mss
TRACE::2026-04-18.10:56:55::SCWMssOS::DEBUG:  swdes dump  C:/Users/kc10b/Vivado/ECE520L/FinalProject/project_1/project_1_vitis/project_1_plat/ps7_cortexa9_0/standalone_domain/bsp/system.mss|system_0||
C:/Users/kc10b/Vivado/ECE520L/FinalProject/project_1/project_1_vitis/project_1_plat/zynq_fsbl/zynq_fsbl_bsp/system.mss|system||

TRACE::2026-04-18.10:56:55::SCWMssOS::Sw design exists and opened at  C:/Users/kc10b/Vivado/ECE520L/FinalProject/project_1/project_1_vitis/project_1_plat/ps7_cortexa9_0/standalone_domain/bsp/system.mss
