14:55:35 DEBUG : Logs will be stored at 'C:/Users/trans/Desktop/project_1/project_1_work_vitis/IDE.log'.
14:55:47 INFO  : Registering command handlers for Vitis TCF services
14:55:47 INFO  : Launching XSCT server: xsct.bat -n  -interactive C:\Users\trans\Desktop\project_1\project_1_work_vitis\temp_xsdb_launch_script.tcl
14:55:48 INFO  : Platform repository initialization has completed.
14:55:50 INFO  : XSCT server has started successfully.
14:55:50 INFO  : Successfully done setting XSCT server connection channel  
14:55:53 INFO  : plnx-install-location is set to ''
14:55:53 INFO  : Successfully done setting workspace for the tool. 
14:55:53 INFO  : Successfully done query RDI_DATADIR 
14:57:00 INFO  : Result from executing command 'getProjects': project_1_work_plat
14:57:00 INFO  : Result from executing command 'getPlatforms': xilinx_vck190_base_202310_1|C:/Xilinx/Vitis/2023.1/base_platforms/xilinx_vck190_base_202310_1/xilinx_vck190_base_202310_1.xpfm;xilinx_vck190_base_dfx_202310_1|C:/Xilinx/Vitis/2023.1/base_platforms/xilinx_vck190_base_dfx_202310_1/xilinx_vck190_base_dfx_202310_1.xpfm;xilinx_vek280_es1_base_202310_1|C:/Xilinx/Vitis/2023.1/base_platforms/xilinx_vek280_es1_base_202310_1/xilinx_vek280_es1_base_202310_1.xpfm;xilinx_vmk180_base_202310_1|C:/Xilinx/Vitis/2023.1/base_platforms/xilinx_vmk180_base_202310_1/xilinx_vmk180_base_202310_1.xpfm;xilinx_zcu102_base_202310_1|C:/Xilinx/Vitis/2023.1/base_platforms/xilinx_zcu102_base_202310_1/xilinx_zcu102_base_202310_1.xpfm;xilinx_zcu102_base_dfx_202310_1|C:/Xilinx/Vitis/2023.1/base_platforms/xilinx_zcu102_base_dfx_202310_1/xilinx_zcu102_base_dfx_202310_1.xpfm;xilinx_zcu104_base_202310_1|C:/Xilinx/Vitis/2023.1/base_platforms/xilinx_zcu104_base_202310_1/xilinx_zcu104_base_202310_1.xpfm
14:57:28 ERROR : (XSDB Server)rm: cannot lstat `*.o': Invalid argument

14:57:28 ERROR : (XSDB Server)make: *** [Makefile:42: clean] Error 1

15:01:23 INFO  : Result from executing command 'getProjects': project_1_work_plat
15:01:23 INFO  : Result from executing command 'getPlatforms': project_1_work_plat|C:/Users/trans/Desktop/project_1/project_1_work_vitis/project_1_work_plat/export/project_1_work_plat/project_1_work_plat.xpfm;xilinx_vck190_base_202310_1|C:/Xilinx/Vitis/2023.1/base_platforms/xilinx_vck190_base_202310_1/xilinx_vck190_base_202310_1.xpfm;xilinx_vck190_base_dfx_202310_1|C:/Xilinx/Vitis/2023.1/base_platforms/xilinx_vck190_base_dfx_202310_1/xilinx_vck190_base_dfx_202310_1.xpfm;xilinx_vek280_es1_base_202310_1|C:/Xilinx/Vitis/2023.1/base_platforms/xilinx_vek280_es1_base_202310_1/xilinx_vek280_es1_base_202310_1.xpfm;xilinx_vmk180_base_202310_1|C:/Xilinx/Vitis/2023.1/base_platforms/xilinx_vmk180_base_202310_1/xilinx_vmk180_base_202310_1.xpfm;xilinx_zcu102_base_202310_1|C:/Xilinx/Vitis/2023.1/base_platforms/xilinx_zcu102_base_202310_1/xilinx_zcu102_base_202310_1.xpfm;xilinx_zcu102_base_dfx_202310_1|C:/Xilinx/Vitis/2023.1/base_platforms/xilinx_zcu102_base_dfx_202310_1/xilinx_zcu102_base_dfx_202310_1.xpfm;xilinx_zcu104_base_202310_1|C:/Xilinx/Vitis/2023.1/base_platforms/xilinx_zcu104_base_202310_1/xilinx_zcu104_base_202310_1.xpfm
15:01:37 INFO  : Checking for BSP changes to sync application flags for project 'project_1_work_app'...
15:01:37 INFO  : Updating application flags with new BSP settings...
15:01:37 INFO  : Successfully updated application flags for project project_1_work_app.
15:02:21 INFO  : Connected to target on host '127.0.0.1' and port '3121'.
15:02:40 INFO  : ----------------XSDB Script----------------
connect -url tcp:127.0.0.1:3121
----------------End of Script----------------

15:02:40 ERROR : Could not find ARM device on the board for connection 'Local'.
Check if the target is in:
1. Split JTAG - No operations are possible with ARM DAP.
2. Non JTAG bootmode - Bootrom may need time to enable DAP.
Please try again.


Troubleshooting hints:
1. Check whether board is connected to system properly.
2. In case of zynq board, check whether Digilent/Xilinx cable switch settings are correct.
3. If you are using Xilinx Platform Cable USB, ensure that status LED is green.
15:04:42 INFO  : Connected to target on host '127.0.0.1' and port '3121'.
15:04:42 INFO  : Jtag cable 'Digilent Zybo Z7 210351BE7A44A' is selected.
15:04:42 INFO  : 'jtag frequency' command is executed.
15:04:42 INFO  : Context for 'APU' is selected.
15:04:43 INFO  : System reset is completed.
15:04:46 INFO  : 'after 3000' command is executed.
15:04:46 INFO  : 'targets -set -filter {jtag_cable_name =~ "Digilent Zybo Z7 210351BE7A44A" && level==0 && jtag_device_ctx=="jsn-Zybo Z7-210351BE7A44A-13722093-0"}' command is executed.
15:04:47 INFO  : Device configured successfully with "C:/Users/trans/Desktop/project_1/project_1_work_vitis/project_1_work_app/_ide/bitstream/design_1_wrapper1.bit"
15:04:47 INFO  : Context for 'APU' is selected.
15:04:47 INFO  : Hardware design and registers information is loaded from 'C:/Users/trans/Desktop/project_1/project_1_work_vitis/project_1_work_plat/export/project_1_work_plat/hw/design_1_wrapper1.xsa'.
15:04:47 INFO  : 'configparams force-mem-access 1' command is executed.
15:04:47 INFO  : Context for 'APU' is selected.
15:04:47 INFO  : Sourcing of 'C:/Users/trans/Desktop/project_1/project_1_work_vitis/project_1_work_app/_ide/psinit/ps7_init.tcl' is done.
15:04:47 INFO  : 'ps7_init' command is executed.
15:04:47 INFO  : 'ps7_post_config' command is executed.
15:04:47 INFO  : Context for processor 'ps7_cortexa9_0' is selected.
15:04:48 INFO  : The application 'C:/Users/trans/Desktop/project_1/project_1_work_vitis/project_1_work_app/Debug/project_1_work_app.elf' is downloaded to processor 'ps7_cortexa9_0'.
15:04:48 INFO  : 'configparams force-mem-access 0' command is executed.
15:04:48 INFO  : ----------------XSDB Script----------------
connect -url tcp:127.0.0.1:3121
targets -set -nocase -filter {name =~"APU*"}
rst -system
after 3000
targets -set -filter {jtag_cable_name =~ "Digilent Zybo Z7 210351BE7A44A" && level==0 && jtag_device_ctx=="jsn-Zybo Z7-210351BE7A44A-13722093-0"}
fpga -file C:/Users/trans/Desktop/project_1/project_1_work_vitis/project_1_work_app/_ide/bitstream/design_1_wrapper1.bit
targets -set -nocase -filter {name =~"APU*"}
loadhw -hw C:/Users/trans/Desktop/project_1/project_1_work_vitis/project_1_work_plat/export/project_1_work_plat/hw/design_1_wrapper1.xsa -mem-ranges [list {0x40000000 0xbfffffff}] -regs
configparams force-mem-access 1
targets -set -nocase -filter {name =~"APU*"}
source C:/Users/trans/Desktop/project_1/project_1_work_vitis/project_1_work_app/_ide/psinit/ps7_init.tcl
ps7_init
ps7_post_config
targets -set -nocase -filter {name =~ "*A9*#0"}
dow C:/Users/trans/Desktop/project_1/project_1_work_vitis/project_1_work_app/Debug/project_1_work_app.elf
configparams force-mem-access 0
----------------End of Script----------------

15:04:48 INFO  : Context for processor 'ps7_cortexa9_0' is selected.
15:04:48 INFO  : 'con' command is executed.
15:04:48 INFO  : ----------------XSDB Script (After Launch)----------------
targets -set -nocase -filter {name =~ "*A9*#0"}
con
----------------End of Script----------------

15:04:48 INFO  : Launch script is exported to file 'C:\Users\trans\Desktop\project_1\project_1_work_vitis\project_1_work_app_system\_ide\scripts\debugger_project_1_work_app-default.tcl'
16:44:31 INFO  : Disconnected from the channel tcfchan#3.
16:44:36 DEBUG : Logs will be stored at 'C:/Users/trans/Desktop/project_1/project_1_work_vitis/IDE.log'.
16:44:37 INFO  : Launching XSCT server: xsct.bat -n  -interactive C:\Users\trans\Desktop\project_1\project_1_work_vitis\temp_xsdb_launch_script.tcl
16:44:40 INFO  : XSCT server has started successfully.
16:44:40 INFO  : Successfully done setting XSCT server connection channel  
16:44:40 INFO  : plnx-install-location is set to ''
16:44:40 INFO  : Successfully done setting workspace for the tool. 
16:44:40 INFO  : Platform repository initialization has completed.
16:44:40 INFO  : Registering command handlers for Vitis TCF services
16:44:42 INFO  : Successfully done query RDI_DATADIR 
16:45:11 INFO  : Hardware specification for platform project 'project_1_work_plat' is updated.
16:47:33 INFO  : Result from executing command 'getProjects': project_1_work_plat
16:47:33 INFO  : Result from executing command 'getPlatforms': project_1_work_plat|C:/Users/trans/Desktop/project_1/project_1_work_vitis/project_1_work_plat/export/project_1_work_plat/project_1_work_plat.xpfm;xilinx_vck190_base_202310_1|C:/Xilinx/Vitis/2023.1/base_platforms/xilinx_vck190_base_202310_1/xilinx_vck190_base_202310_1.xpfm;xilinx_vck190_base_dfx_202310_1|C:/Xilinx/Vitis/2023.1/base_platforms/xilinx_vck190_base_dfx_202310_1/xilinx_vck190_base_dfx_202310_1.xpfm;xilinx_vek280_es1_base_202310_1|C:/Xilinx/Vitis/2023.1/base_platforms/xilinx_vek280_es1_base_202310_1/xilinx_vek280_es1_base_202310_1.xpfm;xilinx_vmk180_base_202310_1|C:/Xilinx/Vitis/2023.1/base_platforms/xilinx_vmk180_base_202310_1/xilinx_vmk180_base_202310_1.xpfm;xilinx_zcu102_base_202310_1|C:/Xilinx/Vitis/2023.1/base_platforms/xilinx_zcu102_base_202310_1/xilinx_zcu102_base_202310_1.xpfm;xilinx_zcu102_base_dfx_202310_1|C:/Xilinx/Vitis/2023.1/base_platforms/xilinx_zcu102_base_dfx_202310_1/xilinx_zcu102_base_dfx_202310_1.xpfm;xilinx_zcu104_base_202310_1|C:/Xilinx/Vitis/2023.1/base_platforms/xilinx_zcu104_base_202310_1/xilinx_zcu104_base_202310_1.xpfm
16:54:41 INFO  : Checking for BSP changes to sync application flags for project 'project_1_work_app'...
16:54:43 INFO  : Updating application flags with new BSP settings...
16:54:43 INFO  : Successfully updated application flags for project project_1_work_app.
16:54:45 INFO  : The hardware specification used by project 'project_1_work_app' is out of sync with the platform. Resource files extracted from the hardware specification will be updated.
16:54:45 INFO  : The file 'C:\Users\trans\Desktop\project_1\project_1_work_vitis\project_1_work_app\_ide\bitstream\design_1_wrapper1.bit' stored in project is removed.
16:54:45 INFO  : The updated bitstream files are copied from platform to folder 'C:\Users\trans\Desktop\project_1\project_1_work_vitis\project_1_work_app\_ide\bitstream' in project 'project_1_work_app'.
16:54:45 INFO  : The file 'C:\Users\trans\Desktop\project_1\project_1_work_vitis\project_1_work_app\_ide\psinit\ps7_init.tcl' stored in project is removed.
16:54:48 INFO  : The updated ps init files are copied from platform to folder 'C:\Users\trans\Desktop\project_1\project_1_work_vitis\project_1_work_app\_ide\psinit' in project 'project_1_work_app'.
16:56:45 INFO  : Connected to target on host '127.0.0.1' and port '3121'.
16:56:46 INFO  : Jtag cable 'Digilent Zybo Z7 210351B3FED4A' is selected.
16:56:46 INFO  : 'jtag frequency' command is executed.
16:56:46 INFO  : Context for 'APU' is selected.
16:56:46 INFO  : System reset is completed.
16:56:49 INFO  : 'after 3000' command is executed.
16:56:49 INFO  : 'targets -set -filter {jtag_cable_name =~ "Digilent Zybo Z7 210351B3FED4A" && level==0 && jtag_device_ctx=="jsn-Zybo Z7-210351B3FED4A-13722093-0"}' command is executed.
16:56:49 ERROR : couldn't open "C:/Users/trans/Desktop/project_1/project_1_work_vitis/project_1_work_app/_ide/bitstream/design_1_wrapper1.bit": no such file or directory
16:56:49 ERROR : Exception occured while running Program Device.
java.lang.RuntimeException: couldn't open "C:/Users/trans/Desktop/project_1/project_1_work_vitis/project_1_work_app/_ide/bitstream/design_1_wrapper1.bit": no such file or directory
16:56:49 INFO  : ----------------XSDB Script----------------
connect -url tcp:127.0.0.1:3121
targets -set -nocase -filter {name =~"APU*"}
rst -system
after 3000
----------------End of Script----------------

16:56:49 ERROR : couldn't open "C:/Users/trans/Desktop/project_1/project_1_work_vitis/project_1_work_app/_ide/bitstream/design_1_wrapper1.bit": no such file or directory
17:02:18 INFO  : Hardware specification for platform project 'project_1_work_plat' is updated.
17:02:27 INFO  : Result from executing command 'removePlatformRepo': 
17:02:58 INFO  : Result from executing command 'getProjects': project_1_work_plat
17:02:58 INFO  : Result from executing command 'getPlatforms': xilinx_vck190_base_202310_1|C:/Xilinx/Vitis/2023.1/base_platforms/xilinx_vck190_base_202310_1/xilinx_vck190_base_202310_1.xpfm;xilinx_vck190_base_dfx_202310_1|C:/Xilinx/Vitis/2023.1/base_platforms/xilinx_vck190_base_dfx_202310_1/xilinx_vck190_base_dfx_202310_1.xpfm;xilinx_vek280_es1_base_202310_1|C:/Xilinx/Vitis/2023.1/base_platforms/xilinx_vek280_es1_base_202310_1/xilinx_vek280_es1_base_202310_1.xpfm;xilinx_vmk180_base_202310_1|C:/Xilinx/Vitis/2023.1/base_platforms/xilinx_vmk180_base_202310_1/xilinx_vmk180_base_202310_1.xpfm;xilinx_zcu102_base_202310_1|C:/Xilinx/Vitis/2023.1/base_platforms/xilinx_zcu102_base_202310_1/xilinx_zcu102_base_202310_1.xpfm;xilinx_zcu102_base_dfx_202310_1|C:/Xilinx/Vitis/2023.1/base_platforms/xilinx_zcu102_base_dfx_202310_1/xilinx_zcu102_base_dfx_202310_1.xpfm;xilinx_zcu104_base_202310_1|C:/Xilinx/Vitis/2023.1/base_platforms/xilinx_zcu104_base_202310_1/xilinx_zcu104_base_202310_1.xpfm
17:04:20 INFO  : Checking for BSP changes to sync application flags for project 'project_1_work_app'...
17:04:28 INFO  : Checking for BSP changes to sync application flags for project 'project_1_work_app'...
17:04:28 INFO  : The hardware specification used by project 'project_1_work_app' is out of sync with the platform. Resource files extracted from the hardware specification will be updated.
17:04:28 INFO  : The file 'C:\Users\trans\Desktop\project_1\project_1_work_vitis\project_1_work_app\_ide\bitstream\design_1_new_wrapper.bit' stored in project is removed.
17:04:28 INFO  : The updated bitstream files are copied from platform to folder 'C:\Users\trans\Desktop\project_1\project_1_work_vitis\project_1_work_app\_ide\bitstream' in project 'project_1_work_app'.
17:04:28 INFO  : The file 'C:\Users\trans\Desktop\project_1\project_1_work_vitis\project_1_work_app\_ide\psinit\ps7_init.tcl' stored in project is removed.
17:04:33 INFO  : The updated ps init files are copied from platform to folder 'C:\Users\trans\Desktop\project_1\project_1_work_vitis\project_1_work_app\_ide\psinit' in project 'project_1_work_app'.
17:04:50 INFO  : Connected to target on host '127.0.0.1' and port '3121'.
17:04:50 INFO  : Jtag cable 'Digilent Zybo Z7 210351B3FED4A' is selected.
17:04:50 INFO  : 'jtag frequency' command is executed.
17:04:50 INFO  : Context for 'APU' is selected.
17:04:50 INFO  : System reset is completed.
17:04:53 INFO  : 'after 3000' command is executed.
17:04:53 INFO  : 'targets -set -filter {jtag_cable_name =~ "Digilent Zybo Z7 210351B3FED4A" && level==0 && jtag_device_ctx=="jsn-Zybo Z7-210351B3FED4A-13722093-0"}' command is executed.
17:04:53 ERROR : couldn't open "C:/Users/trans/Desktop/project_1/project_1_work_vitis/project_1_work_app/_ide/bitstream/design_1_wrapper1.bit": no such file or directory
17:04:53 ERROR : Exception occured while running Program Device.
java.lang.RuntimeException: couldn't open "C:/Users/trans/Desktop/project_1/project_1_work_vitis/project_1_work_app/_ide/bitstream/design_1_wrapper1.bit": no such file or directory
17:04:53 INFO  : ----------------XSDB Script----------------
connect -url tcp:127.0.0.1:3121
targets -set -nocase -filter {name =~"APU*"}
rst -system
after 3000
----------------End of Script----------------

17:04:53 ERROR : couldn't open "C:/Users/trans/Desktop/project_1/project_1_work_vitis/project_1_work_app/_ide/bitstream/design_1_wrapper1.bit": no such file or directory
17:09:41 INFO  : Connected to target on host '127.0.0.1' and port '3121'.
17:09:41 INFO  : Jtag cable 'Digilent Zybo Z7 210351B3FED4A' is selected.
17:09:41 INFO  : 'jtag frequency' command is executed.
17:09:41 INFO  : Context for 'APU' is selected.
17:09:41 INFO  : System reset is completed.
17:09:44 INFO  : 'after 3000' command is executed.
17:09:44 INFO  : 'targets -set -filter {jtag_cable_name =~ "Digilent Zybo Z7 210351B3FED4A" && level==0 && jtag_device_ctx=="jsn-Zybo Z7-210351B3FED4A-13722093-0"}' command is executed.
17:09:45 INFO  : Device configured successfully with "C:/Users/trans/Desktop/project_1/project_1_work_vitis/project_1_work_app/_ide/bitstream/design_1_wrapper1.bit"
17:09:45 INFO  : Context for 'APU' is selected.
17:09:45 INFO  : Hardware design and registers information is loaded from 'C:/Users/trans/Desktop/project_1/project_1_work_vitis/project_1_work_plat/export/project_1_work_plat/hw/design_1_new_again_wrapper.xsa'.
17:09:45 INFO  : 'configparams force-mem-access 1' command is executed.
17:09:45 INFO  : Context for 'APU' is selected.
17:09:45 INFO  : Sourcing of 'C:/Users/trans/Desktop/project_1/project_1_work_vitis/project_1_work_app/_ide/psinit/ps7_init.tcl' is done.
17:09:45 INFO  : 'ps7_init' command is executed.
17:09:45 INFO  : 'ps7_post_config' command is executed.
17:09:45 INFO  : Context for processor 'ps7_cortexa9_0' is selected.
17:09:46 INFO  : The application 'C:/Users/trans/Desktop/project_1/project_1_work_vitis/project_1_work_app/Debug/project_1_work_app.elf' is downloaded to processor 'ps7_cortexa9_0'.
17:09:46 INFO  : 'configparams force-mem-access 0' command is executed.
17:09:46 INFO  : ----------------XSDB Script----------------
connect -url tcp:127.0.0.1:3121
targets -set -nocase -filter {name =~"APU*"}
rst -system
after 3000
targets -set -filter {jtag_cable_name =~ "Digilent Zybo Z7 210351B3FED4A" && level==0 && jtag_device_ctx=="jsn-Zybo Z7-210351B3FED4A-13722093-0"}
fpga -file C:/Users/trans/Desktop/project_1/project_1_work_vitis/project_1_work_app/_ide/bitstream/design_1_wrapper1.bit
targets -set -nocase -filter {name =~"APU*"}
loadhw -hw C:/Users/trans/Desktop/project_1/project_1_work_vitis/project_1_work_plat/export/project_1_work_plat/hw/design_1_new_again_wrapper.xsa -mem-ranges [list {0x40000000 0xbfffffff}] -regs
configparams force-mem-access 1
targets -set -nocase -filter {name =~"APU*"}
source C:/Users/trans/Desktop/project_1/project_1_work_vitis/project_1_work_app/_ide/psinit/ps7_init.tcl
ps7_init
ps7_post_config
targets -set -nocase -filter {name =~ "*A9*#0"}
dow C:/Users/trans/Desktop/project_1/project_1_work_vitis/project_1_work_app/Debug/project_1_work_app.elf
configparams force-mem-access 0
----------------End of Script----------------

17:09:46 INFO  : Context for processor 'ps7_cortexa9_0' is selected.
17:09:46 INFO  : 'con' command is executed.
17:09:46 INFO  : ----------------XSDB Script (After Launch)----------------
targets -set -nocase -filter {name =~ "*A9*#0"}
con
----------------End of Script----------------

17:09:46 INFO  : Launch script is exported to file 'C:\Users\trans\Desktop\project_1\project_1_work_vitis\project_1_work_app_system\_ide\scripts\debugger_project_1_work_app-default.tcl'
17:12:31 INFO  : Checking for BSP changes to sync application flags for project 'project_1_work_app'...
17:12:45 INFO  : Disconnected from the channel tcfchan#3.
17:12:46 INFO  : Connected to target on host '127.0.0.1' and port '3121'.
17:12:46 INFO  : Jtag cable 'Digilent Zybo Z7 210351B3FED4A' is selected.
17:12:46 INFO  : 'jtag frequency' command is executed.
17:12:46 INFO  : Context for 'APU' is selected.
17:12:46 INFO  : System reset is completed.
17:12:49 INFO  : 'after 3000' command is executed.
17:12:49 INFO  : 'targets -set -filter {jtag_cable_name =~ "Digilent Zybo Z7 210351B3FED4A" && level==0 && jtag_device_ctx=="jsn-Zybo Z7-210351B3FED4A-13722093-0"}' command is executed.
17:12:51 INFO  : Device configured successfully with "C:/Users/trans/Desktop/project_1/project_1_work_vitis/project_1_work_app/_ide/bitstream/design_1_wrapper1.bit"
17:12:51 INFO  : Context for 'APU' is selected.
17:12:51 INFO  : Hardware design and registers information is loaded from 'C:/Users/trans/Desktop/project_1/project_1_work_vitis/project_1_work_plat/export/project_1_work_plat/hw/design_1_new_again_wrapper.xsa'.
17:12:51 INFO  : 'configparams force-mem-access 1' command is executed.
17:12:51 INFO  : Context for 'APU' is selected.
17:12:51 INFO  : Sourcing of 'C:/Users/trans/Desktop/project_1/project_1_work_vitis/project_1_work_app/_ide/psinit/ps7_init.tcl' is done.
17:12:51 INFO  : 'ps7_init' command is executed.
17:12:51 INFO  : 'ps7_post_config' command is executed.
17:12:51 INFO  : Context for processor 'ps7_cortexa9_0' is selected.
17:12:51 INFO  : The application 'C:/Users/trans/Desktop/project_1/project_1_work_vitis/project_1_work_app/Debug/project_1_work_app.elf' is downloaded to processor 'ps7_cortexa9_0'.
17:12:51 INFO  : 'configparams force-mem-access 0' command is executed.
17:12:51 INFO  : ----------------XSDB Script----------------
connect -url tcp:127.0.0.1:3121
targets -set -nocase -filter {name =~"APU*"}
rst -system
after 3000
targets -set -filter {jtag_cable_name =~ "Digilent Zybo Z7 210351B3FED4A" && level==0 && jtag_device_ctx=="jsn-Zybo Z7-210351B3FED4A-13722093-0"}
fpga -file C:/Users/trans/Desktop/project_1/project_1_work_vitis/project_1_work_app/_ide/bitstream/design_1_wrapper1.bit
targets -set -nocase -filter {name =~"APU*"}
loadhw -hw C:/Users/trans/Desktop/project_1/project_1_work_vitis/project_1_work_plat/export/project_1_work_plat/hw/design_1_new_again_wrapper.xsa -mem-ranges [list {0x40000000 0xbfffffff}] -regs
configparams force-mem-access 1
targets -set -nocase -filter {name =~"APU*"}
source C:/Users/trans/Desktop/project_1/project_1_work_vitis/project_1_work_app/_ide/psinit/ps7_init.tcl
ps7_init
ps7_post_config
targets -set -nocase -filter {name =~ "*A9*#0"}
dow C:/Users/trans/Desktop/project_1/project_1_work_vitis/project_1_work_app/Debug/project_1_work_app.elf
configparams force-mem-access 0
----------------End of Script----------------

17:12:51 INFO  : Context for processor 'ps7_cortexa9_0' is selected.
17:12:51 INFO  : 'con' command is executed.
17:12:51 INFO  : ----------------XSDB Script (After Launch)----------------
targets -set -nocase -filter {name =~ "*A9*#0"}
con
----------------End of Script----------------

17:12:51 INFO  : Launch script is exported to file 'C:\Users\trans\Desktop\project_1\project_1_work_vitis\project_1_work_app_system\_ide\scripts\debugger_project_1_work_app-default.tcl'
17:18:45 INFO  : Checking for BSP changes to sync application flags for project 'project_1_work_app'...
17:18:58 INFO  : Disconnected from the channel tcfchan#8.
17:18:59 INFO  : Connected to target on host '127.0.0.1' and port '3121'.
17:18:59 INFO  : Jtag cable 'Digilent Zybo Z7 210351B3FED4A' is selected.
17:18:59 INFO  : 'jtag frequency' command is executed.
17:19:01 INFO  : Context for 'APU' is selected.
17:19:01 INFO  : System reset is completed.
17:19:04 INFO  : 'after 3000' command is executed.
17:19:04 INFO  : 'targets -set -filter {jtag_cable_name =~ "Digilent Zybo Z7 210351B3FED4A" && level==0 && jtag_device_ctx=="jsn-Zybo Z7-210351B3FED4A-13722093-0"}' command is executed.
17:19:05 INFO  : Device configured successfully with "C:/Users/trans/Desktop/project_1/project_1_work_vitis/project_1_work_app/_ide/bitstream/design_1_wrapper1.bit"
17:19:05 INFO  : Context for 'APU' is selected.
17:19:05 INFO  : Hardware design and registers information is loaded from 'C:/Users/trans/Desktop/project_1/project_1_work_vitis/project_1_work_plat/export/project_1_work_plat/hw/design_1_new_again_wrapper.xsa'.
17:19:05 INFO  : 'configparams force-mem-access 1' command is executed.
17:19:05 INFO  : Context for 'APU' is selected.
17:19:05 INFO  : Sourcing of 'C:/Users/trans/Desktop/project_1/project_1_work_vitis/project_1_work_app/_ide/psinit/ps7_init.tcl' is done.
17:19:05 INFO  : 'ps7_init' command is executed.
17:19:05 INFO  : 'ps7_post_config' command is executed.
17:19:05 INFO  : Context for processor 'ps7_cortexa9_0' is selected.
17:19:06 INFO  : The application 'C:/Users/trans/Desktop/project_1/project_1_work_vitis/project_1_work_app/Debug/project_1_work_app.elf' is downloaded to processor 'ps7_cortexa9_0'.
17:19:06 INFO  : 'configparams force-mem-access 0' command is executed.
17:19:06 INFO  : ----------------XSDB Script----------------
connect -url tcp:127.0.0.1:3121
targets -set -nocase -filter {name =~"APU*"}
rst -system
after 3000
targets -set -filter {jtag_cable_name =~ "Digilent Zybo Z7 210351B3FED4A" && level==0 && jtag_device_ctx=="jsn-Zybo Z7-210351B3FED4A-13722093-0"}
fpga -file C:/Users/trans/Desktop/project_1/project_1_work_vitis/project_1_work_app/_ide/bitstream/design_1_wrapper1.bit
targets -set -nocase -filter {name =~"APU*"}
loadhw -hw C:/Users/trans/Desktop/project_1/project_1_work_vitis/project_1_work_plat/export/project_1_work_plat/hw/design_1_new_again_wrapper.xsa -mem-ranges [list {0x40000000 0xbfffffff}] -regs
configparams force-mem-access 1
targets -set -nocase -filter {name =~"APU*"}
source C:/Users/trans/Desktop/project_1/project_1_work_vitis/project_1_work_app/_ide/psinit/ps7_init.tcl
ps7_init
ps7_post_config
targets -set -nocase -filter {name =~ "*A9*#0"}
dow C:/Users/trans/Desktop/project_1/project_1_work_vitis/project_1_work_app/Debug/project_1_work_app.elf
configparams force-mem-access 0
----------------End of Script----------------

17:19:06 INFO  : Context for processor 'ps7_cortexa9_0' is selected.
17:19:06 INFO  : 'con' command is executed.
17:19:06 INFO  : ----------------XSDB Script (After Launch)----------------
targets -set -nocase -filter {name =~ "*A9*#0"}
con
----------------End of Script----------------

17:19:06 INFO  : Launch script is exported to file 'C:\Users\trans\Desktop\project_1\project_1_work_vitis\project_1_work_app_system\_ide\scripts\debugger_project_1_work_app-default.tcl'
17:23:37 INFO  : Checking for BSP changes to sync application flags for project 'project_1_work_app'...
17:23:49 INFO  : Disconnected from the channel tcfchan#10.
17:23:50 INFO  : Connected to target on host '127.0.0.1' and port '3121'.
17:23:50 INFO  : Jtag cable 'Digilent Zybo Z7 210351B3FED4A' is selected.
17:23:50 INFO  : 'jtag frequency' command is executed.
17:23:50 INFO  : Context for 'APU' is selected.
17:23:51 INFO  : System reset is completed.
17:23:54 INFO  : 'after 3000' command is executed.
17:23:54 INFO  : 'targets -set -filter {jtag_cable_name =~ "Digilent Zybo Z7 210351B3FED4A" && level==0 && jtag_device_ctx=="jsn-Zybo Z7-210351B3FED4A-13722093-0"}' command is executed.
17:23:55 INFO  : Device configured successfully with "C:/Users/trans/Desktop/project_1/project_1_work_vitis/project_1_work_app/_ide/bitstream/design_1_wrapper1.bit"
17:23:55 INFO  : Context for 'APU' is selected.
17:23:55 INFO  : Hardware design and registers information is loaded from 'C:/Users/trans/Desktop/project_1/project_1_work_vitis/project_1_work_plat/export/project_1_work_plat/hw/design_1_new_again_wrapper.xsa'.
17:23:55 INFO  : 'configparams force-mem-access 1' command is executed.
17:23:55 INFO  : Context for 'APU' is selected.
17:23:55 INFO  : Sourcing of 'C:/Users/trans/Desktop/project_1/project_1_work_vitis/project_1_work_app/_ide/psinit/ps7_init.tcl' is done.
17:23:55 INFO  : 'ps7_init' command is executed.
17:23:55 INFO  : 'ps7_post_config' command is executed.
17:23:55 INFO  : Context for processor 'ps7_cortexa9_0' is selected.
17:23:55 INFO  : The application 'C:/Users/trans/Desktop/project_1/project_1_work_vitis/project_1_work_app/Debug/project_1_work_app.elf' is downloaded to processor 'ps7_cortexa9_0'.
17:23:55 INFO  : 'configparams force-mem-access 0' command is executed.
17:23:55 INFO  : ----------------XSDB Script----------------
connect -url tcp:127.0.0.1:3121
targets -set -nocase -filter {name =~"APU*"}
rst -system
after 3000
targets -set -filter {jtag_cable_name =~ "Digilent Zybo Z7 210351B3FED4A" && level==0 && jtag_device_ctx=="jsn-Zybo Z7-210351B3FED4A-13722093-0"}
fpga -file C:/Users/trans/Desktop/project_1/project_1_work_vitis/project_1_work_app/_ide/bitstream/design_1_wrapper1.bit
targets -set -nocase -filter {name =~"APU*"}
loadhw -hw C:/Users/trans/Desktop/project_1/project_1_work_vitis/project_1_work_plat/export/project_1_work_plat/hw/design_1_new_again_wrapper.xsa -mem-ranges [list {0x40000000 0xbfffffff}] -regs
configparams force-mem-access 1
targets -set -nocase -filter {name =~"APU*"}
source C:/Users/trans/Desktop/project_1/project_1_work_vitis/project_1_work_app/_ide/psinit/ps7_init.tcl
ps7_init
ps7_post_config
targets -set -nocase -filter {name =~ "*A9*#0"}
dow C:/Users/trans/Desktop/project_1/project_1_work_vitis/project_1_work_app/Debug/project_1_work_app.elf
configparams force-mem-access 0
----------------End of Script----------------

17:23:55 INFO  : Context for processor 'ps7_cortexa9_0' is selected.
17:23:55 INFO  : 'con' command is executed.
17:23:55 INFO  : ----------------XSDB Script (After Launch)----------------
targets -set -nocase -filter {name =~ "*A9*#0"}
con
----------------End of Script----------------

17:23:55 INFO  : Launch script is exported to file 'C:\Users\trans\Desktop\project_1\project_1_work_vitis\project_1_work_app_system\_ide\scripts\debugger_project_1_work_app-default.tcl'
17:27:22 INFO  : Checking for BSP changes to sync application flags for project 'project_1_work_app'...
17:29:45 INFO  : Disconnected from the channel tcfchan#12.
16:20:49 DEBUG : Logs will be stored at 'C:/Users/trans/Desktop/project_1/project_1_work_vitis/IDE.log'.
16:20:52 INFO  : Launching XSCT server: xsct.bat -n  -interactive C:\Users\trans\Desktop\project_1\project_1_work_vitis\temp_xsdb_launch_script.tcl
16:20:53 INFO  : Platform repository initialization has completed.
16:20:54 INFO  : Registering command handlers for Vitis TCF services
16:20:55 INFO  : XSCT server has started successfully.
16:20:55 INFO  : plnx-install-location is set to ''
16:20:57 INFO  : Successfully done setting XSCT server connection channel  
16:20:57 INFO  : Successfully done query RDI_DATADIR 
16:20:57 INFO  : Successfully done setting workspace for the tool. 
16:30:57 INFO  : Result from executing command 'getProjects': project_1_work_plat
16:30:57 INFO  : Result from executing command 'getPlatforms': project_1_work_plat|C:/Users/trans/Desktop/project_1/project_1_work_vitis/project_1_work_plat/export/project_1_work_plat/project_1_work_plat.xpfm;xilinx_vck190_base_202310_1|C:/Xilinx/Vitis/2023.1/base_platforms/xilinx_vck190_base_202310_1/xilinx_vck190_base_202310_1.xpfm;xilinx_vck190_base_dfx_202310_1|C:/Xilinx/Vitis/2023.1/base_platforms/xilinx_vck190_base_dfx_202310_1/xilinx_vck190_base_dfx_202310_1.xpfm;xilinx_vek280_es1_base_202310_1|C:/Xilinx/Vitis/2023.1/base_platforms/xilinx_vek280_es1_base_202310_1/xilinx_vek280_es1_base_202310_1.xpfm;xilinx_vmk180_base_202310_1|C:/Xilinx/Vitis/2023.1/base_platforms/xilinx_vmk180_base_202310_1/xilinx_vmk180_base_202310_1.xpfm;xilinx_zcu102_base_202310_1|C:/Xilinx/Vitis/2023.1/base_platforms/xilinx_zcu102_base_202310_1/xilinx_zcu102_base_202310_1.xpfm;xilinx_zcu102_base_dfx_202310_1|C:/Xilinx/Vitis/2023.1/base_platforms/xilinx_zcu102_base_dfx_202310_1/xilinx_zcu102_base_dfx_202310_1.xpfm;xilinx_zcu104_base_202310_1|C:/Xilinx/Vitis/2023.1/base_platforms/xilinx_zcu104_base_202310_1/xilinx_zcu104_base_202310_1.xpfm
16:31:11 INFO  : Checking for BSP changes to sync application flags for project 'project_1_work_app'...
16:32:36 INFO  : Connected to target on host '127.0.0.1' and port '3121'.
16:32:37 INFO  : Jtag cable 'Digilent Zybo Z7 210351B3FED4A' is selected.
16:32:37 INFO  : 'jtag frequency' command is executed.
16:32:37 INFO  : Context for 'APU' is selected.
16:32:37 INFO  : System reset is completed.
16:32:40 INFO  : 'after 3000' command is executed.
16:32:40 INFO  : 'targets -set -filter {jtag_cable_name =~ "Digilent Zybo Z7 210351B3FED4A" && level==0 && jtag_device_ctx=="jsn-Zybo Z7-210351B3FED4A-13722093-0"}' command is executed.
16:32:42 INFO  : Device configured successfully with "C:/Users/trans/Desktop/project_1/project_1_work_vitis/project_1_work_app/_ide/bitstream/design_1_wrapper1.bit"
16:32:42 INFO  : Context for 'APU' is selected.
16:32:42 INFO  : Hardware design and registers information is loaded from 'C:/Users/trans/Desktop/project_1/project_1_work_vitis/project_1_work_plat/export/project_1_work_plat/hw/design_1_new_again_wrapper.xsa'.
16:32:42 INFO  : 'configparams force-mem-access 1' command is executed.
16:32:42 INFO  : Context for 'APU' is selected.
16:32:42 INFO  : Sourcing of 'C:/Users/trans/Desktop/project_1/project_1_work_vitis/project_1_work_app/_ide/psinit/ps7_init.tcl' is done.
16:32:42 INFO  : 'ps7_init' command is executed.
16:32:42 INFO  : 'ps7_post_config' command is executed.
16:32:42 INFO  : Context for processor 'ps7_cortexa9_0' is selected.
16:32:42 INFO  : The application 'C:/Users/trans/Desktop/project_1/project_1_work_vitis/project_1_work_app/Debug/project_1_work_app.elf' is downloaded to processor 'ps7_cortexa9_0'.
16:32:42 INFO  : 'configparams force-mem-access 0' command is executed.
16:32:42 INFO  : ----------------XSDB Script----------------
connect -url tcp:127.0.0.1:3121
targets -set -nocase -filter {name =~"APU*"}
rst -system
after 3000
targets -set -filter {jtag_cable_name =~ "Digilent Zybo Z7 210351B3FED4A" && level==0 && jtag_device_ctx=="jsn-Zybo Z7-210351B3FED4A-13722093-0"}
fpga -file C:/Users/trans/Desktop/project_1/project_1_work_vitis/project_1_work_app/_ide/bitstream/design_1_wrapper1.bit
targets -set -nocase -filter {name =~"APU*"}
loadhw -hw C:/Users/trans/Desktop/project_1/project_1_work_vitis/project_1_work_plat/export/project_1_work_plat/hw/design_1_new_again_wrapper.xsa -mem-ranges [list {0x40000000 0xbfffffff}] -regs
configparams force-mem-access 1
targets -set -nocase -filter {name =~"APU*"}
source C:/Users/trans/Desktop/project_1/project_1_work_vitis/project_1_work_app/_ide/psinit/ps7_init.tcl
ps7_init
ps7_post_config
targets -set -nocase -filter {name =~ "*A9*#0"}
dow C:/Users/trans/Desktop/project_1/project_1_work_vitis/project_1_work_app/Debug/project_1_work_app.elf
configparams force-mem-access 0
----------------End of Script----------------

16:32:42 INFO  : Context for processor 'ps7_cortexa9_0' is selected.
16:32:42 INFO  : 'con' command is executed.
16:32:42 INFO  : ----------------XSDB Script (After Launch)----------------
targets -set -nocase -filter {name =~ "*A9*#0"}
con
----------------End of Script----------------

16:32:42 INFO  : Launch script is exported to file 'C:\Users\trans\Desktop\project_1\project_1_work_vitis\project_1_work_app_system\_ide\scripts\debugger_project_1_work_app-default.tcl'
16:40:43 INFO  : Checking for BSP changes to sync application flags for project 'project_1_work_app'...
16:41:04 INFO  : Disconnected from the channel tcfchan#3.
16:41:05 INFO  : Connected to target on host '127.0.0.1' and port '3121'.
16:41:05 INFO  : Jtag cable 'Digilent Zybo Z7 210351B3FED4A' is selected.
16:41:05 INFO  : 'jtag frequency' command is executed.
16:41:06 INFO  : Context for 'APU' is selected.
16:41:06 INFO  : System reset is completed.
16:41:09 INFO  : 'after 3000' command is executed.
16:41:09 INFO  : 'targets -set -filter {jtag_cable_name =~ "Digilent Zybo Z7 210351B3FED4A" && level==0 && jtag_device_ctx=="jsn-Zybo Z7-210351B3FED4A-13722093-0"}' command is executed.
16:41:10 INFO  : Device configured successfully with "C:/Users/trans/Desktop/project_1/project_1_work_vitis/project_1_work_app/_ide/bitstream/design_1_wrapper1.bit"
16:41:10 INFO  : Context for 'APU' is selected.
16:41:10 INFO  : Hardware design and registers information is loaded from 'C:/Users/trans/Desktop/project_1/project_1_work_vitis/project_1_work_plat/export/project_1_work_plat/hw/design_1_new_again_wrapper.xsa'.
16:41:10 INFO  : 'configparams force-mem-access 1' command is executed.
16:41:10 INFO  : Context for 'APU' is selected.
16:41:10 INFO  : Sourcing of 'C:/Users/trans/Desktop/project_1/project_1_work_vitis/project_1_work_app/_ide/psinit/ps7_init.tcl' is done.
16:41:11 INFO  : 'ps7_init' command is executed.
16:41:11 INFO  : 'ps7_post_config' command is executed.
16:41:11 INFO  : Context for processor 'ps7_cortexa9_0' is selected.
16:41:11 INFO  : The application 'C:/Users/trans/Desktop/project_1/project_1_work_vitis/project_1_work_app/Debug/project_1_work_app.elf' is downloaded to processor 'ps7_cortexa9_0'.
16:41:11 INFO  : 'configparams force-mem-access 0' command is executed.
16:41:11 INFO  : ----------------XSDB Script----------------
connect -url tcp:127.0.0.1:3121
targets -set -nocase -filter {name =~"APU*"}
rst -system
after 3000
targets -set -filter {jtag_cable_name =~ "Digilent Zybo Z7 210351B3FED4A" && level==0 && jtag_device_ctx=="jsn-Zybo Z7-210351B3FED4A-13722093-0"}
fpga -file C:/Users/trans/Desktop/project_1/project_1_work_vitis/project_1_work_app/_ide/bitstream/design_1_wrapper1.bit
targets -set -nocase -filter {name =~"APU*"}
loadhw -hw C:/Users/trans/Desktop/project_1/project_1_work_vitis/project_1_work_plat/export/project_1_work_plat/hw/design_1_new_again_wrapper.xsa -mem-ranges [list {0x40000000 0xbfffffff}] -regs
configparams force-mem-access 1
targets -set -nocase -filter {name =~"APU*"}
source C:/Users/trans/Desktop/project_1/project_1_work_vitis/project_1_work_app/_ide/psinit/ps7_init.tcl
ps7_init
ps7_post_config
targets -set -nocase -filter {name =~ "*A9*#0"}
dow C:/Users/trans/Desktop/project_1/project_1_work_vitis/project_1_work_app/Debug/project_1_work_app.elf
configparams force-mem-access 0
----------------End of Script----------------

16:41:11 INFO  : Context for processor 'ps7_cortexa9_0' is selected.
16:41:11 INFO  : 'con' command is executed.
16:41:11 INFO  : ----------------XSDB Script (After Launch)----------------
targets -set -nocase -filter {name =~ "*A9*#0"}
con
----------------End of Script----------------

16:41:11 INFO  : Launch script is exported to file 'C:\Users\trans\Desktop\project_1\project_1_work_vitis\project_1_work_app_system\_ide\scripts\debugger_project_1_work_app-default.tcl'
16:43:47 INFO  : Disconnected from the channel tcfchan#5.
16:43:48 INFO  : Connected to target on host '127.0.0.1' and port '3121'.
16:43:48 INFO  : Jtag cable 'Digilent Zybo Z7 210351B3FED4A' is selected.
16:43:48 INFO  : 'jtag frequency' command is executed.
16:43:48 INFO  : Context for 'APU' is selected.
16:43:48 INFO  : System reset is completed.
16:43:51 INFO  : 'after 3000' command is executed.
16:43:51 INFO  : 'targets -set -filter {jtag_cable_name =~ "Digilent Zybo Z7 210351B3FED4A" && level==0 && jtag_device_ctx=="jsn-Zybo Z7-210351B3FED4A-13722093-0"}' command is executed.
16:43:53 INFO  : Device configured successfully with "C:/Users/trans/Desktop/project_1/project_1_work_vitis/project_1_work_app/_ide/bitstream/design_1_wrapper1.bit"
16:43:53 INFO  : Context for 'APU' is selected.
16:43:53 INFO  : Hardware design and registers information is loaded from 'C:/Users/trans/Desktop/project_1/project_1_work_vitis/project_1_work_plat/export/project_1_work_plat/hw/design_1_new_again_wrapper.xsa'.
16:43:53 INFO  : 'configparams force-mem-access 1' command is executed.
16:43:53 INFO  : Context for 'APU' is selected.
16:43:53 INFO  : Sourcing of 'C:/Users/trans/Desktop/project_1/project_1_work_vitis/project_1_work_app/_ide/psinit/ps7_init.tcl' is done.
16:43:53 INFO  : 'ps7_init' command is executed.
16:43:53 INFO  : 'ps7_post_config' command is executed.
16:43:53 INFO  : Context for processor 'ps7_cortexa9_0' is selected.
16:43:53 INFO  : The application 'C:/Users/trans/Desktop/project_1/project_1_work_vitis/project_1_work_app/Debug/project_1_work_app.elf' is downloaded to processor 'ps7_cortexa9_0'.
16:43:53 INFO  : 'configparams force-mem-access 0' command is executed.
16:43:53 INFO  : ----------------XSDB Script----------------
connect -url tcp:127.0.0.1:3121
targets -set -nocase -filter {name =~"APU*"}
rst -system
after 3000
targets -set -filter {jtag_cable_name =~ "Digilent Zybo Z7 210351B3FED4A" && level==0 && jtag_device_ctx=="jsn-Zybo Z7-210351B3FED4A-13722093-0"}
fpga -file C:/Users/trans/Desktop/project_1/project_1_work_vitis/project_1_work_app/_ide/bitstream/design_1_wrapper1.bit
targets -set -nocase -filter {name =~"APU*"}
loadhw -hw C:/Users/trans/Desktop/project_1/project_1_work_vitis/project_1_work_plat/export/project_1_work_plat/hw/design_1_new_again_wrapper.xsa -mem-ranges [list {0x40000000 0xbfffffff}] -regs
configparams force-mem-access 1
targets -set -nocase -filter {name =~"APU*"}
source C:/Users/trans/Desktop/project_1/project_1_work_vitis/project_1_work_app/_ide/psinit/ps7_init.tcl
ps7_init
ps7_post_config
targets -set -nocase -filter {name =~ "*A9*#0"}
dow C:/Users/trans/Desktop/project_1/project_1_work_vitis/project_1_work_app/Debug/project_1_work_app.elf
configparams force-mem-access 0
----------------End of Script----------------

16:43:53 INFO  : Context for processor 'ps7_cortexa9_0' is selected.
16:43:53 INFO  : 'con' command is executed.
16:43:53 INFO  : ----------------XSDB Script (After Launch)----------------
targets -set -nocase -filter {name =~ "*A9*#0"}
con
----------------End of Script----------------

16:43:53 INFO  : Launch script is exported to file 'C:\Users\trans\Desktop\project_1\project_1_work_vitis\project_1_work_app_system\_ide\scripts\debugger_project_1_work_app-default.tcl'
16:44:02 INFO  : Disconnected from the channel tcfchan#6.
16:44:17 DEBUG : Logs will be stored at 'C:/Users/trans/Desktop/project_1/project_1_work_vitis/IDE.log'.
16:44:18 INFO  : Launching XSCT server: xsct.bat -n  -interactive C:\Users\trans\Desktop\project_1\project_1_work_vitis\temp_xsdb_launch_script.tcl
16:44:20 INFO  : XSCT server has started successfully.
16:44:20 INFO  : Successfully done setting XSCT server connection channel  
16:44:20 INFO  : plnx-install-location is set to ''
16:44:20 INFO  : Successfully done setting workspace for the tool. 
16:44:20 INFO  : Platform repository initialization has completed.
16:44:21 INFO  : Successfully done query RDI_DATADIR 
16:44:22 INFO  : Registering command handlers for Vitis TCF services
16:45:07 INFO  : Connected to target on host '127.0.0.1' and port '3121'.
16:45:07 INFO  : Jtag cable 'Digilent Zybo Z7 210351B3FED4A' is selected.
16:45:07 INFO  : 'jtag frequency' command is executed.
16:45:07 INFO  : Context for 'APU' is selected.
16:45:07 INFO  : System reset is completed.
16:45:10 INFO  : 'after 3000' command is executed.
16:45:10 INFO  : 'targets -set -filter {jtag_cable_name =~ "Digilent Zybo Z7 210351B3FED4A" && level==0 && jtag_device_ctx=="jsn-Zybo Z7-210351B3FED4A-13722093-0"}' command is executed.
16:45:11 INFO  : Device configured successfully with "C:/Users/trans/Desktop/project_1/project_1_work_vitis/project_1_work_app/_ide/bitstream/design_1_wrapper1.bit"
16:45:11 INFO  : Context for 'APU' is selected.
16:45:11 INFO  : Hardware design and registers information is loaded from 'C:/Users/trans/Desktop/project_1/project_1_work_vitis/project_1_work_plat/export/project_1_work_plat/hw/design_1_new_again_wrapper.xsa'.
16:45:11 INFO  : 'configparams force-mem-access 1' command is executed.
16:45:11 INFO  : Context for 'APU' is selected.
16:45:11 INFO  : Sourcing of 'C:/Users/trans/Desktop/project_1/project_1_work_vitis/project_1_work_app/_ide/psinit/ps7_init.tcl' is done.
16:45:12 INFO  : 'ps7_init' command is executed.
16:45:12 INFO  : 'ps7_post_config' command is executed.
16:45:12 INFO  : Context for processor 'ps7_cortexa9_0' is selected.
16:45:12 INFO  : The application 'C:/Users/trans/Desktop/project_1/project_1_work_vitis/project_1_work_app/Debug/project_1_work_app.elf' is downloaded to processor 'ps7_cortexa9_0'.
16:45:12 INFO  : 'configparams force-mem-access 0' command is executed.
16:45:12 INFO  : ----------------XSDB Script----------------
connect -url tcp:127.0.0.1:3121
targets -set -nocase -filter {name =~"APU*"}
rst -system
after 3000
targets -set -filter {jtag_cable_name =~ "Digilent Zybo Z7 210351B3FED4A" && level==0 && jtag_device_ctx=="jsn-Zybo Z7-210351B3FED4A-13722093-0"}
fpga -file C:/Users/trans/Desktop/project_1/project_1_work_vitis/project_1_work_app/_ide/bitstream/design_1_wrapper1.bit
targets -set -nocase -filter {name =~"APU*"}
loadhw -hw C:/Users/trans/Desktop/project_1/project_1_work_vitis/project_1_work_plat/export/project_1_work_plat/hw/design_1_new_again_wrapper.xsa -mem-ranges [list {0x40000000 0xbfffffff}] -regs
configparams force-mem-access 1
targets -set -nocase -filter {name =~"APU*"}
source C:/Users/trans/Desktop/project_1/project_1_work_vitis/project_1_work_app/_ide/psinit/ps7_init.tcl
ps7_init
ps7_post_config
targets -set -nocase -filter {name =~ "*A9*#0"}
dow C:/Users/trans/Desktop/project_1/project_1_work_vitis/project_1_work_app/Debug/project_1_work_app.elf
configparams force-mem-access 0
----------------End of Script----------------

16:45:12 INFO  : Context for processor 'ps7_cortexa9_0' is selected.
16:45:12 INFO  : 'con' command is executed.
16:45:12 INFO  : ----------------XSDB Script (After Launch)----------------
targets -set -nocase -filter {name =~ "*A9*#0"}
con
----------------End of Script----------------

16:45:12 INFO  : Launch script is exported to file 'C:\Users\trans\Desktop\project_1\project_1_work_vitis\project_1_work_app_system\_ide\scripts\debugger_project_1_work_app-default.tcl'
16:52:59 INFO  : Checking for BSP changes to sync application flags for project 'project_1_work_app'...
16:53:20 INFO  : Checking for BSP changes to sync application flags for project 'project_1_work_app'...
16:54:14 INFO  : Checking for BSP changes to sync application flags for project 'project_1_work_app'...
16:54:16 ERROR : (XSDB Server)ERROR: [Hsi 55-1571] The design file C:/Users/trans/Desktop/project_1/project_1_work_vitis/project_1_work_plat/export/project_1_work_plat/hw/design_1_new_again_wrapper.xsa is already opened

16:54:31 INFO  : Disconnected from the channel tcfchan#1.
16:54:32 INFO  : Connected to target on host '127.0.0.1' and port '3121'.
16:54:32 INFO  : Jtag cable 'Digilent Zybo Z7 210351B3FED4A' is selected.
16:54:32 INFO  : 'jtag frequency' command is executed.
16:54:32 INFO  : Context for 'APU' is selected.
16:54:32 INFO  : System reset is completed.
16:54:35 INFO  : 'after 3000' command is executed.
16:54:35 INFO  : 'targets -set -filter {jtag_cable_name =~ "Digilent Zybo Z7 210351B3FED4A" && level==0 && jtag_device_ctx=="jsn-Zybo Z7-210351B3FED4A-13722093-0"}' command is executed.
16:54:36 INFO  : Device configured successfully with "C:/Users/trans/Desktop/project_1/project_1_work_vitis/project_1_work_app/_ide/bitstream/design_1_wrapper1.bit"
16:54:36 INFO  : Context for 'APU' is selected.
16:54:38 INFO  : Hardware design and registers information is loaded from 'C:/Users/trans/Desktop/project_1/project_1_work_vitis/project_1_work_plat/export/project_1_work_plat/hw/design_1_new_again_wrapper.xsa'.
16:54:38 INFO  : 'configparams force-mem-access 1' command is executed.
16:54:38 INFO  : Context for 'APU' is selected.
16:54:38 INFO  : Sourcing of 'C:/Users/trans/Desktop/project_1/project_1_work_vitis/project_1_work_app/_ide/psinit/ps7_init.tcl' is done.
16:54:39 INFO  : 'ps7_init' command is executed.
16:54:39 INFO  : 'ps7_post_config' command is executed.
16:54:39 INFO  : Context for processor 'ps7_cortexa9_0' is selected.
16:54:39 INFO  : The application 'C:/Users/trans/Desktop/project_1/project_1_work_vitis/project_1_work_app/Debug/project_1_work_app.elf' is downloaded to processor 'ps7_cortexa9_0'.
16:54:39 INFO  : 'configparams force-mem-access 0' command is executed.
16:54:39 INFO  : ----------------XSDB Script----------------
connect -url tcp:127.0.0.1:3121
targets -set -nocase -filter {name =~"APU*"}
rst -system
after 3000
targets -set -filter {jtag_cable_name =~ "Digilent Zybo Z7 210351B3FED4A" && level==0 && jtag_device_ctx=="jsn-Zybo Z7-210351B3FED4A-13722093-0"}
fpga -file C:/Users/trans/Desktop/project_1/project_1_work_vitis/project_1_work_app/_ide/bitstream/design_1_wrapper1.bit
targets -set -nocase -filter {name =~"APU*"}
loadhw -hw C:/Users/trans/Desktop/project_1/project_1_work_vitis/project_1_work_plat/export/project_1_work_plat/hw/design_1_new_again_wrapper.xsa -mem-ranges [list {0x40000000 0xbfffffff}] -regs
configparams force-mem-access 1
targets -set -nocase -filter {name =~"APU*"}
source C:/Users/trans/Desktop/project_1/project_1_work_vitis/project_1_work_app/_ide/psinit/ps7_init.tcl
ps7_init
ps7_post_config
targets -set -nocase -filter {name =~ "*A9*#0"}
dow C:/Users/trans/Desktop/project_1/project_1_work_vitis/project_1_work_app/Debug/project_1_work_app.elf
configparams force-mem-access 0
----------------End of Script----------------

16:54:39 INFO  : Context for processor 'ps7_cortexa9_0' is selected.
16:54:39 INFO  : 'con' command is executed.
16:54:39 INFO  : ----------------XSDB Script (After Launch)----------------
targets -set -nocase -filter {name =~ "*A9*#0"}
con
----------------End of Script----------------

16:54:39 INFO  : Launch script is exported to file 'C:\Users\trans\Desktop\project_1\project_1_work_vitis\project_1_work_app_system\_ide\scripts\debugger_project_1_work_app-default.tcl'
16:55:06 INFO  : Disconnected from the channel tcfchan#3.
16:55:20 DEBUG : Logs will be stored at 'C:/Users/trans/Desktop/project_1/project_1_work_vitis/IDE.log'.
16:55:20 INFO  : Launching XSCT server: xsct.bat -n  -interactive C:\Users\trans\Desktop\project_1\project_1_work_vitis\temp_xsdb_launch_script.tcl
16:55:22 INFO  : XSCT server has started successfully.
16:55:22 INFO  : plnx-install-location is set to ''
16:55:22 INFO  : Successfully done setting XSCT server connection channel  
16:55:22 INFO  : Successfully done setting workspace for the tool. 
16:55:23 INFO  : Platform repository initialization has completed.
16:55:43 INFO  : Successfully done query RDI_DATADIR 
16:55:43 INFO  : Registering command handlers for Vitis TCF services
16:56:03 INFO  : Connected to target on host '127.0.0.1' and port '3121'.
16:56:04 INFO  : Jtag cable 'Digilent Zybo Z7 210351B3FED4A' is selected.
16:56:04 INFO  : 'jtag frequency' command is executed.
16:56:04 INFO  : Context for 'APU' is selected.
16:56:04 INFO  : System reset is completed.
16:56:07 INFO  : 'after 3000' command is executed.
16:56:07 INFO  : 'targets -set -filter {jtag_cable_name =~ "Digilent Zybo Z7 210351B3FED4A" && level==0 && jtag_device_ctx=="jsn-Zybo Z7-210351B3FED4A-13722093-0"}' command is executed.
16:56:08 INFO  : Device configured successfully with "C:/Users/trans/Desktop/project_1/project_1_work_vitis/project_1_work_app/_ide/bitstream/design_1_wrapper1.bit"
16:56:08 INFO  : Context for 'APU' is selected.
16:56:08 INFO  : Hardware design and registers information is loaded from 'C:/Users/trans/Desktop/project_1/project_1_work_vitis/project_1_work_plat/export/project_1_work_plat/hw/design_1_new_again_wrapper.xsa'.
16:56:08 INFO  : 'configparams force-mem-access 1' command is executed.
16:56:08 INFO  : Context for 'APU' is selected.
16:56:08 INFO  : Sourcing of 'C:/Users/trans/Desktop/project_1/project_1_work_vitis/project_1_work_app/_ide/psinit/ps7_init.tcl' is done.
16:56:08 INFO  : 'ps7_init' command is executed.
16:56:08 INFO  : 'ps7_post_config' command is executed.
16:56:08 INFO  : Context for processor 'ps7_cortexa9_0' is selected.
16:56:09 INFO  : The application 'C:/Users/trans/Desktop/project_1/project_1_work_vitis/project_1_work_app/Debug/project_1_work_app.elf' is downloaded to processor 'ps7_cortexa9_0'.
16:56:09 INFO  : 'configparams force-mem-access 0' command is executed.
16:56:09 INFO  : ----------------XSDB Script----------------
connect -url tcp:127.0.0.1:3121
targets -set -nocase -filter {name =~"APU*"}
rst -system
after 3000
targets -set -filter {jtag_cable_name =~ "Digilent Zybo Z7 210351B3FED4A" && level==0 && jtag_device_ctx=="jsn-Zybo Z7-210351B3FED4A-13722093-0"}
fpga -file C:/Users/trans/Desktop/project_1/project_1_work_vitis/project_1_work_app/_ide/bitstream/design_1_wrapper1.bit
targets -set -nocase -filter {name =~"APU*"}
loadhw -hw C:/Users/trans/Desktop/project_1/project_1_work_vitis/project_1_work_plat/export/project_1_work_plat/hw/design_1_new_again_wrapper.xsa -mem-ranges [list {0x40000000 0xbfffffff}] -regs
configparams force-mem-access 1
targets -set -nocase -filter {name =~"APU*"}
source C:/Users/trans/Desktop/project_1/project_1_work_vitis/project_1_work_app/_ide/psinit/ps7_init.tcl
ps7_init
ps7_post_config
targets -set -nocase -filter {name =~ "*A9*#0"}
dow C:/Users/trans/Desktop/project_1/project_1_work_vitis/project_1_work_app/Debug/project_1_work_app.elf
configparams force-mem-access 0
----------------End of Script----------------

16:56:09 INFO  : Context for processor 'ps7_cortexa9_0' is selected.
16:56:09 INFO  : 'con' command is executed.
16:56:09 INFO  : ----------------XSDB Script (After Launch)----------------
targets -set -nocase -filter {name =~ "*A9*#0"}
con
----------------End of Script----------------

16:56:09 INFO  : Launch script is exported to file 'C:\Users\trans\Desktop\project_1\project_1_work_vitis\project_1_work_app_system\_ide\scripts\debugger_project_1_work_app-default.tcl'
17:00:04 INFO  : Checking for BSP changes to sync application flags for project 'project_1_work_app'...
17:00:06 ERROR : (XSDB Server)ERROR: [Hsi 55-1571] The design file C:/Users/trans/Desktop/project_1/project_1_work_vitis/project_1_work_plat/export/project_1_work_plat/hw/design_1_new_again_wrapper.xsa is already opened

17:00:18 INFO  : Disconnected from the channel tcfchan#1.
17:00:19 INFO  : Connected to target on host '127.0.0.1' and port '3121'.
17:00:19 INFO  : Jtag cable 'Digilent Zybo Z7 210351B3FED4A' is selected.
17:00:19 INFO  : 'jtag frequency' command is executed.
17:00:21 INFO  : Context for 'APU' is selected.
17:00:21 INFO  : System reset is completed.
17:00:24 INFO  : 'after 3000' command is executed.
17:00:24 INFO  : 'targets -set -filter {jtag_cable_name =~ "Digilent Zybo Z7 210351B3FED4A" && level==0 && jtag_device_ctx=="jsn-Zybo Z7-210351B3FED4A-13722093-0"}' command is executed.
17:00:25 INFO  : Device configured successfully with "C:/Users/trans/Desktop/project_1/project_1_work_vitis/project_1_work_app/_ide/bitstream/design_1_wrapper1.bit"
17:00:25 INFO  : Context for 'APU' is selected.
17:00:26 INFO  : Hardware design and registers information is loaded from 'C:/Users/trans/Desktop/project_1/project_1_work_vitis/project_1_work_plat/export/project_1_work_plat/hw/design_1_new_again_wrapper.xsa'.
17:00:26 INFO  : 'configparams force-mem-access 1' command is executed.
17:00:26 INFO  : Context for 'APU' is selected.
17:00:26 INFO  : Sourcing of 'C:/Users/trans/Desktop/project_1/project_1_work_vitis/project_1_work_app/_ide/psinit/ps7_init.tcl' is done.
17:00:27 INFO  : 'ps7_init' command is executed.
17:00:27 INFO  : 'ps7_post_config' command is executed.
17:00:27 INFO  : Context for processor 'ps7_cortexa9_0' is selected.
17:00:27 INFO  : The application 'C:/Users/trans/Desktop/project_1/project_1_work_vitis/project_1_work_app/Debug/project_1_work_app.elf' is downloaded to processor 'ps7_cortexa9_0'.
17:00:27 INFO  : 'configparams force-mem-access 0' command is executed.
17:00:27 INFO  : ----------------XSDB Script----------------
connect -url tcp:127.0.0.1:3121
targets -set -nocase -filter {name =~"APU*"}
rst -system
after 3000
targets -set -filter {jtag_cable_name =~ "Digilent Zybo Z7 210351B3FED4A" && level==0 && jtag_device_ctx=="jsn-Zybo Z7-210351B3FED4A-13722093-0"}
fpga -file C:/Users/trans/Desktop/project_1/project_1_work_vitis/project_1_work_app/_ide/bitstream/design_1_wrapper1.bit
targets -set -nocase -filter {name =~"APU*"}
loadhw -hw C:/Users/trans/Desktop/project_1/project_1_work_vitis/project_1_work_plat/export/project_1_work_plat/hw/design_1_new_again_wrapper.xsa -mem-ranges [list {0x40000000 0xbfffffff}] -regs
configparams force-mem-access 1
targets -set -nocase -filter {name =~"APU*"}
source C:/Users/trans/Desktop/project_1/project_1_work_vitis/project_1_work_app/_ide/psinit/ps7_init.tcl
ps7_init
ps7_post_config
targets -set -nocase -filter {name =~ "*A9*#0"}
dow C:/Users/trans/Desktop/project_1/project_1_work_vitis/project_1_work_app/Debug/project_1_work_app.elf
configparams force-mem-access 0
----------------End of Script----------------

17:00:27 INFO  : Context for processor 'ps7_cortexa9_0' is selected.
17:00:27 INFO  : 'con' command is executed.
17:00:27 INFO  : ----------------XSDB Script (After Launch)----------------
targets -set -nocase -filter {name =~ "*A9*#0"}
con
----------------End of Script----------------

17:00:27 INFO  : Launch script is exported to file 'C:\Users\trans\Desktop\project_1\project_1_work_vitis\project_1_work_app_system\_ide\scripts\debugger_project_1_work_app-default.tcl'
17:01:08 INFO  : Checking for BSP changes to sync application flags for project 'project_1_work_app'...
17:01:10 ERROR : (XSDB Server)ERROR: [Hsi 55-1571] The design file C:/Users/trans/Desktop/project_1/project_1_work_vitis/project_1_work_plat/export/project_1_work_plat/hw/design_1_new_again_wrapper.xsa is already opened

17:01:58 INFO  : Checking for BSP changes to sync application flags for project 'project_1_work_app'...
17:03:48 INFO  : Checking for BSP changes to sync application flags for project 'project_1_work_app'...
17:03:50 ERROR : (XSDB Server)ERROR: [Hsi 55-1571] The design file C:/Users/trans/Desktop/project_1/project_1_work_vitis/project_1_work_plat/export/project_1_work_plat/hw/design_1_new_again_wrapper.xsa is already opened

17:04:04 ERROR : Emulation support is not available for Windows OS. 
17:04:09 INFO  : Disconnected from the channel tcfchan#3.
17:04:10 INFO  : Connected to target on host '127.0.0.1' and port '3121'.
17:04:10 INFO  : Jtag cable 'Digilent Zybo Z7 210351B3FED4A' is selected.
17:04:10 INFO  : 'jtag frequency' command is executed.
17:04:10 INFO  : Context for 'APU' is selected.
17:04:10 INFO  : System reset is completed.
17:04:13 INFO  : 'after 3000' command is executed.
17:04:13 INFO  : 'targets -set -filter {jtag_cable_name =~ "Digilent Zybo Z7 210351B3FED4A" && level==0 && jtag_device_ctx=="jsn-Zybo Z7-210351B3FED4A-13722093-0"}' command is executed.
17:04:14 INFO  : Device configured successfully with "C:/Users/trans/Desktop/project_1/project_1_work_vitis/project_1_work_app/_ide/bitstream/design_1_wrapper1.bit"
17:04:14 INFO  : Context for 'APU' is selected.
17:04:15 INFO  : Hardware design and registers information is loaded from 'C:/Users/trans/Desktop/project_1/project_1_work_vitis/project_1_work_plat/export/project_1_work_plat/hw/design_1_new_again_wrapper.xsa'.
17:04:15 INFO  : 'configparams force-mem-access 1' command is executed.
17:04:15 INFO  : Context for 'APU' is selected.
17:04:15 INFO  : Sourcing of 'C:/Users/trans/Desktop/project_1/project_1_work_vitis/project_1_work_app/_ide/psinit/ps7_init.tcl' is done.
17:04:16 INFO  : 'ps7_init' command is executed.
17:04:16 INFO  : 'ps7_post_config' command is executed.
17:04:16 INFO  : Context for processor 'ps7_cortexa9_0' is selected.
17:04:16 INFO  : The application 'C:/Users/trans/Desktop/project_1/project_1_work_vitis/project_1_work_app/Debug/project_1_work_app.elf' is downloaded to processor 'ps7_cortexa9_0'.
17:04:16 INFO  : 'configparams force-mem-access 0' command is executed.
17:04:16 INFO  : ----------------XSDB Script----------------
connect -url tcp:127.0.0.1:3121
targets -set -nocase -filter {name =~"APU*"}
rst -system
after 3000
targets -set -filter {jtag_cable_name =~ "Digilent Zybo Z7 210351B3FED4A" && level==0 && jtag_device_ctx=="jsn-Zybo Z7-210351B3FED4A-13722093-0"}
fpga -file C:/Users/trans/Desktop/project_1/project_1_work_vitis/project_1_work_app/_ide/bitstream/design_1_wrapper1.bit
targets -set -nocase -filter {name =~"APU*"}
loadhw -hw C:/Users/trans/Desktop/project_1/project_1_work_vitis/project_1_work_plat/export/project_1_work_plat/hw/design_1_new_again_wrapper.xsa -mem-ranges [list {0x40000000 0xbfffffff}] -regs
configparams force-mem-access 1
targets -set -nocase -filter {name =~"APU*"}
source C:/Users/trans/Desktop/project_1/project_1_work_vitis/project_1_work_app/_ide/psinit/ps7_init.tcl
ps7_init
ps7_post_config
targets -set -nocase -filter {name =~ "*A9*#0"}
dow C:/Users/trans/Desktop/project_1/project_1_work_vitis/project_1_work_app/Debug/project_1_work_app.elf
configparams force-mem-access 0
----------------End of Script----------------

17:04:16 INFO  : Context for processor 'ps7_cortexa9_0' is selected.
17:04:16 INFO  : 'con' command is executed.
17:04:16 INFO  : ----------------XSDB Script (After Launch)----------------
targets -set -nocase -filter {name =~ "*A9*#0"}
con
----------------End of Script----------------

17:04:16 INFO  : Launch script is exported to file 'C:\Users\trans\Desktop\project_1\project_1_work_vitis\project_1_work_app_system\_ide\scripts\debugger_project_1_work_app-default.tcl'
17:07:44 INFO  : Checking for BSP changes to sync application flags for project 'project_1_work_app'...
17:07:46 ERROR : (XSDB Server)ERROR: [Hsi 55-1571] The design file C:/Users/trans/Desktop/project_1/project_1_work_vitis/project_1_work_plat/export/project_1_work_plat/hw/design_1_new_again_wrapper.xsa is already opened

17:07:56 INFO  : Disconnected from the channel tcfchan#6.
17:07:58 INFO  : Connected to target on host '127.0.0.1' and port '3121'.
17:07:58 INFO  : Jtag cable 'Digilent Zybo Z7 210351B3FED4A' is selected.
17:07:58 INFO  : 'jtag frequency' command is executed.
17:07:58 INFO  : Context for 'APU' is selected.
17:07:58 INFO  : System reset is completed.
17:08:01 INFO  : 'after 3000' command is executed.
17:08:01 INFO  : 'targets -set -filter {jtag_cable_name =~ "Digilent Zybo Z7 210351B3FED4A" && level==0 && jtag_device_ctx=="jsn-Zybo Z7-210351B3FED4A-13722093-0"}' command is executed.
17:08:02 INFO  : Device configured successfully with "C:/Users/trans/Desktop/project_1/project_1_work_vitis/project_1_work_app/_ide/bitstream/design_1_wrapper1.bit"
17:08:02 INFO  : Context for 'APU' is selected.
17:08:04 INFO  : Hardware design and registers information is loaded from 'C:/Users/trans/Desktop/project_1/project_1_work_vitis/project_1_work_plat/export/project_1_work_plat/hw/design_1_new_again_wrapper.xsa'.
17:08:04 INFO  : 'configparams force-mem-access 1' command is executed.
17:08:04 INFO  : Context for 'APU' is selected.
17:08:04 INFO  : Sourcing of 'C:/Users/trans/Desktop/project_1/project_1_work_vitis/project_1_work_app/_ide/psinit/ps7_init.tcl' is done.
17:08:04 INFO  : 'ps7_init' command is executed.
17:08:04 INFO  : 'ps7_post_config' command is executed.
17:08:04 INFO  : Context for processor 'ps7_cortexa9_0' is selected.
17:08:04 INFO  : The application 'C:/Users/trans/Desktop/project_1/project_1_work_vitis/project_1_work_app/Debug/project_1_work_app.elf' is downloaded to processor 'ps7_cortexa9_0'.
17:08:04 INFO  : 'configparams force-mem-access 0' command is executed.
17:08:04 INFO  : ----------------XSDB Script----------------
connect -url tcp:127.0.0.1:3121
targets -set -nocase -filter {name =~"APU*"}
rst -system
after 3000
targets -set -filter {jtag_cable_name =~ "Digilent Zybo Z7 210351B3FED4A" && level==0 && jtag_device_ctx=="jsn-Zybo Z7-210351B3FED4A-13722093-0"}
fpga -file C:/Users/trans/Desktop/project_1/project_1_work_vitis/project_1_work_app/_ide/bitstream/design_1_wrapper1.bit
targets -set -nocase -filter {name =~"APU*"}
loadhw -hw C:/Users/trans/Desktop/project_1/project_1_work_vitis/project_1_work_plat/export/project_1_work_plat/hw/design_1_new_again_wrapper.xsa -mem-ranges [list {0x40000000 0xbfffffff}] -regs
configparams force-mem-access 1
targets -set -nocase -filter {name =~"APU*"}
source C:/Users/trans/Desktop/project_1/project_1_work_vitis/project_1_work_app/_ide/psinit/ps7_init.tcl
ps7_init
ps7_post_config
targets -set -nocase -filter {name =~ "*A9*#0"}
dow C:/Users/trans/Desktop/project_1/project_1_work_vitis/project_1_work_app/Debug/project_1_work_app.elf
configparams force-mem-access 0
----------------End of Script----------------

17:08:04 INFO  : Context for processor 'ps7_cortexa9_0' is selected.
17:08:04 INFO  : 'con' command is executed.
17:08:04 INFO  : ----------------XSDB Script (After Launch)----------------
targets -set -nocase -filter {name =~ "*A9*#0"}
con
----------------End of Script----------------

17:08:04 INFO  : Launch script is exported to file 'C:\Users\trans\Desktop\project_1\project_1_work_vitis\project_1_work_app_system\_ide\scripts\debugger_project_1_work_app-default.tcl'
17:10:07 INFO  : Checking for BSP changes to sync application flags for project 'project_1_work_app'...
17:10:09 ERROR : (XSDB Server)ERROR: [Hsi 55-1571] The design file C:/Users/trans/Desktop/project_1/project_1_work_vitis/project_1_work_plat/export/project_1_work_plat/hw/design_1_new_again_wrapper.xsa is already opened

17:10:29 INFO  : Disconnected from the channel tcfchan#8.
17:10:30 INFO  : Connected to target on host '127.0.0.1' and port '3121'.
17:10:30 INFO  : Jtag cable 'Digilent Zybo Z7 210351B3FED4A' is selected.
17:10:30 INFO  : 'jtag frequency' command is executed.
17:10:30 INFO  : Context for 'APU' is selected.
17:10:30 INFO  : System reset is completed.
17:10:33 INFO  : 'after 3000' command is executed.
17:10:33 INFO  : 'targets -set -filter {jtag_cable_name =~ "Digilent Zybo Z7 210351B3FED4A" && level==0 && jtag_device_ctx=="jsn-Zybo Z7-210351B3FED4A-13722093-0"}' command is executed.
17:10:34 INFO  : Device configured successfully with "C:/Users/trans/Desktop/project_1/project_1_work_vitis/project_1_work_app/_ide/bitstream/design_1_wrapper1.bit"
17:10:34 INFO  : Context for 'APU' is selected.
17:10:36 INFO  : Hardware design and registers information is loaded from 'C:/Users/trans/Desktop/project_1/project_1_work_vitis/project_1_work_plat/export/project_1_work_plat/hw/design_1_new_again_wrapper.xsa'.
17:10:36 INFO  : 'configparams force-mem-access 1' command is executed.
17:10:36 INFO  : Context for 'APU' is selected.
17:10:36 INFO  : Sourcing of 'C:/Users/trans/Desktop/project_1/project_1_work_vitis/project_1_work_app/_ide/psinit/ps7_init.tcl' is done.
17:10:36 INFO  : 'ps7_init' command is executed.
17:10:36 INFO  : 'ps7_post_config' command is executed.
17:10:36 INFO  : Context for processor 'ps7_cortexa9_0' is selected.
17:10:37 INFO  : The application 'C:/Users/trans/Desktop/project_1/project_1_work_vitis/project_1_work_app/Debug/project_1_work_app.elf' is downloaded to processor 'ps7_cortexa9_0'.
17:10:37 INFO  : 'configparams force-mem-access 0' command is executed.
17:10:37 INFO  : ----------------XSDB Script----------------
connect -url tcp:127.0.0.1:3121
targets -set -nocase -filter {name =~"APU*"}
rst -system
after 3000
targets -set -filter {jtag_cable_name =~ "Digilent Zybo Z7 210351B3FED4A" && level==0 && jtag_device_ctx=="jsn-Zybo Z7-210351B3FED4A-13722093-0"}
fpga -file C:/Users/trans/Desktop/project_1/project_1_work_vitis/project_1_work_app/_ide/bitstream/design_1_wrapper1.bit
targets -set -nocase -filter {name =~"APU*"}
loadhw -hw C:/Users/trans/Desktop/project_1/project_1_work_vitis/project_1_work_plat/export/project_1_work_plat/hw/design_1_new_again_wrapper.xsa -mem-ranges [list {0x40000000 0xbfffffff}] -regs
configparams force-mem-access 1
targets -set -nocase -filter {name =~"APU*"}
source C:/Users/trans/Desktop/project_1/project_1_work_vitis/project_1_work_app/_ide/psinit/ps7_init.tcl
ps7_init
ps7_post_config
targets -set -nocase -filter {name =~ "*A9*#0"}
dow C:/Users/trans/Desktop/project_1/project_1_work_vitis/project_1_work_app/Debug/project_1_work_app.elf
configparams force-mem-access 0
----------------End of Script----------------

17:10:37 INFO  : Context for processor 'ps7_cortexa9_0' is selected.
17:10:37 INFO  : 'con' command is executed.
17:10:37 INFO  : ----------------XSDB Script (After Launch)----------------
targets -set -nocase -filter {name =~ "*A9*#0"}
con
----------------End of Script----------------

17:10:37 INFO  : Launch script is exported to file 'C:\Users\trans\Desktop\project_1\project_1_work_vitis\project_1_work_app_system\_ide\scripts\debugger_project_1_work_app-default.tcl'
17:13:46 INFO  : Checking for BSP changes to sync application flags for project 'project_1_work_app'...
17:13:48 ERROR : (XSDB Server)ERROR: [Hsi 55-1571] The design file C:/Users/trans/Desktop/project_1/project_1_work_vitis/project_1_work_plat/export/project_1_work_plat/hw/design_1_new_again_wrapper.xsa is already opened

17:13:59 INFO  : Disconnected from the channel tcfchan#10.
17:14:00 INFO  : Connected to target on host '127.0.0.1' and port '3121'.
17:14:00 INFO  : Jtag cable 'Digilent Zybo Z7 210351B3FED4A' is selected.
17:14:00 INFO  : 'jtag frequency' command is executed.
17:14:00 INFO  : Context for 'APU' is selected.
17:14:00 INFO  : System reset is completed.
17:14:03 INFO  : 'after 3000' command is executed.
17:14:03 INFO  : 'targets -set -filter {jtag_cable_name =~ "Digilent Zybo Z7 210351B3FED4A" && level==0 && jtag_device_ctx=="jsn-Zybo Z7-210351B3FED4A-13722093-0"}' command is executed.
17:14:05 INFO  : Device configured successfully with "C:/Users/trans/Desktop/project_1/project_1_work_vitis/project_1_work_app/_ide/bitstream/design_1_wrapper1.bit"
17:14:05 INFO  : Context for 'APU' is selected.
17:14:06 INFO  : Hardware design and registers information is loaded from 'C:/Users/trans/Desktop/project_1/project_1_work_vitis/project_1_work_plat/export/project_1_work_plat/hw/design_1_new_again_wrapper.xsa'.
17:14:06 INFO  : 'configparams force-mem-access 1' command is executed.
17:14:06 INFO  : Context for 'APU' is selected.
17:14:06 INFO  : Sourcing of 'C:/Users/trans/Desktop/project_1/project_1_work_vitis/project_1_work_app/_ide/psinit/ps7_init.tcl' is done.
17:14:06 INFO  : 'ps7_init' command is executed.
17:14:06 INFO  : 'ps7_post_config' command is executed.
17:14:06 INFO  : Context for processor 'ps7_cortexa9_0' is selected.
17:14:06 INFO  : The application 'C:/Users/trans/Desktop/project_1/project_1_work_vitis/project_1_work_app/Debug/project_1_work_app.elf' is downloaded to processor 'ps7_cortexa9_0'.
17:14:06 INFO  : 'configparams force-mem-access 0' command is executed.
17:14:06 INFO  : ----------------XSDB Script----------------
connect -url tcp:127.0.0.1:3121
targets -set -nocase -filter {name =~"APU*"}
rst -system
after 3000
targets -set -filter {jtag_cable_name =~ "Digilent Zybo Z7 210351B3FED4A" && level==0 && jtag_device_ctx=="jsn-Zybo Z7-210351B3FED4A-13722093-0"}
fpga -file C:/Users/trans/Desktop/project_1/project_1_work_vitis/project_1_work_app/_ide/bitstream/design_1_wrapper1.bit
targets -set -nocase -filter {name =~"APU*"}
loadhw -hw C:/Users/trans/Desktop/project_1/project_1_work_vitis/project_1_work_plat/export/project_1_work_plat/hw/design_1_new_again_wrapper.xsa -mem-ranges [list {0x40000000 0xbfffffff}] -regs
configparams force-mem-access 1
targets -set -nocase -filter {name =~"APU*"}
source C:/Users/trans/Desktop/project_1/project_1_work_vitis/project_1_work_app/_ide/psinit/ps7_init.tcl
ps7_init
ps7_post_config
targets -set -nocase -filter {name =~ "*A9*#0"}
dow C:/Users/trans/Desktop/project_1/project_1_work_vitis/project_1_work_app/Debug/project_1_work_app.elf
configparams force-mem-access 0
----------------End of Script----------------

17:14:06 INFO  : Context for processor 'ps7_cortexa9_0' is selected.
17:14:06 INFO  : 'con' command is executed.
17:14:06 INFO  : ----------------XSDB Script (After Launch)----------------
targets -set -nocase -filter {name =~ "*A9*#0"}
con
----------------End of Script----------------

17:14:06 INFO  : Launch script is exported to file 'C:\Users\trans\Desktop\project_1\project_1_work_vitis\project_1_work_app_system\_ide\scripts\debugger_project_1_work_app-default.tcl'
17:15:19 INFO  : Checking for BSP changes to sync application flags for project 'project_1_work_app'...
17:15:21 ERROR : (XSDB Server)ERROR: [Hsi 55-1571] The design file C:/Users/trans/Desktop/project_1/project_1_work_vitis/project_1_work_plat/export/project_1_work_plat/hw/design_1_new_again_wrapper.xsa is already opened

17:15:48 INFO  : Disconnected from the channel tcfchan#12.
17:15:50 INFO  : Connected to target on host '127.0.0.1' and port '3121'.
17:15:50 INFO  : Jtag cable 'Digilent Zybo Z7 210351B3FED4A' is selected.
17:15:50 INFO  : 'jtag frequency' command is executed.
17:15:52 INFO  : Context for 'APU' is selected.
17:15:52 INFO  : System reset is completed.
17:15:55 INFO  : 'after 3000' command is executed.
17:15:55 INFO  : 'targets -set -filter {jtag_cable_name =~ "Digilent Zybo Z7 210351B3FED4A" && level==0 && jtag_device_ctx=="jsn-Zybo Z7-210351B3FED4A-13722093-0"}' command is executed.
17:15:56 INFO  : Device configured successfully with "C:/Users/trans/Desktop/project_1/project_1_work_vitis/project_1_work_app/_ide/bitstream/design_1_wrapper1.bit"
17:15:56 INFO  : Context for 'APU' is selected.
17:15:57 INFO  : Hardware design and registers information is loaded from 'C:/Users/trans/Desktop/project_1/project_1_work_vitis/project_1_work_plat/export/project_1_work_plat/hw/design_1_new_again_wrapper.xsa'.
17:15:57 INFO  : 'configparams force-mem-access 1' command is executed.
17:15:57 INFO  : Context for 'APU' is selected.
17:15:57 INFO  : Sourcing of 'C:/Users/trans/Desktop/project_1/project_1_work_vitis/project_1_work_app/_ide/psinit/ps7_init.tcl' is done.
17:15:58 INFO  : 'ps7_init' command is executed.
17:15:58 INFO  : 'ps7_post_config' command is executed.
17:15:58 INFO  : Context for processor 'ps7_cortexa9_0' is selected.
17:15:58 INFO  : The application 'C:/Users/trans/Desktop/project_1/project_1_work_vitis/project_1_work_app/Debug/project_1_work_app.elf' is downloaded to processor 'ps7_cortexa9_0'.
17:15:58 INFO  : 'configparams force-mem-access 0' command is executed.
17:15:58 INFO  : ----------------XSDB Script----------------
connect -url tcp:127.0.0.1:3121
targets -set -nocase -filter {name =~"APU*"}
rst -system
after 3000
targets -set -filter {jtag_cable_name =~ "Digilent Zybo Z7 210351B3FED4A" && level==0 && jtag_device_ctx=="jsn-Zybo Z7-210351B3FED4A-13722093-0"}
fpga -file C:/Users/trans/Desktop/project_1/project_1_work_vitis/project_1_work_app/_ide/bitstream/design_1_wrapper1.bit
targets -set -nocase -filter {name =~"APU*"}
loadhw -hw C:/Users/trans/Desktop/project_1/project_1_work_vitis/project_1_work_plat/export/project_1_work_plat/hw/design_1_new_again_wrapper.xsa -mem-ranges [list {0x40000000 0xbfffffff}] -regs
configparams force-mem-access 1
targets -set -nocase -filter {name =~"APU*"}
source C:/Users/trans/Desktop/project_1/project_1_work_vitis/project_1_work_app/_ide/psinit/ps7_init.tcl
ps7_init
ps7_post_config
targets -set -nocase -filter {name =~ "*A9*#0"}
dow C:/Users/trans/Desktop/project_1/project_1_work_vitis/project_1_work_app/Debug/project_1_work_app.elf
configparams force-mem-access 0
----------------End of Script----------------

17:15:58 INFO  : Context for processor 'ps7_cortexa9_0' is selected.
17:15:58 INFO  : 'con' command is executed.
17:15:58 INFO  : ----------------XSDB Script (After Launch)----------------
targets -set -nocase -filter {name =~ "*A9*#0"}
con
----------------End of Script----------------

17:15:58 INFO  : Launch script is exported to file 'C:\Users\trans\Desktop\project_1\project_1_work_vitis\project_1_work_app_system\_ide\scripts\debugger_project_1_work_app-default.tcl'
17:20:06 INFO  : Disconnected from the channel tcfchan#14.
17:50:28 DEBUG : Logs will be stored at 'C:/Users/trans/Desktop/project_1/project_1_work_vitis/IDE.log'.
17:50:28 INFO  : Launching XSCT server: xsct.bat -n  -interactive C:\Users\trans\Desktop\project_1\project_1_work_vitis\temp_xsdb_launch_script.tcl
17:50:30 INFO  : XSCT server has started successfully.
17:50:30 INFO  : plnx-install-location is set to ''
17:50:30 INFO  : Successfully done setting XSCT server connection channel  
17:50:30 INFO  : Successfully done setting workspace for the tool. 
17:50:31 INFO  : Platform repository initialization has completed.
17:50:32 INFO  : Successfully done query RDI_DATADIR 
17:50:32 INFO  : Registering command handlers for Vitis TCF services
17:50:58 INFO  : Connected to target on host '127.0.0.1' and port '3121'.
17:50:58 INFO  : Jtag cable 'Digilent Zybo Z7 210351B3FED4A' is selected.
17:50:58 INFO  : 'jtag frequency' command is executed.
17:50:58 INFO  : Context for 'APU' is selected.
17:50:58 INFO  : System reset is completed.
17:51:01 INFO  : 'after 3000' command is executed.
17:51:02 INFO  : 'targets -set -filter {jtag_cable_name =~ "Digilent Zybo Z7 210351B3FED4A" && level==0 && jtag_device_ctx=="jsn-Zybo Z7-210351B3FED4A-13722093-0"}' command is executed.
17:51:03 INFO  : Device configured successfully with "C:/Users/trans/Desktop/project_1/project_1_work_vitis/project_1_work_app/_ide/bitstream/design_1_wrapper1.bit"
17:51:03 INFO  : Context for 'APU' is selected.
17:51:03 INFO  : Hardware design and registers information is loaded from 'C:/Users/trans/Desktop/project_1/project_1_work_vitis/project_1_work_plat/export/project_1_work_plat/hw/design_1_new_again_wrapper.xsa'.
17:51:03 INFO  : 'configparams force-mem-access 1' command is executed.
17:51:03 INFO  : Context for 'APU' is selected.
17:51:03 INFO  : Sourcing of 'C:/Users/trans/Desktop/project_1/project_1_work_vitis/project_1_work_app/_ide/psinit/ps7_init.tcl' is done.
17:51:03 INFO  : 'ps7_init' command is executed.
17:51:03 INFO  : 'ps7_post_config' command is executed.
17:51:03 INFO  : Context for processor 'ps7_cortexa9_0' is selected.
17:51:03 INFO  : The application 'C:/Users/trans/Desktop/project_1/project_1_work_vitis/project_1_work_app/Debug/project_1_work_app.elf' is downloaded to processor 'ps7_cortexa9_0'.
17:51:03 INFO  : 'configparams force-mem-access 0' command is executed.
17:51:03 INFO  : ----------------XSDB Script----------------
connect -url tcp:127.0.0.1:3121
targets -set -nocase -filter {name =~"APU*"}
rst -system
after 3000
targets -set -filter {jtag_cable_name =~ "Digilent Zybo Z7 210351B3FED4A" && level==0 && jtag_device_ctx=="jsn-Zybo Z7-210351B3FED4A-13722093-0"}
fpga -file C:/Users/trans/Desktop/project_1/project_1_work_vitis/project_1_work_app/_ide/bitstream/design_1_wrapper1.bit
targets -set -nocase -filter {name =~"APU*"}
loadhw -hw C:/Users/trans/Desktop/project_1/project_1_work_vitis/project_1_work_plat/export/project_1_work_plat/hw/design_1_new_again_wrapper.xsa -mem-ranges [list {0x40000000 0xbfffffff}] -regs
configparams force-mem-access 1
targets -set -nocase -filter {name =~"APU*"}
source C:/Users/trans/Desktop/project_1/project_1_work_vitis/project_1_work_app/_ide/psinit/ps7_init.tcl
ps7_init
ps7_post_config
targets -set -nocase -filter {name =~ "*A9*#0"}
dow C:/Users/trans/Desktop/project_1/project_1_work_vitis/project_1_work_app/Debug/project_1_work_app.elf
configparams force-mem-access 0
----------------End of Script----------------

17:51:03 INFO  : Context for processor 'ps7_cortexa9_0' is selected.
17:51:03 INFO  : 'con' command is executed.
17:51:03 INFO  : ----------------XSDB Script (After Launch)----------------
targets -set -nocase -filter {name =~ "*A9*#0"}
con
----------------End of Script----------------

17:51:03 INFO  : Launch script is exported to file 'C:\Users\trans\Desktop\project_1\project_1_work_vitis\project_1_work_app_system\_ide\scripts\debugger_project_1_work_app-default.tcl'
17:51:14 INFO  : Checking for BSP changes to sync application flags for project 'project_1_work_app'...
17:51:16 ERROR : (XSDB Server)ERROR: [Hsi 55-1571] The design file C:/Users/trans/Desktop/project_1/project_1_work_vitis/project_1_work_plat/export/project_1_work_plat/hw/design_1_new_again_wrapper.xsa is already opened

17:51:25 INFO  : Disconnected from the channel tcfchan#1.
17:51:26 INFO  : Connected to target on host '127.0.0.1' and port '3121'.
17:51:26 INFO  : Jtag cable 'Digilent Zybo Z7 210351B3FED4A' is selected.
17:51:26 ERROR : port closed
17:51:26 INFO  : ----------------XSDB Script----------------
connect -url tcp:127.0.0.1:3121
----------------End of Script----------------

17:51:26 ERROR : port closed
17:51:35 INFO  : Connected to target on host '127.0.0.1' and port '3121'.
17:51:35 INFO  : Jtag cable 'Digilent Zybo Z7 210351B3FED4A' is selected.
17:51:35 INFO  : 'jtag frequency' command is executed.
17:51:35 INFO  : Context for 'APU' is selected.
17:51:35 INFO  : System reset is completed.
17:51:38 INFO  : 'after 3000' command is executed.
17:51:38 INFO  : 'targets -set -filter {jtag_cable_name =~ "Digilent Zybo Z7 210351B3FED4A" && level==0 && jtag_device_ctx=="jsn-Zybo Z7-210351B3FED4A-13722093-0"}' command is executed.
17:51:39 INFO  : Device configured successfully with "C:/Users/trans/Desktop/project_1/project_1_work_vitis/project_1_work_app/_ide/bitstream/design_1_wrapper1.bit"
17:51:39 INFO  : Context for 'APU' is selected.
17:51:41 INFO  : Hardware design and registers information is loaded from 'C:/Users/trans/Desktop/project_1/project_1_work_vitis/project_1_work_plat/export/project_1_work_plat/hw/design_1_new_again_wrapper.xsa'.
17:51:41 INFO  : 'configparams force-mem-access 1' command is executed.
17:51:41 INFO  : Context for 'APU' is selected.
17:51:41 INFO  : Sourcing of 'C:/Users/trans/Desktop/project_1/project_1_work_vitis/project_1_work_app/_ide/psinit/ps7_init.tcl' is done.
17:51:41 INFO  : 'ps7_init' command is executed.
17:51:41 INFO  : 'ps7_post_config' command is executed.
17:51:41 INFO  : Context for processor 'ps7_cortexa9_0' is selected.
17:51:41 INFO  : The application 'C:/Users/trans/Desktop/project_1/project_1_work_vitis/project_1_work_app/Debug/project_1_work_app.elf' is downloaded to processor 'ps7_cortexa9_0'.
17:51:41 INFO  : 'configparams force-mem-access 0' command is executed.
17:51:41 INFO  : ----------------XSDB Script----------------
connect -url tcp:127.0.0.1:3121
targets -set -nocase -filter {name =~"APU*"}
rst -system
after 3000
targets -set -filter {jtag_cable_name =~ "Digilent Zybo Z7 210351B3FED4A" && level==0 && jtag_device_ctx=="jsn-Zybo Z7-210351B3FED4A-13722093-0"}
fpga -file C:/Users/trans/Desktop/project_1/project_1_work_vitis/project_1_work_app/_ide/bitstream/design_1_wrapper1.bit
targets -set -nocase -filter {name =~"APU*"}
loadhw -hw C:/Users/trans/Desktop/project_1/project_1_work_vitis/project_1_work_plat/export/project_1_work_plat/hw/design_1_new_again_wrapper.xsa -mem-ranges [list {0x40000000 0xbfffffff}] -regs
configparams force-mem-access 1
targets -set -nocase -filter {name =~"APU*"}
source C:/Users/trans/Desktop/project_1/project_1_work_vitis/project_1_work_app/_ide/psinit/ps7_init.tcl
ps7_init
ps7_post_config
targets -set -nocase -filter {name =~ "*A9*#0"}
dow C:/Users/trans/Desktop/project_1/project_1_work_vitis/project_1_work_app/Debug/project_1_work_app.elf
configparams force-mem-access 0
----------------End of Script----------------

17:51:41 INFO  : Context for processor 'ps7_cortexa9_0' is selected.
17:51:41 INFO  : 'con' command is executed.
17:51:41 INFO  : ----------------XSDB Script (After Launch)----------------
targets -set -nocase -filter {name =~ "*A9*#0"}
con
----------------End of Script----------------

17:51:41 INFO  : Launch script is exported to file 'C:\Users\trans\Desktop\project_1\project_1_work_vitis\project_1_work_app_system\_ide\scripts\debugger_project_1_work_app-default.tcl'
18:07:19 INFO  : Disconnected from the channel tcfchan#3.
18:07:20 INFO  : Connected to target on host '127.0.0.1' and port '3121'.
18:07:30 INFO  : ----------------XSDB Script----------------
connect -url tcp:127.0.0.1:3121
----------------End of Script----------------

18:07:30 ERROR : Could not find FPGA device on the board for connection 'Local'.


Troubleshooting hints:
1. Check whether board is connected to system properly.
2. In case of zynq board, check whether Digilent/Xilinx cable switch settings are correct.
3. If you are using Xilinx Platform Cable USB, ensure that status LED is green.
18:07:37 INFO  : Connected to target on host '127.0.0.1' and port '3121'.
18:07:37 INFO  : Jtag cable 'Digilent Zybo Z7 210351B3FED4A' is selected.
18:07:37 INFO  : 'jtag frequency' command is executed.
18:07:37 INFO  : Context for 'APU' is selected.
18:07:37 INFO  : System reset is completed.
18:07:40 INFO  : 'after 3000' command is executed.
18:07:41 INFO  : 'targets -set -filter {jtag_cable_name =~ "Digilent Zybo Z7 210351B3FED4A" && level==0 && jtag_device_ctx=="jsn-Zybo Z7-210351B3FED4A-13722093-0"}' command is executed.
18:07:42 INFO  : Device configured successfully with "C:/Users/trans/Desktop/project_1/project_1_work_vitis/project_1_work_app/_ide/bitstream/design_1_wrapper1.bit"
18:07:42 INFO  : Context for 'APU' is selected.
18:07:44 INFO  : Hardware design and registers information is loaded from 'C:/Users/trans/Desktop/project_1/project_1_work_vitis/project_1_work_plat/export/project_1_work_plat/hw/design_1_new_again_wrapper.xsa'.
18:07:44 INFO  : 'configparams force-mem-access 1' command is executed.
18:07:44 INFO  : Context for 'APU' is selected.
18:07:44 INFO  : Sourcing of 'C:/Users/trans/Desktop/project_1/project_1_work_vitis/project_1_work_app/_ide/psinit/ps7_init.tcl' is done.
18:07:44 INFO  : 'ps7_init' command is executed.
18:07:44 INFO  : 'ps7_post_config' command is executed.
18:07:44 INFO  : Context for processor 'ps7_cortexa9_0' is selected.
18:07:44 INFO  : The application 'C:/Users/trans/Desktop/project_1/project_1_work_vitis/project_1_work_app/Debug/project_1_work_app.elf' is downloaded to processor 'ps7_cortexa9_0'.
18:07:44 INFO  : 'configparams force-mem-access 0' command is executed.
18:07:44 INFO  : ----------------XSDB Script----------------
connect -url tcp:127.0.0.1:3121
targets -set -nocase -filter {name =~"APU*"}
rst -system
after 3000
targets -set -filter {jtag_cable_name =~ "Digilent Zybo Z7 210351B3FED4A" && level==0 && jtag_device_ctx=="jsn-Zybo Z7-210351B3FED4A-13722093-0"}
fpga -file C:/Users/trans/Desktop/project_1/project_1_work_vitis/project_1_work_app/_ide/bitstream/design_1_wrapper1.bit
targets -set -nocase -filter {name =~"APU*"}
loadhw -hw C:/Users/trans/Desktop/project_1/project_1_work_vitis/project_1_work_plat/export/project_1_work_plat/hw/design_1_new_again_wrapper.xsa -mem-ranges [list {0x40000000 0xbfffffff}] -regs
configparams force-mem-access 1
targets -set -nocase -filter {name =~"APU*"}
source C:/Users/trans/Desktop/project_1/project_1_work_vitis/project_1_work_app/_ide/psinit/ps7_init.tcl
ps7_init
ps7_post_config
targets -set -nocase -filter {name =~ "*A9*#0"}
dow C:/Users/trans/Desktop/project_1/project_1_work_vitis/project_1_work_app/Debug/project_1_work_app.elf
configparams force-mem-access 0
----------------End of Script----------------

18:07:44 INFO  : Context for processor 'ps7_cortexa9_0' is selected.
18:07:44 INFO  : 'con' command is executed.
18:07:44 INFO  : ----------------XSDB Script (After Launch)----------------
targets -set -nocase -filter {name =~ "*A9*#0"}
con
----------------End of Script----------------

18:07:44 INFO  : Launch script is exported to file 'C:\Users\trans\Desktop\project_1\project_1_work_vitis\project_1_work_app_system\_ide\scripts\debugger_project_1_work_app-default.tcl'
18:53:46 INFO  : Disconnected from the channel tcfchan#4.
15:02:55 DEBUG : Logs will be stored at 'C:/Users/trans/Desktop/project_1/project_1_work_vitis/IDE.log'.
15:02:56 INFO  : Launching XSCT server: xsct.bat -n  -interactive C:\Users\trans\Desktop\project_1\project_1_work_vitis\temp_xsdb_launch_script.tcl
15:03:01 INFO  : Registering command handlers for Vitis TCF services
15:03:03 INFO  : XSCT server has started successfully.
15:03:03 INFO  : plnx-install-location is set to ''
15:03:03 INFO  : Platform repository initialization has completed.
15:03:09 INFO  : Successfully done setting XSCT server connection channel  
15:03:09 INFO  : Successfully done query RDI_DATADIR 
15:03:09 INFO  : Successfully done setting workspace for the tool. 
15:03:45 INFO  : Hardware specification for platform project 'project_1_work_plat' is updated.
15:13:32 INFO  : Result from executing command 'getProjects': project_1_work_plat
15:13:32 INFO  : Result from executing command 'getPlatforms': project_1_work_plat|C:/Users/trans/Desktop/project_1/project_1_work_vitis/project_1_work_plat/export/project_1_work_plat/project_1_work_plat.xpfm;xilinx_vck190_base_202310_1|C:/Xilinx/Vitis/2023.1/base_platforms/xilinx_vck190_base_202310_1/xilinx_vck190_base_202310_1.xpfm;xilinx_vck190_base_dfx_202310_1|C:/Xilinx/Vitis/2023.1/base_platforms/xilinx_vck190_base_dfx_202310_1/xilinx_vck190_base_dfx_202310_1.xpfm;xilinx_vek280_es1_base_202310_1|C:/Xilinx/Vitis/2023.1/base_platforms/xilinx_vek280_es1_base_202310_1/xilinx_vek280_es1_base_202310_1.xpfm;xilinx_vmk180_base_202310_1|C:/Xilinx/Vitis/2023.1/base_platforms/xilinx_vmk180_base_202310_1/xilinx_vmk180_base_202310_1.xpfm;xilinx_zcu102_base_202310_1|C:/Xilinx/Vitis/2023.1/base_platforms/xilinx_zcu102_base_202310_1/xilinx_zcu102_base_202310_1.xpfm;xilinx_zcu102_base_dfx_202310_1|C:/Xilinx/Vitis/2023.1/base_platforms/xilinx_zcu102_base_dfx_202310_1/xilinx_zcu102_base_dfx_202310_1.xpfm;xilinx_zcu104_base_202310_1|C:/Xilinx/Vitis/2023.1/base_platforms/xilinx_zcu104_base_202310_1/xilinx_zcu104_base_202310_1.xpfm
15:13:34 INFO  : Checking for BSP changes to sync application flags for project 'project_1_work_app'...
15:13:37 INFO  : Updating application flags with new BSP settings...
15:13:38 INFO  : Successfully updated application flags for project project_1_work_app.
15:13:39 INFO  : The hardware specification used by project 'project_1_work_app' is out of sync with the platform. Resource files extracted from the hardware specification will be updated.
15:13:39 INFO  : The file 'C:\Users\trans\Desktop\project_1\project_1_work_vitis\project_1_work_app\_ide\bitstream\design_1_wrapper1.bit' stored in project is removed.
15:13:39 INFO  : The updated bitstream files are copied from platform to folder 'C:\Users\trans\Desktop\project_1\project_1_work_vitis\project_1_work_app\_ide\bitstream' in project 'project_1_work_app'.
15:13:39 INFO  : The file 'C:\Users\trans\Desktop\project_1\project_1_work_vitis\project_1_work_app\_ide\psinit\ps7_init.tcl' stored in project is removed.
15:13:47 INFO  : The updated ps init files are copied from platform to folder 'C:\Users\trans\Desktop\project_1\project_1_work_vitis\project_1_work_app\_ide\psinit' in project 'project_1_work_app'.
15:20:28 INFO  : Hardware specification for platform project 'project_1_work_plat' is updated.
15:20:39 INFO  : No changes in MSS file content so sources will not be generated.
15:23:24 INFO  : Hardware specification for platform project 'project_1_work_plat' is updated.
15:24:37 INFO  : No changes in MSS file content so sources will not be generated.
15:25:05 INFO  : Result from executing command 'getProjects': project_1_work_plat
15:25:05 INFO  : Result from executing command 'getPlatforms': project_1_work_plat|C:/Users/trans/Desktop/project_1/project_1_work_vitis/project_1_work_plat/export/project_1_work_plat/project_1_work_plat.xpfm;xilinx_vck190_base_202310_1|C:/Xilinx/Vitis/2023.1/base_platforms/xilinx_vck190_base_202310_1/xilinx_vck190_base_202310_1.xpfm;xilinx_vck190_base_dfx_202310_1|C:/Xilinx/Vitis/2023.1/base_platforms/xilinx_vck190_base_dfx_202310_1/xilinx_vck190_base_dfx_202310_1.xpfm;xilinx_vek280_es1_base_202310_1|C:/Xilinx/Vitis/2023.1/base_platforms/xilinx_vek280_es1_base_202310_1/xilinx_vek280_es1_base_202310_1.xpfm;xilinx_vmk180_base_202310_1|C:/Xilinx/Vitis/2023.1/base_platforms/xilinx_vmk180_base_202310_1/xilinx_vmk180_base_202310_1.xpfm;xilinx_zcu102_base_202310_1|C:/Xilinx/Vitis/2023.1/base_platforms/xilinx_zcu102_base_202310_1/xilinx_zcu102_base_202310_1.xpfm;xilinx_zcu102_base_dfx_202310_1|C:/Xilinx/Vitis/2023.1/base_platforms/xilinx_zcu102_base_dfx_202310_1/xilinx_zcu102_base_dfx_202310_1.xpfm;xilinx_zcu104_base_202310_1|C:/Xilinx/Vitis/2023.1/base_platforms/xilinx_zcu104_base_202310_1/xilinx_zcu104_base_202310_1.xpfm
15:26:33 INFO  : Result from executing command 'getProjects': project_1_work_plat
15:26:33 INFO  : Result from executing command 'getPlatforms': xilinx_vck190_base_202310_1|C:/Xilinx/Vitis/2023.1/base_platforms/xilinx_vck190_base_202310_1/xilinx_vck190_base_202310_1.xpfm;xilinx_vck190_base_dfx_202310_1|C:/Xilinx/Vitis/2023.1/base_platforms/xilinx_vck190_base_dfx_202310_1/xilinx_vck190_base_dfx_202310_1.xpfm;xilinx_vek280_es1_base_202310_1|C:/Xilinx/Vitis/2023.1/base_platforms/xilinx_vek280_es1_base_202310_1/xilinx_vek280_es1_base_202310_1.xpfm;xilinx_vmk180_base_202310_1|C:/Xilinx/Vitis/2023.1/base_platforms/xilinx_vmk180_base_202310_1/xilinx_vmk180_base_202310_1.xpfm;xilinx_zcu102_base_202310_1|C:/Xilinx/Vitis/2023.1/base_platforms/xilinx_zcu102_base_202310_1/xilinx_zcu102_base_202310_1.xpfm;xilinx_zcu102_base_dfx_202310_1|C:/Xilinx/Vitis/2023.1/base_platforms/xilinx_zcu102_base_dfx_202310_1/xilinx_zcu102_base_dfx_202310_1.xpfm;xilinx_zcu104_base_202310_1|C:/Xilinx/Vitis/2023.1/base_platforms/xilinx_zcu104_base_202310_1/xilinx_zcu104_base_202310_1.xpfm
15:28:25 INFO  : Checking for BSP changes to sync application flags for project 'project_1_work_app'...
15:28:28 INFO  : Updating application flags with new BSP settings...
15:28:28 INFO  : Successfully updated application flags for project project_1_work_app.
15:28:31 INFO  : The hardware specification used by project 'project_1_work_app' is out of sync with the platform. Resource files extracted from the hardware specification will be updated.
15:28:31 INFO  : The file 'C:\Users\trans\Desktop\project_1\project_1_work_vitis\project_1_work_app\_ide\bitstream\design_1_DISPLAY_LED_wrapper.bit' stored in project is removed.
15:28:32 INFO  : The updated bitstream files are copied from platform to folder 'C:\Users\trans\Desktop\project_1\project_1_work_vitis\project_1_work_app\_ide\bitstream' in project 'project_1_work_app'.
15:28:32 INFO  : The file 'C:\Users\trans\Desktop\project_1\project_1_work_vitis\project_1_work_app\_ide\psinit\ps7_init.tcl' stored in project is removed.
15:28:39 INFO  : The updated ps init files are copied from platform to folder 'C:\Users\trans\Desktop\project_1\project_1_work_vitis\project_1_work_app\_ide\psinit' in project 'project_1_work_app'.
15:30:08 INFO  : Connected to target on host '127.0.0.1' and port '3121'.
15:30:26 INFO  : ----------------XSDB Script----------------
connect -url tcp:127.0.0.1:3121
----------------End of Script----------------

15:30:26 ERROR : Could not find ARM device on the board for connection 'Local'.
Check if the target is in:
1. Split JTAG - No operations are possible with ARM DAP.
2. Non JTAG bootmode - Bootrom may need time to enable DAP.
Please try again.


Troubleshooting hints:
1. Check whether board is connected to system properly.
2. In case of zynq board, check whether Digilent/Xilinx cable switch settings are correct.
3. If you are using Xilinx Platform Cable USB, ensure that status LED is green.
15:31:00 INFO  : Connected to target on host '127.0.0.1' and port '3121'.
15:31:00 INFO  : Jtag cable 'Digilent Zybo Z7 210351B3FED4A' is selected.
15:31:00 INFO  : 'jtag frequency' command is executed.
15:31:00 INFO  : Context for 'APU' is selected.
15:31:00 INFO  : System reset is completed.
15:31:03 INFO  : 'after 3000' command is executed.
15:31:04 INFO  : 'targets -set -filter {jtag_cable_name =~ "Digilent Zybo Z7 210351B3FED4A" && level==0 && jtag_device_ctx=="jsn-Zybo Z7-210351B3FED4A-13722093-0"}' command is executed.
15:31:04 ERROR : couldn't open "C:/Users/trans/Desktop/project_1/project_1_work_vitis/project_1_work_app/_ide/bitstream/design_1_wrapper1.bit": no such file or directory
15:31:04 ERROR : Exception occured while running Program Device.
java.lang.RuntimeException: couldn't open "C:/Users/trans/Desktop/project_1/project_1_work_vitis/project_1_work_app/_ide/bitstream/design_1_wrapper1.bit": no such file or directory
15:31:04 INFO  : ----------------XSDB Script----------------
connect -url tcp:127.0.0.1:3121
targets -set -nocase -filter {name =~"APU*"}
rst -system
after 3000
----------------End of Script----------------

15:31:04 ERROR : couldn't open "C:/Users/trans/Desktop/project_1/project_1_work_vitis/project_1_work_app/_ide/bitstream/design_1_wrapper1.bit": no such file or directory
15:35:32 INFO  : Checking for BSP changes to sync application flags for project 'project_1_work_app'...
15:39:49 INFO  : Connected to target on host '127.0.0.1' and port '3121'.
15:39:49 INFO  : Jtag cable 'Digilent Zybo Z7 210351B3FED4A' is selected.
15:39:49 INFO  : 'jtag frequency' command is executed.
15:39:49 INFO  : Context for 'APU' is selected.
15:39:49 INFO  : System reset is completed.
15:39:52 INFO  : 'after 3000' command is executed.
15:39:52 INFO  : 'targets -set -filter {jtag_cable_name =~ "Digilent Zybo Z7 210351B3FED4A" && level==0 && jtag_device_ctx=="jsn-Zybo Z7-210351B3FED4A-13722093-0"}' command is executed.
15:39:54 INFO  : Device configured successfully with "C:/Users/trans/Desktop/project_1/project_1_work_vitis/project_1_work_app/_ide/bitstream/design_1_DISPLAY_AGAIN_wrapper.bit"
15:39:54 INFO  : Context for 'APU' is selected.
15:39:54 INFO  : Hardware design and registers information is loaded from 'C:/Users/trans/Desktop/project_1/project_1_work_vitis/project_1_work_plat/export/project_1_work_plat/hw/design_1_DISPLAY_AGAIN_wrapper.xsa'.
15:39:54 INFO  : 'configparams force-mem-access 1' command is executed.
15:39:54 INFO  : Context for 'APU' is selected.
15:39:54 INFO  : Sourcing of 'C:/Users/trans/Desktop/project_1/project_1_work_vitis/project_1_work_app/_ide/psinit/ps7_init.tcl' is done.
15:39:54 INFO  : 'ps7_init' command is executed.
15:39:54 INFO  : 'ps7_post_config' command is executed.
15:39:54 INFO  : Context for processor 'ps7_cortexa9_0' is selected.
15:39:55 INFO  : The application 'C:/Users/trans/Desktop/project_1/project_1_work_vitis/project_1_work_app/Debug/project_1_work_app.elf' is downloaded to processor 'ps7_cortexa9_0'.
15:39:55 INFO  : 'configparams force-mem-access 0' command is executed.
15:39:55 INFO  : ----------------XSDB Script----------------
connect -url tcp:127.0.0.1:3121
targets -set -nocase -filter {name =~"APU*"}
rst -system
after 3000
targets -set -filter {jtag_cable_name =~ "Digilent Zybo Z7 210351B3FED4A" && level==0 && jtag_device_ctx=="jsn-Zybo Z7-210351B3FED4A-13722093-0"}
fpga -file C:/Users/trans/Desktop/project_1/project_1_work_vitis/project_1_work_app/_ide/bitstream/design_1_DISPLAY_AGAIN_wrapper.bit
targets -set -nocase -filter {name =~"APU*"}
loadhw -hw C:/Users/trans/Desktop/project_1/project_1_work_vitis/project_1_work_plat/export/project_1_work_plat/hw/design_1_DISPLAY_AGAIN_wrapper.xsa -mem-ranges [list {0x40000000 0xbfffffff}] -regs
configparams force-mem-access 1
targets -set -nocase -filter {name =~"APU*"}
source C:/Users/trans/Desktop/project_1/project_1_work_vitis/project_1_work_app/_ide/psinit/ps7_init.tcl
ps7_init
ps7_post_config
targets -set -nocase -filter {name =~ "*A9*#0"}
dow C:/Users/trans/Desktop/project_1/project_1_work_vitis/project_1_work_app/Debug/project_1_work_app.elf
configparams force-mem-access 0
----------------End of Script----------------

15:39:55 INFO  : Context for processor 'ps7_cortexa9_0' is selected.
15:39:55 INFO  : 'con' command is executed.
15:39:55 INFO  : ----------------XSDB Script (After Launch)----------------
targets -set -nocase -filter {name =~ "*A9*#0"}
con
----------------End of Script----------------

15:39:55 INFO  : Launch script is exported to file 'C:\Users\trans\Desktop\project_1\project_1_work_vitis\project_1_work_app_system\_ide\scripts\debugger_project_1_work_app-default.tcl'
15:49:59 INFO  : Disconnected from the channel tcfchan#6.
15:50:00 INFO  : Connected to target on host '127.0.0.1' and port '3121'.
15:50:01 INFO  : Jtag cable 'Digilent Zybo Z7 210351B3FED4A' is selected.
15:50:01 ERROR : port closed
15:50:01 INFO  : ----------------XSDB Script----------------
connect -url tcp:127.0.0.1:3121
----------------End of Script----------------

15:50:01 ERROR : port closed
15:50:09 INFO  : Connected to target on host '127.0.0.1' and port '3121'.
15:50:09 INFO  : Jtag cable 'Digilent Zybo Z7 210351B3FED4A' is selected.
15:50:09 INFO  : 'jtag frequency' command is executed.
15:50:09 INFO  : Context for 'APU' is selected.
15:50:09 INFO  : System reset is completed.
15:50:12 INFO  : 'after 3000' command is executed.
15:50:13 INFO  : 'targets -set -filter {jtag_cable_name =~ "Digilent Zybo Z7 210351B3FED4A" && level==0 && jtag_device_ctx=="jsn-Zybo Z7-210351B3FED4A-13722093-0"}' command is executed.
15:50:14 INFO  : Device configured successfully with "C:/Users/trans/Desktop/project_1/project_1_work_vitis/project_1_work_app/_ide/bitstream/design_1_DISPLAY_AGAIN_wrapper.bit"
15:50:16 INFO  : Context for 'APU' is selected.
15:50:16 INFO  : Hardware design and registers information is loaded from 'C:/Users/trans/Desktop/project_1/project_1_work_vitis/project_1_work_plat/export/project_1_work_plat/hw/design_1_DISPLAY_AGAIN_wrapper.xsa'.
15:50:16 INFO  : 'configparams force-mem-access 1' command is executed.
15:50:16 INFO  : Context for 'APU' is selected.
15:50:16 INFO  : Sourcing of 'C:/Users/trans/Desktop/project_1/project_1_work_vitis/project_1_work_app/_ide/psinit/ps7_init.tcl' is done.
15:50:17 INFO  : 'ps7_init' command is executed.
15:50:17 INFO  : 'ps7_post_config' command is executed.
15:50:17 INFO  : Context for processor 'ps7_cortexa9_0' is selected.
15:50:17 INFO  : The application 'C:/Users/trans/Desktop/project_1/project_1_work_vitis/project_1_work_app/Debug/project_1_work_app.elf' is downloaded to processor 'ps7_cortexa9_0'.
15:50:17 INFO  : 'configparams force-mem-access 0' command is executed.
15:50:17 INFO  : ----------------XSDB Script----------------
connect -url tcp:127.0.0.1:3121
targets -set -nocase -filter {name =~"APU*"}
rst -system
after 3000
targets -set -filter {jtag_cable_name =~ "Digilent Zybo Z7 210351B3FED4A" && level==0 && jtag_device_ctx=="jsn-Zybo Z7-210351B3FED4A-13722093-0"}
fpga -file C:/Users/trans/Desktop/project_1/project_1_work_vitis/project_1_work_app/_ide/bitstream/design_1_DISPLAY_AGAIN_wrapper.bit
targets -set -nocase -filter {name =~"APU*"}
loadhw -hw C:/Users/trans/Desktop/project_1/project_1_work_vitis/project_1_work_plat/export/project_1_work_plat/hw/design_1_DISPLAY_AGAIN_wrapper.xsa -mem-ranges [list {0x40000000 0xbfffffff}] -regs
configparams force-mem-access 1
targets -set -nocase -filter {name =~"APU*"}
source C:/Users/trans/Desktop/project_1/project_1_work_vitis/project_1_work_app/_ide/psinit/ps7_init.tcl
ps7_init
ps7_post_config
targets -set -nocase -filter {name =~ "*A9*#0"}
dow C:/Users/trans/Desktop/project_1/project_1_work_vitis/project_1_work_app/Debug/project_1_work_app.elf
configparams force-mem-access 0
----------------End of Script----------------

15:50:17 INFO  : Context for processor 'ps7_cortexa9_0' is selected.
15:50:17 INFO  : 'con' command is executed.
15:50:17 INFO  : ----------------XSDB Script (After Launch)----------------
targets -set -nocase -filter {name =~ "*A9*#0"}
con
----------------End of Script----------------

15:50:17 INFO  : Launch script is exported to file 'C:\Users\trans\Desktop\project_1\project_1_work_vitis\project_1_work_app_system\_ide\scripts\debugger_project_1_work_app-default.tcl'
16:45:17 INFO  : Disconnected from the channel tcfchan#8.
16:45:18 INFO  : Connected to target on host '127.0.0.1' and port '3121'.
16:45:18 INFO  : Jtag cable 'Digilent Zybo Z7 210351B3FED4A' is selected.
16:45:18 INFO  : 'jtag frequency' command is executed.
16:45:19 INFO  : Context for 'APU' is selected.
16:45:19 INFO  : System reset is completed.
16:45:22 INFO  : 'after 3000' command is executed.
16:45:22 INFO  : 'targets -set -filter {jtag_cable_name =~ "Digilent Zybo Z7 210351B3FED4A" && level==0 && jtag_device_ctx=="jsn-Zybo Z7-210351B3FED4A-13722093-0"}' command is executed.
16:45:23 INFO  : Device configured successfully with "C:/Users/trans/Desktop/project_1/project_1_work_vitis/project_1_work_app/_ide/bitstream/design_1_DISPLAY_AGAIN_wrapper.bit"
16:45:23 INFO  : Context for 'APU' is selected.
16:45:23 INFO  : Hardware design and registers information is loaded from 'C:/Users/trans/Desktop/project_1/project_1_work_vitis/project_1_work_plat/export/project_1_work_plat/hw/design_1_DISPLAY_AGAIN_wrapper.xsa'.
16:45:23 INFO  : 'configparams force-mem-access 1' command is executed.
16:45:23 INFO  : Context for 'APU' is selected.
16:45:23 INFO  : Sourcing of 'C:/Users/trans/Desktop/project_1/project_1_work_vitis/project_1_work_app/_ide/psinit/ps7_init.tcl' is done.
16:45:24 INFO  : 'ps7_init' command is executed.
16:45:24 INFO  : 'ps7_post_config' command is executed.
16:45:24 INFO  : Context for processor 'ps7_cortexa9_0' is selected.
16:45:24 INFO  : The application 'C:/Users/trans/Desktop/project_1/project_1_work_vitis/project_1_work_app/Debug/project_1_work_app.elf' is downloaded to processor 'ps7_cortexa9_0'.
16:45:24 INFO  : 'configparams force-mem-access 0' command is executed.
16:45:24 INFO  : ----------------XSDB Script----------------
connect -url tcp:127.0.0.1:3121
targets -set -nocase -filter {name =~"APU*"}
rst -system
after 3000
targets -set -filter {jtag_cable_name =~ "Digilent Zybo Z7 210351B3FED4A" && level==0 && jtag_device_ctx=="jsn-Zybo Z7-210351B3FED4A-13722093-0"}
fpga -file C:/Users/trans/Desktop/project_1/project_1_work_vitis/project_1_work_app/_ide/bitstream/design_1_DISPLAY_AGAIN_wrapper.bit
targets -set -nocase -filter {name =~"APU*"}
loadhw -hw C:/Users/trans/Desktop/project_1/project_1_work_vitis/project_1_work_plat/export/project_1_work_plat/hw/design_1_DISPLAY_AGAIN_wrapper.xsa -mem-ranges [list {0x40000000 0xbfffffff}] -regs
configparams force-mem-access 1
targets -set -nocase -filter {name =~"APU*"}
source C:/Users/trans/Desktop/project_1/project_1_work_vitis/project_1_work_app/_ide/psinit/ps7_init.tcl
ps7_init
ps7_post_config
targets -set -nocase -filter {name =~ "*A9*#0"}
dow C:/Users/trans/Desktop/project_1/project_1_work_vitis/project_1_work_app/Debug/project_1_work_app.elf
configparams force-mem-access 0
----------------End of Script----------------

16:45:25 INFO  : Context for processor 'ps7_cortexa9_0' is selected.
16:45:25 INFO  : 'con' command is executed.
16:45:25 INFO  : ----------------XSDB Script (After Launch)----------------
targets -set -nocase -filter {name =~ "*A9*#0"}
con
----------------End of Script----------------

16:45:25 INFO  : Launch script is exported to file 'C:\Users\trans\Desktop\project_1\project_1_work_vitis\project_1_work_app_system\_ide\scripts\debugger_project_1_work_app-default.tcl'
16:51:24 INFO  : Disconnected from the channel tcfchan#9.
19:02:18 DEBUG : Logs will be stored at 'C:/Users/trans/Desktop/project_1/project_1_work_vitis/IDE.log'.
19:02:18 INFO  : Launching XSCT server: xsct.bat -n  -interactive C:\Users\trans\Desktop\project_1\project_1_work_vitis\temp_xsdb_launch_script.tcl
19:02:21 INFO  : XSCT server has started successfully.
19:02:21 INFO  : Successfully done setting XSCT server connection channel  
19:02:21 INFO  : plnx-install-location is set to ''
19:02:21 INFO  : Successfully done setting workspace for the tool. 
19:02:22 INFO  : Platform repository initialization has completed.
19:02:30 INFO  : Registering command handlers for Vitis TCF services
19:02:33 INFO  : Successfully done query RDI_DATADIR 
19:26:01 INFO  : Connected to target on host '127.0.0.1' and port '3121'.
19:26:02 INFO  : Jtag cable 'Digilent Zybo Z7 210351B3FED4A' is selected.
19:26:02 INFO  : 'jtag frequency' command is executed.
19:26:02 INFO  : Context for 'APU' is selected.
19:26:02 INFO  : System reset is completed.
19:26:05 INFO  : 'after 3000' command is executed.
19:26:05 INFO  : 'targets -set -filter {jtag_cable_name =~ "Digilent Zybo Z7 210351B3FED4A" && level==0 && jtag_device_ctx=="jsn-Zybo Z7-210351B3FED4A-13722093-0"}' command is executed.
19:26:06 INFO  : Device configured successfully with "C:/Users/trans/Desktop/project_1/project_1_work_vitis/project_1_work_app/_ide/bitstream/design_1_DISPLAY_AGAIN_wrapper.bit"
19:26:07 INFO  : Context for 'APU' is selected.
19:26:07 INFO  : Hardware design and registers information is loaded from 'C:/Users/trans/Desktop/project_1/project_1_work_vitis/project_1_work_plat/export/project_1_work_plat/hw/design_1_DISPLAY_AGAIN_wrapper.xsa'.
19:26:07 INFO  : 'configparams force-mem-access 1' command is executed.
19:26:07 INFO  : Context for 'APU' is selected.
19:26:07 INFO  : Sourcing of 'C:/Users/trans/Desktop/project_1/project_1_work_vitis/project_1_work_app/_ide/psinit/ps7_init.tcl' is done.
19:26:07 INFO  : 'ps7_init' command is executed.
19:26:07 INFO  : 'ps7_post_config' command is executed.
19:26:07 INFO  : Context for processor 'ps7_cortexa9_0' is selected.
19:26:07 INFO  : The application 'C:/Users/trans/Desktop/project_1/project_1_work_vitis/project_1_work_app/Debug/project_1_work_app.elf' is downloaded to processor 'ps7_cortexa9_0'.
19:26:07 INFO  : 'configparams force-mem-access 0' command is executed.
19:26:07 INFO  : ----------------XSDB Script----------------
connect -url tcp:127.0.0.1:3121
targets -set -nocase -filter {name =~"APU*"}
rst -system
after 3000
targets -set -filter {jtag_cable_name =~ "Digilent Zybo Z7 210351B3FED4A" && level==0 && jtag_device_ctx=="jsn-Zybo Z7-210351B3FED4A-13722093-0"}
fpga -file C:/Users/trans/Desktop/project_1/project_1_work_vitis/project_1_work_app/_ide/bitstream/design_1_DISPLAY_AGAIN_wrapper.bit
targets -set -nocase -filter {name =~"APU*"}
loadhw -hw C:/Users/trans/Desktop/project_1/project_1_work_vitis/project_1_work_plat/export/project_1_work_plat/hw/design_1_DISPLAY_AGAIN_wrapper.xsa -mem-ranges [list {0x40000000 0xbfffffff}] -regs
configparams force-mem-access 1
targets -set -nocase -filter {name =~"APU*"}
source C:/Users/trans/Desktop/project_1/project_1_work_vitis/project_1_work_app/_ide/psinit/ps7_init.tcl
ps7_init
ps7_post_config
targets -set -nocase -filter {name =~ "*A9*#0"}
dow C:/Users/trans/Desktop/project_1/project_1_work_vitis/project_1_work_app/Debug/project_1_work_app.elf
configparams force-mem-access 0
----------------End of Script----------------

19:26:07 INFO  : Context for processor 'ps7_cortexa9_0' is selected.
19:26:07 INFO  : 'con' command is executed.
19:26:07 INFO  : ----------------XSDB Script (After Launch)----------------
targets -set -nocase -filter {name =~ "*A9*#0"}
con
----------------End of Script----------------

19:26:07 INFO  : Launch script is exported to file 'C:\Users\trans\Desktop\project_1\project_1_work_vitis\project_1_work_app_system\_ide\scripts\debugger_project_1_work_app-default.tcl'
19:55:25 INFO  : Checking for BSP changes to sync application flags for project 'project_1_work_app'...
19:55:29 ERROR : (XSDB Server)ERROR: [Hsi 55-1571] The design file C:/Users/trans/Desktop/project_1/project_1_work_vitis/project_1_work_plat/export/project_1_work_plat/hw/design_1_DISPLAY_AGAIN_wrapper.xsa is already opened

20:27:34 INFO  : Disconnected from the channel tcfchan#1.
20:27:35 INFO  : Connected to target on host '127.0.0.1' and port '3121'.
20:27:35 INFO  : Jtag cable 'Digilent Zybo Z7 210351B3FED4A' is selected.
20:27:35 ERROR : port closed
20:27:35 INFO  : ----------------XSDB Script----------------
connect -url tcp:127.0.0.1:3121
----------------End of Script----------------

20:27:35 ERROR : port closed
20:27:39 INFO  : Connected to target on host '127.0.0.1' and port '3121'.
20:27:39 INFO  : Jtag cable 'Digilent Zybo Z7 210351B3FED4A' is selected.
20:27:39 INFO  : 'jtag frequency' command is executed.
20:27:39 INFO  : Context for 'APU' is selected.
20:27:39 INFO  : System reset is completed.
20:27:42 INFO  : 'after 3000' command is executed.
20:27:42 INFO  : 'targets -set -filter {jtag_cable_name =~ "Digilent Zybo Z7 210351B3FED4A" && level==0 && jtag_device_ctx=="jsn-Zybo Z7-210351B3FED4A-13722093-0"}' command is executed.
20:27:44 INFO  : Device configured successfully with "C:/Users/trans/Desktop/project_1/project_1_work_vitis/project_1_work_app/_ide/bitstream/design_1_DISPLAY_AGAIN_wrapper.bit"
20:27:44 INFO  : Context for 'APU' is selected.
20:27:45 INFO  : Hardware design and registers information is loaded from 'C:/Users/trans/Desktop/project_1/project_1_work_vitis/project_1_work_plat/export/project_1_work_plat/hw/design_1_DISPLAY_AGAIN_wrapper.xsa'.
20:27:45 INFO  : 'configparams force-mem-access 1' command is executed.
20:27:45 INFO  : Context for 'APU' is selected.
20:27:45 INFO  : Sourcing of 'C:/Users/trans/Desktop/project_1/project_1_work_vitis/project_1_work_app/_ide/psinit/ps7_init.tcl' is done.
20:27:46 INFO  : 'ps7_init' command is executed.
20:27:46 INFO  : 'ps7_post_config' command is executed.
20:27:46 INFO  : Context for processor 'ps7_cortexa9_0' is selected.
20:27:46 INFO  : The application 'C:/Users/trans/Desktop/project_1/project_1_work_vitis/project_1_work_app/Debug/project_1_work_app.elf' is downloaded to processor 'ps7_cortexa9_0'.
20:27:46 INFO  : 'configparams force-mem-access 0' command is executed.
20:27:46 INFO  : ----------------XSDB Script----------------
connect -url tcp:127.0.0.1:3121
targets -set -nocase -filter {name =~"APU*"}
rst -system
after 3000
targets -set -filter {jtag_cable_name =~ "Digilent Zybo Z7 210351B3FED4A" && level==0 && jtag_device_ctx=="jsn-Zybo Z7-210351B3FED4A-13722093-0"}
fpga -file C:/Users/trans/Desktop/project_1/project_1_work_vitis/project_1_work_app/_ide/bitstream/design_1_DISPLAY_AGAIN_wrapper.bit
targets -set -nocase -filter {name =~"APU*"}
loadhw -hw C:/Users/trans/Desktop/project_1/project_1_work_vitis/project_1_work_plat/export/project_1_work_plat/hw/design_1_DISPLAY_AGAIN_wrapper.xsa -mem-ranges [list {0x40000000 0xbfffffff}] -regs
configparams force-mem-access 1
targets -set -nocase -filter {name =~"APU*"}
source C:/Users/trans/Desktop/project_1/project_1_work_vitis/project_1_work_app/_ide/psinit/ps7_init.tcl
ps7_init
ps7_post_config
targets -set -nocase -filter {name =~ "*A9*#0"}
dow C:/Users/trans/Desktop/project_1/project_1_work_vitis/project_1_work_app/Debug/project_1_work_app.elf
configparams force-mem-access 0
----------------End of Script----------------

20:27:46 INFO  : Context for processor 'ps7_cortexa9_0' is selected.
20:27:46 INFO  : 'con' command is executed.
20:27:46 INFO  : ----------------XSDB Script (After Launch)----------------
targets -set -nocase -filter {name =~ "*A9*#0"}
con
----------------End of Script----------------

20:27:46 INFO  : Launch script is exported to file 'C:\Users\trans\Desktop\project_1\project_1_work_vitis\project_1_work_app_system\_ide\scripts\debugger_project_1_work_app-default.tcl'
23:25:09 INFO  : Disconnected from the channel tcfchan#3.
14:45:36 DEBUG : Logs will be stored at 'C:/Users/trans/Desktop/project_1/project_1_work_vitis/IDE.log'.
14:45:36 INFO  : Launching XSCT server: xsct.bat -n  -interactive C:\Users\trans\Desktop\project_1\project_1_work_vitis\temp_xsdb_launch_script.tcl
14:45:42 INFO  : Platform repository initialization has completed.
14:45:42 INFO  : Registering command handlers for Vitis TCF services
14:45:44 INFO  : XSCT server has started successfully.
14:45:44 INFO  : plnx-install-location is set to ''
14:45:52 INFO  : Successfully done setting XSCT server connection channel  
14:45:52 INFO  : Successfully done query RDI_DATADIR 
14:45:52 INFO  : Successfully done setting workspace for the tool. 
14:46:04 INFO  : Connected to target on host '127.0.0.1' and port '3121'.
14:46:05 INFO  : Jtag cable 'Digilent Zybo Z7 210351B3FED4A' is selected.
14:46:05 INFO  : 'jtag frequency' command is executed.
14:46:05 INFO  : Context for 'APU' is selected.
14:46:05 INFO  : System reset is completed.
14:46:08 INFO  : 'after 3000' command is executed.
14:46:08 INFO  : 'targets -set -filter {jtag_cable_name =~ "Digilent Zybo Z7 210351B3FED4A" && level==0 && jtag_device_ctx=="jsn-Zybo Z7-210351B3FED4A-13722093-0"}' command is executed.
14:46:10 INFO  : Device configured successfully with "C:/Users/trans/Desktop/project_1/project_1_work_vitis/project_1_work_app/_ide/bitstream/design_1_DISPLAY_AGAIN_wrapper.bit"
14:46:10 INFO  : Context for 'APU' is selected.
14:46:10 INFO  : Hardware design and registers information is loaded from 'C:/Users/trans/Desktop/project_1/project_1_work_vitis/project_1_work_plat/export/project_1_work_plat/hw/design_1_DISPLAY_AGAIN_wrapper.xsa'.
14:46:10 INFO  : 'configparams force-mem-access 1' command is executed.
14:46:10 INFO  : Context for 'APU' is selected.
14:46:10 INFO  : Sourcing of 'C:/Users/trans/Desktop/project_1/project_1_work_vitis/project_1_work_app/_ide/psinit/ps7_init.tcl' is done.
14:46:11 INFO  : 'ps7_init' command is executed.
14:46:11 INFO  : 'ps7_post_config' command is executed.
14:46:11 INFO  : Context for processor 'ps7_cortexa9_0' is selected.
14:46:11 INFO  : The application 'C:/Users/trans/Desktop/project_1/project_1_work_vitis/project_1_work_app/Debug/project_1_work_app.elf' is downloaded to processor 'ps7_cortexa9_0'.
14:46:11 INFO  : 'configparams force-mem-access 0' command is executed.
14:46:11 INFO  : ----------------XSDB Script----------------
connect -url tcp:127.0.0.1:3121
targets -set -nocase -filter {name =~"APU*"}
rst -system
after 3000
targets -set -filter {jtag_cable_name =~ "Digilent Zybo Z7 210351B3FED4A" && level==0 && jtag_device_ctx=="jsn-Zybo Z7-210351B3FED4A-13722093-0"}
fpga -file C:/Users/trans/Desktop/project_1/project_1_work_vitis/project_1_work_app/_ide/bitstream/design_1_DISPLAY_AGAIN_wrapper.bit
targets -set -nocase -filter {name =~"APU*"}
loadhw -hw C:/Users/trans/Desktop/project_1/project_1_work_vitis/project_1_work_plat/export/project_1_work_plat/hw/design_1_DISPLAY_AGAIN_wrapper.xsa -mem-ranges [list {0x40000000 0xbfffffff}] -regs
configparams force-mem-access 1
targets -set -nocase -filter {name =~"APU*"}
source C:/Users/trans/Desktop/project_1/project_1_work_vitis/project_1_work_app/_ide/psinit/ps7_init.tcl
ps7_init
ps7_post_config
targets -set -nocase -filter {name =~ "*A9*#0"}
dow C:/Users/trans/Desktop/project_1/project_1_work_vitis/project_1_work_app/Debug/project_1_work_app.elf
configparams force-mem-access 0
----------------End of Script----------------

14:46:11 INFO  : Context for processor 'ps7_cortexa9_0' is selected.
14:46:11 INFO  : 'con' command is executed.
14:46:11 INFO  : ----------------XSDB Script (After Launch)----------------
targets -set -nocase -filter {name =~ "*A9*#0"}
con
----------------End of Script----------------

14:46:11 INFO  : Launch script is exported to file 'C:\Users\trans\Desktop\project_1\project_1_work_vitis\project_1_work_app_system\_ide\scripts\debugger_project_1_work_app-default.tcl'
14:51:14 INFO  : Disconnected from the channel tcfchan#1.
17:28:36 DEBUG : Logs will be stored at 'C:/Users/trans/Desktop/project_1/project_1_work_vitis/IDE.log'.
17:28:37 INFO  : Launching XSCT server: xsct.bat -n  -interactive C:\Users\trans\Desktop\project_1\project_1_work_vitis\temp_xsdb_launch_script.tcl
17:28:42 INFO  : Registering command handlers for Vitis TCF services
17:28:43 INFO  : XSCT server has started successfully.
17:28:43 INFO  : Successfully done setting XSCT server connection channel  
17:28:44 INFO  : Platform repository initialization has completed.
17:28:48 INFO  : plnx-install-location is set to ''
17:28:48 INFO  : Successfully done setting workspace for the tool. 
17:28:48 INFO  : Successfully done query RDI_DATADIR 
17:29:05 INFO  : Connected to target on host '127.0.0.1' and port '3121'.
17:29:06 INFO  : Jtag cable 'Digilent Zybo Z7 210351B3FED4A' is selected.
17:29:06 INFO  : 'jtag frequency' command is executed.
17:29:06 INFO  : Context for 'APU' is selected.
17:29:07 INFO  : System reset is completed.
17:29:10 INFO  : 'after 3000' command is executed.
17:29:10 INFO  : 'targets -set -filter {jtag_cable_name =~ "Digilent Zybo Z7 210351B3FED4A" && level==0 && jtag_device_ctx=="jsn-Zybo Z7-210351B3FED4A-13722093-0"}' command is executed.
17:29:11 INFO  : Device configured successfully with "C:/Users/trans/Desktop/project_1/project_1_work_vitis/project_1_work_app/_ide/bitstream/design_1_DISPLAY_AGAIN_wrapper.bit"
17:29:11 INFO  : Context for 'APU' is selected.
17:29:11 INFO  : Hardware design and registers information is loaded from 'C:/Users/trans/Desktop/project_1/project_1_work_vitis/project_1_work_plat/export/project_1_work_plat/hw/design_1_DISPLAY_AGAIN_wrapper.xsa'.
17:29:11 INFO  : 'configparams force-mem-access 1' command is executed.
17:29:11 INFO  : Context for 'APU' is selected.
17:29:11 INFO  : Sourcing of 'C:/Users/trans/Desktop/project_1/project_1_work_vitis/project_1_work_app/_ide/psinit/ps7_init.tcl' is done.
17:29:12 INFO  : 'ps7_init' command is executed.
17:29:12 INFO  : 'ps7_post_config' command is executed.
17:29:12 INFO  : Context for processor 'ps7_cortexa9_0' is selected.
17:29:13 INFO  : The application 'C:/Users/trans/Desktop/project_1/project_1_work_vitis/project_1_work_app/Debug/project_1_work_app.elf' is downloaded to processor 'ps7_cortexa9_0'.
17:29:13 INFO  : 'configparams force-mem-access 0' command is executed.
17:29:13 INFO  : ----------------XSDB Script----------------
connect -url tcp:127.0.0.1:3121
targets -set -nocase -filter {name =~"APU*"}
rst -system
after 3000
targets -set -filter {jtag_cable_name =~ "Digilent Zybo Z7 210351B3FED4A" && level==0 && jtag_device_ctx=="jsn-Zybo Z7-210351B3FED4A-13722093-0"}
fpga -file C:/Users/trans/Desktop/project_1/project_1_work_vitis/project_1_work_app/_ide/bitstream/design_1_DISPLAY_AGAIN_wrapper.bit
targets -set -nocase -filter {name =~"APU*"}
loadhw -hw C:/Users/trans/Desktop/project_1/project_1_work_vitis/project_1_work_plat/export/project_1_work_plat/hw/design_1_DISPLAY_AGAIN_wrapper.xsa -mem-ranges [list {0x40000000 0xbfffffff}] -regs
configparams force-mem-access 1
targets -set -nocase -filter {name =~"APU*"}
source C:/Users/trans/Desktop/project_1/project_1_work_vitis/project_1_work_app/_ide/psinit/ps7_init.tcl
ps7_init
ps7_post_config
targets -set -nocase -filter {name =~ "*A9*#0"}
dow C:/Users/trans/Desktop/project_1/project_1_work_vitis/project_1_work_app/Debug/project_1_work_app.elf
configparams force-mem-access 0
----------------End of Script----------------

17:29:13 INFO  : Context for processor 'ps7_cortexa9_0' is selected.
17:29:13 INFO  : 'con' command is executed.
17:29:13 INFO  : ----------------XSDB Script (After Launch)----------------
targets -set -nocase -filter {name =~ "*A9*#0"}
con
----------------End of Script----------------

17:29:13 INFO  : Launch script is exported to file 'C:\Users\trans\Desktop\project_1\project_1_work_vitis\project_1_work_app_system\_ide\scripts\debugger_project_1_work_app-default.tcl'
18:21:57 INFO  : Disconnected from the channel tcfchan#1.
18:21:58 INFO  : Connected to target on host '127.0.0.1' and port '3121'.
18:21:59 INFO  : Jtag cable 'Digilent Zybo Z7 210351B3FED4A' is selected.
18:21:59 INFO  : 'jtag frequency' command is executed.
18:21:59 INFO  : Context for 'APU' is selected.
18:21:59 INFO  : System reset is completed.
18:22:02 INFO  : 'after 3000' command is executed.
18:22:02 INFO  : 'targets -set -filter {jtag_cable_name =~ "Digilent Zybo Z7 210351B3FED4A" && level==0 && jtag_device_ctx=="jsn-Zybo Z7-210351B3FED4A-13722093-0"}' command is executed.
18:22:04 INFO  : Device configured successfully with "C:/Users/trans/Desktop/project_1/project_1_work_vitis/project_1_work_app/_ide/bitstream/design_1_DISPLAY_AGAIN_wrapper.bit"
18:22:04 INFO  : Context for 'APU' is selected.
18:22:07 INFO  : Hardware design and registers information is loaded from 'C:/Users/trans/Desktop/project_1/project_1_work_vitis/project_1_work_plat/export/project_1_work_plat/hw/design_1_DISPLAY_AGAIN_wrapper.xsa'.
18:22:07 INFO  : 'configparams force-mem-access 1' command is executed.
18:22:07 INFO  : Context for 'APU' is selected.
18:22:07 INFO  : Sourcing of 'C:/Users/trans/Desktop/project_1/project_1_work_vitis/project_1_work_app/_ide/psinit/ps7_init.tcl' is done.
18:22:07 INFO  : 'ps7_init' command is executed.
18:22:07 INFO  : 'ps7_post_config' command is executed.
18:22:07 INFO  : Context for processor 'ps7_cortexa9_0' is selected.
18:22:08 INFO  : The application 'C:/Users/trans/Desktop/project_1/project_1_work_vitis/project_1_work_app/Debug/project_1_work_app.elf' is downloaded to processor 'ps7_cortexa9_0'.
18:22:08 INFO  : 'configparams force-mem-access 0' command is executed.
18:22:08 INFO  : ----------------XSDB Script----------------
connect -url tcp:127.0.0.1:3121
targets -set -nocase -filter {name =~"APU*"}
rst -system
after 3000
targets -set -filter {jtag_cable_name =~ "Digilent Zybo Z7 210351B3FED4A" && level==0 && jtag_device_ctx=="jsn-Zybo Z7-210351B3FED4A-13722093-0"}
fpga -file C:/Users/trans/Desktop/project_1/project_1_work_vitis/project_1_work_app/_ide/bitstream/design_1_DISPLAY_AGAIN_wrapper.bit
targets -set -nocase -filter {name =~"APU*"}
loadhw -hw C:/Users/trans/Desktop/project_1/project_1_work_vitis/project_1_work_plat/export/project_1_work_plat/hw/design_1_DISPLAY_AGAIN_wrapper.xsa -mem-ranges [list {0x40000000 0xbfffffff}] -regs
configparams force-mem-access 1
targets -set -nocase -filter {name =~"APU*"}
source C:/Users/trans/Desktop/project_1/project_1_work_vitis/project_1_work_app/_ide/psinit/ps7_init.tcl
ps7_init
ps7_post_config
targets -set -nocase -filter {name =~ "*A9*#0"}
dow C:/Users/trans/Desktop/project_1/project_1_work_vitis/project_1_work_app/Debug/project_1_work_app.elf
configparams force-mem-access 0
----------------End of Script----------------

18:22:08 INFO  : Context for processor 'ps7_cortexa9_0' is selected.
18:22:08 INFO  : 'con' command is executed.
18:22:08 INFO  : ----------------XSDB Script (After Launch)----------------
targets -set -nocase -filter {name =~ "*A9*#0"}
con
----------------End of Script----------------

18:22:08 INFO  : Launch script is exported to file 'C:\Users\trans\Desktop\project_1\project_1_work_vitis\project_1_work_app_system\_ide\scripts\debugger_project_1_work_app-default.tcl'
18:25:20 INFO  : Disconnected from the channel tcfchan#2.
18:14:46 DEBUG : Logs will be stored at 'C:/Users/trans/Desktop/project_1/project_1_work_vitis/IDE.log'.
18:14:47 INFO  : Launching XSCT server: xsct.bat -n  -interactive C:\Users\trans\Desktop\project_1\project_1_work_vitis\temp_xsdb_launch_script.tcl
18:14:51 INFO  : Registering command handlers for Vitis TCF services
18:14:53 INFO  : Platform repository initialization has completed.
18:14:53 INFO  : XSCT server has started successfully.
18:14:53 INFO  : plnx-install-location is set to ''
18:15:00 INFO  : Successfully done setting XSCT server connection channel  
18:15:00 INFO  : Successfully done query RDI_DATADIR 
18:15:00 INFO  : Successfully done setting workspace for the tool. 
